barangay,family_size,dependents_0_18,children_in_school,monthly_per_capita_income,household_status,income_class,pop_2024,pop_growth_2000_2024,pop_growth_2020_2024,four_ps_per_1k_pop,active_4ps_share,children_in_school_ratio,predicted_class
San Agustin,4,2,2,8133.33333333333,Graduated,High,26034,24.863309352517984,2.6779727864326563,8.873012214796036,86.71875,1.0,High
Nagkaisang Nayon,4,4,1,4000.0,Graduated,High,54477,41.13943727654283,1.2941373347464717,1.156451346439782,74.24242424242425,0.25,High
Nagkaisang Nayon,4,3,3,5174.16666666666,Graduated,High,54477,41.13943727654283,1.2941373347464717,1.156451346439782,74.24242424242425,1.0,High
Nagkaisang Nayon,8,3,3,2582.08333333333,Active,Middle,54477,41.13943727654283,1.2941373347464717,1.156451346439782,74.24242424242425,1.0,Low
Nagkaisang Nayon,8,3,2,1875.0,Active,Low,54477,41.13943727654283,1.2941373347464717,1.156451346439782,74.24242424242425,0.6666666666666666,Low
Nagkaisang Nayon,7,4,3,2495.71428571428,Active,Middle,54477,41.13943727654283,1.2941373347464717,1.156451346439782,74.24242424242425,0.75,Low
Nagkaisang Nayon,3,1,1,5572.22222222222,Active,High,54477,41.13943727654283,1.2941373347464717,1.156451346439782,74.24242424242425,1.0,Middle
Nagkaisang Nayon,5,2,2,6096.0,Delisted,High,54477,41.13943727654283,1.2941373347464717,1.156451346439782,74.24242424242425,1.0,Low
Nagkaisang Nayon,4,3,2,4029.16666666666,Graduated,High,54477,41.13943727654283,1.2941373347464717,1.156451346439782,74.24242424242425,0.6666666666666666,High
Nagkaisang Nayon,6,1,1,2658.33333333333,Delisted,Middle,54477,41.13943727654283,1.2941373347464717,1.156451346439782,74.24242424242425,1.0,Middle
Nagkaisang Nayon,6,1,1,3100.0,Active,Middle,54477,41.13943727654283,1.2941373347464717,1.156451346439782,74.24242424242425,1.0,Middle
Nagkaisang Nayon,4,1,1,3854.16666666666,Active,High,54477,41.13943727654283,1.2941373347464717,1.156451346439782,74.24242424242425,1.0,High
Santa Monica,3,2,2,2738.33333333333,Active,Middle,52203,90.8422899758719,0.7118879499942123,4.061069287205716,81.56424581005587,1.0,Low
Capri,3,1,0,2777.77777777777,Delisted,Middle,12940,10.466108929486087,0.2867550182128187,,84.23236514522821,0.0,Middle
Nagkaisang Nayon,4,2,2,2179.16666666666,Active,Low,54477,41.13943727654283,1.2941373347464717,1.156451346439782,74.24242424242425,1.0,Middle
Nagkaisang Nayon,8,3,3,2335.41666666666,Active,Middle,54477,41.13943727654283,1.2941373347464717,1.156451346439782,74.24242424242425,1.0,Low
Nagkaisang Nayon,4,2,2,3129.16666666666,Active,Middle,54477,41.13943727654283,1.2941373347464717,1.156451346439782,74.24242424242425,1.0,Middle
Nagkaisang Nayon,5,3,3,4500.0,Graduated,High,54477,41.13943727654283,1.2941373347464717,1.156451346439782,74.24242424242425,1.0,High
Nagkaisang Nayon,5,3,3,3387.33333333333,Graduated,High,54477,41.13943727654283,1.2941373347464717,1.156451346439782,74.24242424242425,1.0,High
Nagkaisang Nayon,5,4,2,1545.0,Active,Low,54477,41.13943727654283,1.2941373347464717,1.156451346439782,74.24242424242425,0.5,Low
Nagkaisang Nayon,5,3,3,2290.0,Active,Middle,54477,41.13943727654283,1.2941373347464717,1.156451346439782,74.24242424242425,1.0,Middle
Nagkaisang Nayon,5,3,3,4652.0,Graduated,High,54477,41.13943727654283,1.2941373347464717,1.156451346439782,74.24242424242425,1.0,High
Nagkaisang Nayon,5,1,1,6080.0,Delisted,High,54477,41.13943727654283,1.2941373347464717,1.156451346439782,74.24242424242425,1.0,Middle
Nagkaisang Nayon,5,3,3,4196.66666666666,Graduated,High,54477,41.13943727654283,1.2941373347464717,1.156451346439782,74.24242424242425,1.0,High
Nagkaisang Nayon,7,4,3,2842.85714285714,Active,Middle,54477,41.13943727654283,1.2941373347464717,1.156451346439782,74.24242424242425,0.75,Low
Nagkaisang Nayon,4,2,1,4200.0,Graduated,High,54477,41.13943727654283,1.2941373347464717,1.156451346439782,74.24242424242425,0.5,High
Nagkaisang Nayon,5,2,2,2220.0,Active,Middle,54477,41.13943727654283,1.2941373347464717,1.156451346439782,74.24242424242425,1.0,Middle
Nagkaisang Nayon,9,3,3,5809.25925925925,Graduated,High,54477,41.13943727654283,1.2941373347464717,1.156451346439782,74.24242424242425,1.0,High
San Bartolome,7,2,1,5179.28571428571,Graduated,High,51472,38.59658570736173,0.6334558536013138,1.3988187752564503,83.91608391608392,0.5,High
Santa Lucia,8,3,3,5995.0,Graduated,High,28974,54.742576372569964,2.690058479532164,7.24787740733071,82.38636363636364,1.0,High
Nagkaisang Nayon,5,4,2,4480.0,Graduated,High,54477,41.13943727654283,1.2941373347464717,1.156451346439782,74.24242424242425,0.5,High
Gulod,4,4,4,4275.0,Delisted,High,63651,36.28013531452062,1.773208403952544,4.917440417275455,85.99779492833517,1.0,High
Nagkaisang Nayon,6,3,2,2834.72222222222,Active,Middle,54477,41.13943727654283,1.2941373347464717,1.156451346439782,74.24242424242425,0.6666666666666666,Middle
Nagkaisang Nayon,7,3,3,2359.5238095238,Active,Middle,54477,41.13943727654283,1.2941373347464717,1.156451346439782,74.24242424242425,1.0,Low
Nagkaisang Nayon,4,1,1,2708.33333333333,Active,Middle,54477,41.13943727654283,1.2941373347464717,1.156451346439782,74.24242424242425,1.0,High
Nagkaisang Nayon,5,1,1,4680.0,Active,High,54477,41.13943727654283,1.2941373347464717,1.156451346439782,74.24242424242425,1.0,Middle
North Fairview,4,1,1,3604.16666666666,Delisted,High,47019,187.98309548600477,5.879571248423708,4.211063612582148,76.92307692307693,1.0,High
North Fairview,2,2,1,3616.66666666666,Active,High,47019,187.98309548600477,5.879571248423708,4.211063612582148,76.92307692307693,0.5,High
Nagkaisang Nayon,6,4,1,1491.66666666666,Active,Low,54477,41.13943727654283,1.2941373347464717,1.156451346439782,74.24242424242425,0.25,Low
Nagkaisang Nayon,4,2,1,7625.0,Active,High,54477,41.13943727654283,1.2941373347464717,1.156451346439782,74.24242424242425,0.5,High
Nagkaisang Nayon,5,3,3,4270.0,Delisted,High,54477,41.13943727654283,1.2941373347464717,1.156451346439782,74.24242424242425,1.0,Low
North Fairview,4,3,3,3275.0,Active,High,47019,187.98309548600477,5.879571248423708,4.211063612582148,76.92307692307693,1.0,Middle
Nagkaisang Nayon,6,2,1,5558.33333333333,Delisted,High,54477,41.13943727654283,1.2941373347464717,1.156451346439782,74.24242424242425,0.5,Middle
Nagkaisang Nayon,6,2,2,7311.66666666666,Graduated,High,54477,41.13943727654283,1.2941373347464717,1.156451346439782,74.24242424242425,1.0,High
Gulod,4,2,1,3337.5,Inactive,High,63651,36.28013531452062,1.773208403952544,4.917440417275455,85.99779492833517,0.5,High
Gulod,7,4,2,4650.0,Active,High,63651,36.28013531452062,1.773208403952544,4.917440417275455,85.99779492833517,0.5,Low
Nagkaisang Nayon,9,2,2,3912.59259259259,Active,High,54477,41.13943727654283,1.2941373347464717,1.156451346439782,74.24242424242425,1.0,High
Kaligayahan,5,2,2,5510.0,Graduated,High,62132,109.99053670406921,2.762065429525983,3.2189531964205242,72.42524916943522,1.0,High
Kaligayahan,8,3,3,3585.41666666666,Graduated,High,62132,109.99053670406921,2.762065429525983,3.2189531964205242,72.42524916943522,1.0,High
Kaligayahan,7,2,2,4821.42857142857,Graduated,High,62132,109.99053670406921,2.762065429525983,3.2189531964205242,72.42524916943522,1.0,High
Kaligayahan,5,3,3,3156.66666666666,Graduated,High,62132,109.99053670406921,2.762065429525983,3.2189531964205242,72.42524916943522,1.0,High
Kaligayahan,3,2,1,5538.88888888889,Graduated,High,62132,109.99053670406921,2.762065429525983,3.2189531964205242,72.42524916943522,0.5,High
Kaligayahan,5,3,2,1540.0,Active,Low,62132,109.99053670406921,2.762065429525983,3.2189531964205242,72.42524916943522,0.6666666666666666,Low
Kaligayahan,4,2,2,1945.83333333333,Active,Low,62132,109.99053670406921,2.762065429525983,3.2189531964205242,72.42524916943522,1.0,High
Kaligayahan,3,1,1,5905.55555555555,Graduated,High,62132,109.99053670406921,2.762065429525983,3.2189531964205242,72.42524916943522,1.0,High
Kaligayahan,6,2,2,3691.66666666666,Graduated,High,62132,109.99053670406921,2.762065429525983,3.2189531964205242,72.42524916943522,1.0,High
Kaligayahan,4,2,2,3170.83333333333,Graduated,High,62132,109.99053670406921,2.762065429525983,3.2189531964205242,72.42524916943522,1.0,High
Kaligayahan,4,1,1,3174.0,Active,High,62132,109.99053670406921,2.762065429525983,3.2189531964205242,72.42524916943522,1.0,High
Gulod,3,2,2,2222.22222222222,Active,Middle,63651,36.28013531452062,1.773208403952544,4.917440417275455,85.99779492833517,1.0,High
Nagkaisang Nayon,4,2,2,6095.83333333333,Graduated,High,54477,41.13943727654283,1.2941373347464717,1.156451346439782,74.24242424242425,1.0,High
Nagkaisang Nayon,6,2,1,6811.11111111111,Graduated,High,54477,41.13943727654283,1.2941373347464717,1.156451346439782,74.24242424242425,0.5,High
Nagkaisang Nayon,3,1,0,6640.0,Graduated,High,54477,41.13943727654283,1.2941373347464717,1.156451346439782,74.24242424242425,0.0,High
Nagkaisang Nayon,5,3,2,4206.66666666666,Graduated,High,54477,41.13943727654283,1.2941373347464717,1.156451346439782,74.24242424242425,0.6666666666666666,High
Nagkaisang Nayon,8,2,2,5297.5,Graduated,High,54477,41.13943727654283,1.2941373347464717,1.156451346439782,74.24242424242425,1.0,High
North Fairview,3,1,1,5777.77777777777,Graduated,High,47019,187.98309548600477,5.879571248423708,4.211063612582148,76.92307692307693,1.0,High
North Fairview,3,1,1,17000.0,Graduated,High,47019,187.98309548600477,5.879571248423708,4.211063612582148,76.92307692307693,1.0,High
Santa Monica,2,1,0,1850.0,Active,Low,52203,90.8422899758719,0.7118879499942123,4.061069287205716,81.56424581005587,0.0,Low
North Fairview,3,1,1,10000.0,Graduated,High,47019,187.98309548600477,5.879571248423708,4.211063612582148,76.92307692307693,1.0,High
North Fairview,4,1,1,14000.0,Graduated,High,47019,187.98309548600477,5.879571248423708,4.211063612582148,76.92307692307693,1.0,High
North Fairview,3,1,1,13666.6666666666,Graduated,High,47019,187.98309548600477,5.879571248423708,4.211063612582148,76.92307692307693,1.0,High
Gulod,2,1,1,275.0,Active,Low,63651,36.28013531452062,1.773208403952544,4.917440417275455,85.99779492833517,1.0,High
Gulod,4,2,2,3031.66666666666,Active,Middle,63651,36.28013531452062,1.773208403952544,4.917440417275455,85.99779492833517,1.0,High
Gulod,5,3,2,3003.33333333333,Active,Middle,63651,36.28013531452062,1.773208403952544,4.917440417275455,85.99779492833517,0.6666666666666666,High
Gulod,5,2,2,5010.0,Graduated,High,63651,36.28013531452062,1.773208403952544,4.917440417275455,85.99779492833517,1.0,High
Pasong Putik Proper,3,1,1,2550.0,Active,Middle,40919,96.68813689675062,2.5641668337677963,3.690217258486278,79.58477508650519,1.0,Middle
Kaligayahan,5,2,2,4283.33333333333,Graduated,High,62132,109.99053670406921,2.762065429525983,3.2189531964205242,72.42524916943522,1.0,High
Kaligayahan,4,2,2,4129.16666666666,Active,High,62132,109.99053670406921,2.762065429525983,3.2189531964205242,72.42524916943522,1.0,High
Kaligayahan,5,1,1,4110.0,Active,High,62132,109.99053670406921,2.762065429525983,3.2189531964205242,72.42524916943522,1.0,High
Kaligayahan,6,3,3,1861.11111111111,Delisted,Low,62132,109.99053670406921,2.762065429525983,3.2189531964205242,72.42524916943522,1.0,Low
Nagkaisang Nayon,5,2,1,1590.0,Active,Low,54477,41.13943727654283,1.2941373347464717,1.156451346439782,74.24242424242425,0.5,Low
Gulod,3,1,1,4516.66666666666,Active,High,63651,36.28013531452062,1.773208403952544,4.917440417275455,85.99779492833517,1.0,High
Gulod,4,2,1,2906.66666666666,Active,Middle,63651,36.28013531452062,1.773208403952544,4.917440417275455,85.99779492833517,0.5,High
Gulod,7,2,2,4421.90476190476,Active,High,63651,36.28013531452062,1.773208403952544,4.917440417275455,85.99779492833517,1.0,Middle
Nagkaisang Nayon,5,4,3,2176.66666666666,Active,Low,54477,41.13943727654283,1.2941373347464717,1.156451346439782,74.24242424242425,0.75,Low
Gulod,5,1,1,3464.0,Active,High,63651,36.28013531452062,1.773208403952544,4.917440417275455,85.99779492833517,1.0,High
Gulod,4,2,2,1966.66666666666,Active,Low,63651,36.28013531452062,1.773208403952544,4.917440417275455,85.99779492833517,1.0,High
Nagkaisang Nayon,7,4,3,1509.5238095238,Active,Low,54477,41.13943727654283,1.2941373347464717,1.156451346439782,74.24242424242425,0.75,Low
San Agustin,6,4,3,2125.0,Active,Low,26034,24.863309352517984,2.6779727864326563,8.873012214796036,86.71875,0.75,Low
San Agustin,4,1,1,6154.16666666666,Active,High,26034,24.863309352517984,2.6779727864326563,8.873012214796036,86.71875,1.0,High
Gulod,5,2,0,8200.66666666666,Graduated,High,63651,36.28013531452062,1.773208403952544,4.917440417275455,85.99779492833517,0.0,High
San Agustin,5,3,3,4943.33333333333,Active,High,26034,24.863309352517984,2.6779727864326563,8.873012214796036,86.71875,1.0,Middle
Gulod,3,2,2,10100.0,Graduated,High,63651,36.28013531452062,1.773208403952544,4.917440417275455,85.99779492833517,1.0,High
Gulod,5,1,1,993.333333333333,Active,Low,63651,36.28013531452062,1.773208403952544,4.917440417275455,85.99779492833517,1.0,High
Gulod,5,3,3,3156.66666666666,Active,High,63651,36.28013531452062,1.773208403952544,4.917440417275455,85.99779492833517,1.0,Middle
Gulod,4,3,2,4366.66666666666,Active,High,63651,36.28013531452062,1.773208403952544,4.917440417275455,85.99779492833517,0.6666666666666666,High
Gulod,6,1,1,9565.0,Graduated,High,63651,36.28013531452062,1.773208403952544,4.917440417275455,85.99779492833517,1.0,High
Gulod,4,2,1,8510.0,Active,High,63651,36.28013531452062,1.773208403952544,4.917440417275455,85.99779492833517,0.5,High
Gulod,5,2,1,2670.0,Active,Middle,63651,36.28013531452062,1.773208403952544,4.917440417275455,85.99779492833517,0.5,Low
San Agustin,5,1,0,5200.0,Delisted,High,26034,24.863309352517984,2.6779727864326563,8.873012214796036,86.71875,0.0,High
San Agustin,8,2,2,1972.91666666666,Active,Low,26034,24.863309352517984,2.6779727864326563,8.873012214796036,86.71875,1.0,Low
San Agustin,6,3,2,5166.66666666666,Graduated,High,26034,24.863309352517984,2.6779727864326563,8.873012214796036,86.71875,0.6666666666666666,High
San Agustin,4,1,1,2387.5,Active,Middle,26034,24.863309352517984,2.6779727864326563,8.873012214796036,86.71875,1.0,High
San Agustin,5,3,3,3756.66666666666,Active,High,26034,24.863309352517984,2.6779727864326563,8.873012214796036,86.71875,1.0,Middle
San Agustin,5,1,0,5000.0,Delisted,High,26034,24.863309352517984,2.6779727864326563,8.873012214796036,86.71875,0.0,High
San Agustin,8,2,1,1931.25,Active,Low,26034,24.863309352517984,2.6779727864326563,8.873012214796036,86.71875,0.5,Low
San Agustin,2,1,1,2500.0,Delisted,Middle,26034,24.863309352517984,2.6779727864326563,8.873012214796036,86.71875,1.0,Middle
Santa Monica,4,3,3,2558.33333333333,Active,Middle,52203,90.8422899758719,0.7118879499942123,4.061069287205716,81.56424581005587,1.0,Low
Santa Monica,5,3,3,1980.0,Active,Low,52203,90.8422899758719,0.7118879499942123,4.061069287205716,81.56424581005587,1.0,Low
San Agustin,5,3,2,6053.33333333333,Active,High,26034,24.863309352517984,2.6779727864326563,8.873012214796036,86.71875,0.6666666666666666,High
San Agustin,6,2,1,3797.22222222222,Active,High,26034,24.863309352517984,2.6779727864326563,8.873012214796036,86.71875,0.5,Low
San Agustin,5,1,1,6123.33333333333,Active,High,26034,24.863309352517984,2.6779727864326563,8.873012214796036,86.71875,1.0,High
San Agustin,5,2,2,6923.33333333333,Graduated,High,26034,24.863309352517984,2.6779727864326563,8.873012214796036,86.71875,1.0,High
San Agustin,5,3,3,3756.66666666666,Active,High,26034,24.863309352517984,2.6779727864326563,8.873012214796036,86.71875,1.0,Middle
San Agustin,4,2,2,3106.25,Active,Middle,26034,24.863309352517984,2.6779727864326563,8.873012214796036,86.71875,1.0,High
San Agustin,7,3,3,2540.47619047619,Active,Middle,26034,24.863309352517984,2.6779727864326563,8.873012214796036,86.71875,1.0,Middle
Nagkaisang Nayon,5,1,1,4110.0,Active,High,54477,41.13943727654283,1.2941373347464717,1.156451346439782,74.24242424242425,1.0,Middle
Nagkaisang Nayon,6,3,3,2602.77777777777,Active,Middle,54477,41.13943727654283,1.2941373347464717,1.156451346439782,74.24242424242425,1.0,Middle
Nagkaisang Nayon,6,2,1,2575.0,Active,Middle,54477,41.13943727654283,1.2941373347464717,1.156451346439782,74.24242424242425,0.5,Low
Nagkaisang Nayon,5,2,2,2106.66666666666,Active,Low,54477,41.13943727654283,1.2941373347464717,1.156451346439782,74.24242424242425,1.0,Middle
Kaligayahan,5,3,2,1743.33333333333,Active,Low,62132,109.99053670406921,2.762065429525983,3.2189531964205242,72.42524916943522,0.6666666666666666,Low
Kaligayahan,4,1,1,4654.16666666666,Graduated,High,62132,109.99053670406921,2.762065429525983,3.2189531964205242,72.42524916943522,1.0,High
Kaligayahan,4,2,2,2487.5,Active,Middle,62132,109.99053670406921,2.762065429525983,3.2189531964205242,72.42524916943522,1.0,High
Kaligayahan,4,1,1,6862.5,Active,High,62132,109.99053670406921,2.762065429525983,3.2189531964205242,72.42524916943522,1.0,High
Kaligayahan,5,2,1,4723.33333333333,Graduated,High,62132,109.99053670406921,2.762065429525983,3.2189531964205242,72.42524916943522,0.5,High
Kaligayahan,6,1,1,4436.11111111111,Graduated,High,62132,109.99053670406921,2.762065429525983,3.2189531964205242,72.42524916943522,1.0,High
Kaligayahan,6,4,4,2797.22222222222,Active,Middle,62132,109.99053670406921,2.762065429525983,3.2189531964205242,72.42524916943522,1.0,Middle
Kaligayahan,3,3,3,5205.55555555555,Active,High,62132,109.99053670406921,2.762065429525983,3.2189531964205242,72.42524916943522,1.0,High
Kaligayahan,7,1,1,5976.19047619047,Graduated,High,62132,109.99053670406921,2.762065429525983,3.2189531964205242,72.42524916943522,1.0,High
Gulod,4,2,2,6400.83333333333,Active,High,63651,36.28013531452062,1.773208403952544,4.917440417275455,85.99779492833517,1.0,High
Gulod,5,2,1,1616.66666666666,Active,Low,63651,36.28013531452062,1.773208403952544,4.917440417275455,85.99779492833517,0.5,Low
Gulod,4,1,0,4029.16666666666,Active,High,63651,36.28013531452062,1.773208403952544,4.917440417275455,85.99779492833517,0.0,Low
Gulod,2,1,1,1541.66666666666,Active,Low,63651,36.28013531452062,1.773208403952544,4.917440417275455,85.99779492833517,1.0,High
Gulod,6,2,1,3103.33333333333,Active,Middle,63651,36.28013531452062,1.773208403952544,4.917440417275455,85.99779492833517,0.5,Low
Nagkaisang Nayon,5,3,1,2390.0,Active,Middle,54477,41.13943727654283,1.2941373347464717,1.156451346439782,74.24242424242425,0.3333333333333333,Middle
Nagkaisang Nayon,4,3,2,2370.83333333333,Active,Middle,54477,41.13943727654283,1.2941373347464717,1.156451346439782,74.24242424242425,0.6666666666666666,Middle
Nagkaisang Nayon,5,3,3,4104.33333333333,Active,High,54477,41.13943727654283,1.2941373347464717,1.156451346439782,74.24242424242425,1.0,Middle
Nagkaisang Nayon,4,2,2,4432.5,Active,High,54477,41.13943727654283,1.2941373347464717,1.156451346439782,74.24242424242425,1.0,Middle
Nagkaisang Nayon,5,2,2,5905.33333333333,Active,High,54477,41.13943727654283,1.2941373347464717,1.156451346439782,74.24242424242425,1.0,Middle
Nagkaisang Nayon,8,5,5,2339.58333333333,Active,Middle,54477,41.13943727654283,1.2941373347464717,1.156451346439782,74.24242424242425,1.0,Middle
Nagkaisang Nayon,5,3,2,2246.66666666666,Active,Middle,54477,41.13943727654283,1.2941373347464717,1.156451346439782,74.24242424242425,0.6666666666666666,Middle
Nagkaisang Nayon,9,4,4,4782.59259259259,Active,High,54477,41.13943727654283,1.2941373347464717,1.156451346439782,74.24242424242425,1.0,High
Santa Monica,8,4,2,1070.83333333333,Active,Low,52203,90.8422899758719,0.7118879499942123,4.061069287205716,81.56424581005587,0.5,Low
Santa Monica,5,2,2,3260.0,Active,High,52203,90.8422899758719,0.7118879499942123,4.061069287205716,81.56424581005587,1.0,Low
Santa Monica,4,2,2,5558.33333333333,Active,High,52203,90.8422899758719,0.7118879499942123,4.061069287205716,81.56424581005587,1.0,Low
Santa Monica,2,2,1,1633.33333333333,Active,Low,52203,90.8422899758719,0.7118879499942123,4.061069287205716,81.56424581005587,0.5,Low
Santa Monica,4,2,2,3708.33333333333,Delisted,High,52203,90.8422899758719,0.7118879499942123,4.061069287205716,81.56424581005587,1.0,Low
Santa Monica,6,1,1,2833.33333333333,Active,Middle,52203,90.8422899758719,0.7118879499942123,4.061069287205716,81.56424581005587,1.0,Low
Santa Monica,5,2,2,2473.33333333333,Active,Middle,52203,90.8422899758719,0.7118879499942123,4.061069287205716,81.56424581005587,1.0,Low
Santa Monica,5,2,2,973.333333333333,Delisted,Low,52203,90.8422899758719,0.7118879499942123,4.061069287205716,81.56424581005587,1.0,Low
Santa Monica,4,2,2,2433.33333333333,Active,Middle,52203,90.8422899758719,0.7118879499942123,4.061069287205716,81.56424581005587,1.0,Low
Santa Monica,5,2,2,713.333333333333,Active,Low,52203,90.8422899758719,0.7118879499942123,4.061069287205716,81.56424581005587,1.0,Low
Santa Monica,3,1,1,894.444444444444,Active,Low,52203,90.8422899758719,0.7118879499942123,4.061069287205716,81.56424581005587,1.0,Low
Gulod,6,6,5,1541.66666666666,Active,Low,63651,36.28013531452062,1.773208403952544,4.917440417275455,85.99779492833517,0.8333333333333334,Low
Gulod,5,3,3,3710.66666666666,Active,High,63651,36.28013531452062,1.773208403952544,4.917440417275455,85.99779492833517,1.0,Middle
Bagbag,5,3,3,4930.0,Active,High,66268,70.79821644887755,2.497950597806753,4.783605963662703,85.5813953488372,1.0,Middle
Novaliches Proper,8,2,2,7055.83333333333,Graduated,High,16096,33.267097201523434,4.059994828032066,30.318091451292243,80.2919708029197,1.0,High
Bagbag,9,3,2,3044.44444444444,Active,Middle,66268,70.79821644887755,2.497950597806753,4.783605963662703,85.5813953488372,0.6666666666666666,Middle
Bagbag,8,2,2,6143.75,Active,High,66268,70.79821644887755,2.497950597806753,4.783605963662703,85.5813953488372,1.0,Middle
Novaliches Proper,6,3,1,1469.44444444444,Active,Low,16096,33.267097201523434,4.059994828032066,30.318091451292243,80.2919708029197,0.3333333333333333,Low
Capri,6,2,2,5566.66666666666,Active,High,12940,10.466108929486087,0.2867550182128187,,84.23236514522821,1.0,Low
Bagbag,8,1,1,2194.79166666666,Active,Middle,66268,70.79821644887755,2.497950597806753,4.783605963662703,85.5813953488372,1.0,High
Bagbag,7,2,2,3688.09523809523,Active,High,66268,70.79821644887755,2.497950597806753,4.783605963662703,85.5813953488372,1.0,Middle
Bagbag,6,2,2,1295.83333333333,Delisted,Low,66268,70.79821644887755,2.497950597806753,4.783605963662703,85.5813953488372,1.0,Low
Gulod,5,2,2,8674.66666666666,Active,High,63651,36.28013531452062,1.773208403952544,4.917440417275455,85.99779492833517,1.0,High
Gulod,6,2,0,4888.88888888888,Graduated,High,63651,36.28013531452062,1.773208403952544,4.917440417275455,85.99779492833517,0.0,High
Gulod,4,4,2,2466.66666666666,Active,Middle,63651,36.28013531452062,1.773208403952544,4.917440417275455,85.99779492833517,0.5,Middle
Gulod,2,1,0,2075.0,Active,Low,63651,36.28013531452062,1.773208403952544,4.917440417275455,85.99779492833517,0.0,Low
Gulod,4,3,2,2925.0,Active,Middle,63651,36.28013531452062,1.773208403952544,4.917440417275455,85.99779492833517,0.6666666666666666,High
Gulod,4,1,1,4275.83333333333,Active,High,63651,36.28013531452062,1.773208403952544,4.917440417275455,85.99779492833517,1.0,High
Santa Lucia,5,2,2,3891.66666666666,Active,High,28974,54.742576372569964,2.690058479532164,7.24787740733071,82.38636363636364,1.0,High
Gulod,5,3,3,2776.66666666666,Active,Middle,63651,36.28013531452062,1.773208403952544,4.917440417275455,85.99779492833517,1.0,Middle
Santa Lucia,5,2,0,2600.0,Inactive,Middle,28974,54.742576372569964,2.690058479532164,7.24787740733071,82.38636363636364,0.0,Middle
Gulod,4,1,0,2091.66666666666,Active,Low,63651,36.28013531452062,1.773208403952544,4.917440417275455,85.99779492833517,0.0,Low
Gulod,5,3,3,9820.66666666666,Active,High,63651,36.28013531452062,1.773208403952544,4.917440417275455,85.99779492833517,1.0,Middle
Bagbag,5,2,2,3758.33333333333,Active,High,66268,70.79821644887755,2.497950597806753,4.783605963662703,85.5813953488372,1.0,High
Bagbag,5,5,4,3711.66666666666,Active,High,66268,70.79821644887755,2.497950597806753,4.783605963662703,85.5813953488372,0.8,High
Nagkaisang Nayon,5,1,1,9053.33333333333,Graduated,High,54477,41.13943727654283,1.2941373347464717,1.156451346439782,74.24242424242425,1.0,High
Novaliches Proper,5,2,1,4578.33333333333,Active,High,16096,33.267097201523434,4.059994828032066,30.318091451292243,80.2919708029197,0.5,Low
Novaliches Proper,8,3,2,2187.5,Active,Low,16096,33.267097201523434,4.059994828032066,30.318091451292243,80.2919708029197,0.6666666666666666,Low
Novaliches Proper,7,3,3,2566.66666666666,Active,Middle,16096,33.267097201523434,4.059994828032066,30.318091451292243,80.2919708029197,1.0,Low
San Agustin,2,2,0,6225.0,Inactive,High,26034,24.863309352517984,2.6779727864326563,8.873012214796036,86.71875,0.0,High
San Agustin,6,3,3,2630.55555555555,Active,Middle,26034,24.863309352517984,2.6779727864326563,8.873012214796036,86.71875,1.0,Middle
Nagkaisang Nayon,4,1,0,5112.5,Active,High,54477,41.13943727654283,1.2941373347464717,1.156451346439782,74.24242424242425,0.0,High
Novaliches Proper,7,2,2,5766.66666666666,Active,High,16096,33.267097201523434,4.059994828032066,30.318091451292243,80.2919708029197,1.0,Low
Nagkaisang Nayon,8,2,2,1500.0,Delisted,Low,54477,41.13943727654283,1.2941373347464717,1.156451346439782,74.24242424242425,1.0,Low
Nagkaisang Nayon,5,2,2,4190.0,Active,High,54477,41.13943727654283,1.2941373347464717,1.156451346439782,74.24242424242425,1.0,Middle
Novaliches Proper,4,2,2,3600.0,Graduated,High,16096,33.267097201523434,4.059994828032066,30.318091451292243,80.2919708029197,1.0,High
Nagkaisang Nayon,5,3,3,3130.0,Active,Middle,54477,41.13943727654283,1.2941373347464717,1.156451346439782,74.24242424242425,1.0,Middle
Novaliches Proper,5,3,2,3880.66666666666,Active,High,16096,33.267097201523434,4.059994828032066,30.318091451292243,80.2919708029197,0.6666666666666666,Low
Nagkaisang Nayon,5,2,2,5728.33333333333,Active,High,54477,41.13943727654283,1.2941373347464717,1.156451346439782,74.24242424242425,1.0,Middle
Santa Lucia,5,1,1,5020.0,Delisted,High,28974,54.742576372569964,2.690058479532164,7.24787740733071,82.38636363636364,1.0,High
Santa Lucia,8,3,2,2460.41666666666,Active,Middle,28974,54.742576372569964,2.690058479532164,7.24787740733071,82.38636363636364,0.6666666666666666,Middle
Santa Lucia,3,1,1,8919.44444444444,Graduated,High,28974,54.742576372569964,2.690058479532164,7.24787740733071,82.38636363636364,1.0,High
Nagkaisang Nayon,7,2,2,3992.85714285714,Active,High,54477,41.13943727654283,1.2941373347464717,1.156451346439782,74.24242424242425,1.0,Middle
Santa Lucia,5,3,2,3420.0,Active,High,28974,54.742576372569964,2.690058479532164,7.24787740733071,82.38636363636364,0.6666666666666666,High
Nagkaisang Nayon,8,2,2,4443.75,Active,High,54477,41.13943727654283,1.2941373347464717,1.156451346439782,74.24242424242425,1.0,Low
Santa Lucia,6,3,3,4197.22222222222,Active,High,28974,54.742576372569964,2.690058479532164,7.24787740733071,82.38636363636364,1.0,High
Santa Lucia,5,1,1,8806.0,Graduated,High,28974,54.742576372569964,2.690058479532164,7.24787740733071,82.38636363636364,1.0,High
Santa Lucia,5,1,1,3936.66666666666,Active,High,28974,54.742576372569964,2.690058479532164,7.24787740733071,82.38636363636364,1.0,High
Santa Lucia,5,3,3,7183.33333333333,Active,High,28974,54.742576372569964,2.690058479532164,7.24787740733071,82.38636363636364,1.0,High
Bagbag,6,5,5,4463.88888888888,Active,High,66268,70.79821644887755,2.497950597806753,4.783605963662703,85.5813953488372,1.0,Middle
Bagbag,6,2,2,4602.77777777777,Delisted,High,66268,70.79821644887755,2.497950597806753,4.783605963662703,85.5813953488372,1.0,Low
Bagbag,6,3,3,3415.27777777777,Active,High,66268,70.79821644887755,2.497950597806753,4.783605963662703,85.5813953488372,1.0,Middle
Santa Monica,4,2,2,2250.0,Active,Middle,52203,90.8422899758719,0.7118879499942123,4.061069287205716,81.56424581005587,1.0,Low
Santa Monica,5,2,2,3200.0,Active,High,52203,90.8422899758719,0.7118879499942123,4.061069287205716,81.56424581005587,1.0,Low
Santa Monica,4,1,1,3250.0,Active,High,52203,90.8422899758719,0.7118879499942123,4.061069287205716,81.56424581005587,1.0,Low
Santa Monica,5,3,3,1086.66666666666,Active,Low,52203,90.8422899758719,0.7118879499942123,4.061069287205716,81.56424581005587,1.0,Low
Bagbag,7,4,3,4516.66666666666,Active,High,66268,70.79821644887755,2.497950597806753,4.783605963662703,85.5813953488372,0.75,Middle
Bagbag,5,2,2,5090.0,Active,High,66268,70.79821644887755,2.497950597806753,4.783605963662703,85.5813953488372,1.0,High
Bagbag,4,1,1,5706.25,Active,High,66268,70.79821644887755,2.497950597806753,4.783605963662703,85.5813953488372,1.0,High
Bagbag,4,2,2,5412.5,Active,High,66268,70.79821644887755,2.497950597806753,4.783605963662703,85.5813953488372,1.0,High
Bagbag,6,1,1,2015.27777777777,Active,Low,66268,70.79821644887755,2.497950597806753,4.783605963662703,85.5813953488372,1.0,High
Bagbag,6,2,2,2891.66666666666,Active,Middle,66268,70.79821644887755,2.497950597806753,4.783605963662703,85.5813953488372,1.0,Low
Bagbag,4,1,1,2962.5,Active,Middle,66268,70.79821644887755,2.497950597806753,4.783605963662703,85.5813953488372,1.0,High
Santa Monica,7,1,1,4714.28571428571,Graduated,High,52203,90.8422899758719,0.7118879499942123,4.061069287205716,81.56424581005587,1.0,High
Bagbag,2,2,0,4933.33333333333,Inactive,High,66268,70.79821644887755,2.497950597806753,4.783605963662703,85.5813953488372,0.0,High
Nagkaisang Nayon,6,1,1,4730.55555555555,Active,High,54477,41.13943727654283,1.2941373347464717,1.156451346439782,74.24242424242425,1.0,Middle
Bagbag,4,2,2,2125.0,Active,Low,66268,70.79821644887755,2.497950597806753,4.783605963662703,85.5813953488372,1.0,High
Bagbag,5,3,2,3136.66666666666,Active,Middle,66268,70.79821644887755,2.497950597806753,4.783605963662703,85.5813953488372,0.6666666666666666,Middle
Bagbag,5,2,2,3180.0,Active,High,66268,70.79821644887755,2.497950597806753,4.783605963662703,85.5813953488372,1.0,High
Santa Monica,5,1,0,5600.0,Graduated,High,52203,90.8422899758719,0.7118879499942123,4.061069287205716,81.56424581005587,0.0,High
Bagbag,4,2,2,2387.5,Active,Middle,66268,70.79821644887755,2.497950597806753,4.783605963662703,85.5813953488372,1.0,High
Bagbag,6,1,1,6752.77777777777,Active,High,66268,70.79821644887755,2.497950597806753,4.783605963662703,85.5813953488372,1.0,High
Bagbag,4,3,3,4870.83333333333,Active,High,66268,70.79821644887755,2.497950597806753,4.783605963662703,85.5813953488372,1.0,High
Nagkaisang Nayon,4,4,3,5945.83333333333,Active,High,54477,41.13943727654283,1.2941373347464717,1.156451346439782,74.24242424242425,0.75,Low
Santa Lucia,3,2,1,12826.6666666666,Graduated,High,28974,54.742576372569964,2.690058479532164,7.24787740733071,82.38636363636364,0.5,High
Nagkaisang Nayon,5,3,3,2143.33333333333,Active,Low,54477,41.13943727654283,1.2941373347464717,1.156451346439782,74.24242424242425,1.0,Middle
Nagkaisang Nayon,6,2,2,3936.11111111111,Active,High,54477,41.13943727654283,1.2941373347464717,1.156451346439782,74.24242424242425,1.0,Low
Santa Monica,5,2,2,3920.0,Graduated,High,52203,90.8422899758719,0.7118879499942123,4.061069287205716,81.56424581005587,1.0,High
Santa Lucia,6,2,2,5475.0,Graduated,High,28974,54.742576372569964,2.690058479532164,7.24787740733071,82.38636363636364,1.0,High
Nagkaisang Nayon,5,3,3,2000.0,Active,Low,54477,41.13943727654283,1.2941373347464717,1.156451346439782,74.24242424242425,1.0,Middle
Santa Lucia,7,2,1,5178.57142857142,Active,High,28974,54.742576372569964,2.690058479532164,7.24787740733071,82.38636363636364,0.5,High
Santa Lucia,5,3,3,5247.33333333333,Active,High,28974,54.742576372569964,2.690058479532164,7.24787740733071,82.38636363636364,1.0,High
Santa Lucia,5,1,1,4583.33333333333,Graduated,High,28974,54.742576372569964,2.690058479532164,7.24787740733071,82.38636363636364,1.0,High
Santa Lucia,5,2,2,4173.33333333333,Active,High,28974,54.742576372569964,2.690058479532164,7.24787740733071,82.38636363636364,1.0,High
Santa Lucia,4,2,2,8212.5,Graduated,High,28974,54.742576372569964,2.690058479532164,7.24787740733071,82.38636363636364,1.0,High
Santa Lucia,5,3,1,3376.66666666666,Active,High,28974,54.742576372569964,2.690058479532164,7.24787740733071,82.38636363636364,0.3333333333333333,Middle
Santa Lucia,4,1,1,8697.91666666666,Graduated,High,28974,54.742576372569964,2.690058479532164,7.24787740733071,82.38636363636364,1.0,High
Santa Lucia,8,3,3,5066.66666666666,Active,High,28974,54.742576372569964,2.690058479532164,7.24787740733071,82.38636363636364,1.0,High
Santa Monica,5,2,2,680.0,Active,Low,52203,90.8422899758719,0.7118879499942123,4.061069287205716,81.56424581005587,1.0,Low
Santa Monica,6,3,2,1108.33333333333,Active,Low,52203,90.8422899758719,0.7118879499942123,4.061069287205716,81.56424581005587,0.6666666666666666,Low
Santa Monica,5,1,1,1080.0,Active,Low,52203,90.8422899758719,0.7118879499942123,4.061069287205716,81.56424581005587,1.0,Low
Santa Monica,7,1,1,961.904761904761,Active,Low,52203,90.8422899758719,0.7118879499942123,4.061069287205716,81.56424581005587,1.0,Low
Gulod,4,2,2,1141.66666666666,Active,Low,63651,36.28013531452062,1.773208403952544,4.917440417275455,85.99779492833517,1.0,High
Santa Monica,5,2,1,1613.33333333333,Active,Low,52203,90.8422899758719,0.7118879499942123,4.061069287205716,81.56424581005587,0.5,Low
Santa Monica,5,2,2,1280.0,Active,Low,52203,90.8422899758719,0.7118879499942123,4.061069287205716,81.56424581005587,1.0,Low
Santa Monica,3,2,2,1688.88888888888,Active,Low,52203,90.8422899758719,0.7118879499942123,4.061069287205716,81.56424581005587,1.0,Low
Santa Monica,3,3,3,1133.33333333333,Active,Low,52203,90.8422899758719,0.7118879499942123,4.061069287205716,81.56424581005587,1.0,Low
Santa Monica,9,7,4,637.037037037037,Active,Low,52203,90.8422899758719,0.7118879499942123,4.061069287205716,81.56424581005587,0.5714285714285714,Low
Santa Monica,4,2,2,1162.5,Active,Low,52203,90.8422899758719,0.7118879499942123,4.061069287205716,81.56424581005587,1.0,Low
Santa Monica,5,2,1,1846.66666666666,Active,Low,52203,90.8422899758719,0.7118879499942123,4.061069287205716,81.56424581005587,0.5,Low
Santa Monica,4,2,2,1527.08333333333,Active,Low,52203,90.8422899758719,0.7118879499942123,4.061069287205716,81.56424581005587,1.0,Low
Santa Monica,7,4,3,859.523809523809,Active,Low,52203,90.8422899758719,0.7118879499942123,4.061069287205716,81.56424581005587,0.75,Low
Santa Monica,3,2,2,1800.0,Active,Low,52203,90.8422899758719,0.7118879499942123,4.061069287205716,81.56424581005587,1.0,Low
Santa Monica,4,2,2,1850.0,Delisted,Low,52203,90.8422899758719,0.7118879499942123,4.061069287205716,81.56424581005587,1.0,Low
Santa Monica,3,2,2,2522.22222222222,Active,Middle,52203,90.8422899758719,0.7118879499942123,4.061069287205716,81.56424581005587,1.0,Low
Santa Monica,2,1,1,2366.66666666666,Active,Middle,52203,90.8422899758719,0.7118879499942123,4.061069287205716,81.56424581005587,1.0,Middle
Santa Monica,4,2,2,1516.66666666666,Active,Low,52203,90.8422899758719,0.7118879499942123,4.061069287205716,81.56424581005587,1.0,Low
Santa Monica,3,2,1,2066.66666666666,Active,Low,52203,90.8422899758719,0.7118879499942123,4.061069287205716,81.56424581005587,0.5,Low
Santa Monica,8,7,5,591.666666666666,Active,Low,52203,90.8422899758719,0.7118879499942123,4.061069287205716,81.56424581005587,0.7142857142857143,Low
Santa Monica,6,2,2,930.0,Active,Low,52203,90.8422899758719,0.7118879499942123,4.061069287205716,81.56424581005587,1.0,Low
Santa Monica,5,1,1,680.0,Active,Low,52203,90.8422899758719,0.7118879499942123,4.061069287205716,81.56424581005587,1.0,Low
Santa Monica,3,2,2,466.666666666666,Active,Low,52203,90.8422899758719,0.7118879499942123,4.061069287205716,81.56424581005587,1.0,Low
North Fairview,6,5,4,2900.0,Active,Middle,47019,187.98309548600477,5.879571248423708,4.211063612582148,76.92307692307693,0.8,Middle
North Fairview,7,4,3,1414.28571428571,Graduated,Low,47019,187.98309548600477,5.879571248423708,4.211063612582148,76.92307692307693,0.75,High
Santa Monica,4,1,1,1786.66666666666,Active,Low,52203,90.8422899758719,0.7118879499942123,4.061069287205716,81.56424581005587,1.0,Low
Gulod,11,3,3,4978.78787878787,Active,High,63651,36.28013531452062,1.773208403952544,4.917440417275455,85.99779492833517,1.0,High
Santa Monica,5,3,3,1046.66666666666,Active,Low,52203,90.8422899758719,0.7118879499942123,4.061069287205716,81.56424581005587,1.0,Low
North Fairview,4,2,2,3137.5,Active,Middle,47019,187.98309548600477,5.879571248423708,4.211063612582148,76.92307692307693,1.0,Middle
Santa Monica,4,2,2,850.0,Delisted,Low,52203,90.8422899758719,0.7118879499942123,4.061069287205716,81.56424581005587,1.0,Low
Santa Monica,5,3,3,680.0,Active,Low,52203,90.8422899758719,0.7118879499942123,4.061069287205716,81.56424581005587,1.0,Low
Bagbag,10,3,3,4820.0,Active,High,66268,70.79821644887755,2.497950597806753,4.783605963662703,85.5813953488372,1.0,Middle
Santa Monica,3,3,2,466.666666666666,Active,Low,52203,90.8422899758719,0.7118879499942123,4.061069287205716,81.56424581005587,0.6666666666666666,Low
Nagkaisang Nayon,9,5,4,4414.81481481481,Active,High,54477,41.13943727654283,1.2941373347464717,1.156451346439782,74.24242424242425,0.8,High
Gulod,5,3,3,3990.0,Active,High,63651,36.28013531452062,1.773208403952544,4.917440417275455,85.99779492833517,1.0,Middle
Gulod,7,3,2,3965.47619047619,Active,High,63651,36.28013531452062,1.773208403952544,4.917440417275455,85.99779492833517,0.6666666666666666,Middle
Pasong Putik Proper,17,2,2,2984.80392156862,Active,Middle,40919,96.68813689675062,2.5641668337677963,3.690217258486278,79.58477508650519,1.0,Middle
Santa Monica,5,1,1,5200.0,Graduated,High,52203,90.8422899758719,0.7118879499942123,4.061069287205716,81.56424581005587,1.0,High
Santa Monica,6,3,3,2555.55555555555,Active,Middle,52203,90.8422899758719,0.7118879499942123,4.061069287205716,81.56424581005587,1.0,Low
Santa Monica,10,1,1,2600.0,Active,Middle,52203,90.8422899758719,0.7118879499942123,4.061069287205716,81.56424581005587,1.0,Middle
Greater Lagro,2,1,1,5600.0,Delisted,High,24104,22.779136104319477,2.269930841359413,17.465980750082974,90.0,1.0,High
Bagbag,3,2,1,7116.66666666666,Active,High,66268,70.79821644887755,2.497950597806753,4.783605963662703,85.5813953488372,0.5,High
Bagbag,4,2,2,8193.75,Graduated,High,66268,70.79821644887755,2.497950597806753,4.783605963662703,85.5813953488372,1.0,High
Gulod,4,2,2,2783.33333333333,Active,Middle,63651,36.28013531452062,1.773208403952544,4.917440417275455,85.99779492833517,1.0,High
Gulod,5,2,2,3120.0,Active,Middle,63651,36.28013531452062,1.773208403952544,4.917440417275455,85.99779492833517,1.0,High
Gulod,4,2,2,4675.0,Active,High,63651,36.28013531452062,1.773208403952544,4.917440417275455,85.99779492833517,1.0,High
Gulod,6,4,3,3094.44444444444,Active,Middle,63651,36.28013531452062,1.773208403952544,4.917440417275455,85.99779492833517,0.75,Middle
Gulod,5,3,3,4360.0,Active,High,63651,36.28013531452062,1.773208403952544,4.917440417275455,85.99779492833517,1.0,Middle
Gulod,6,4,4,3461.11111111111,Active,High,63651,36.28013531452062,1.773208403952544,4.917440417275455,85.99779492833517,1.0,Middle
Gulod,6,4,4,3125.0,Active,Middle,63651,36.28013531452062,1.773208403952544,4.917440417275455,85.99779492833517,1.0,Middle
Gulod,3,2,2,3388.88888888888,Active,High,63651,36.28013531452062,1.773208403952544,4.917440417275455,85.99779492833517,1.0,High
Gulod,6,4,3,1959.44444444444,Active,Low,63651,36.28013531452062,1.773208403952544,4.917440417275455,85.99779492833517,0.75,Middle
Nagkaisang Nayon,6,3,3,3891.66666666666,Graduated,High,54477,41.13943727654283,1.2941373347464717,1.156451346439782,74.24242424242425,1.0,High
Nagkaisang Nayon,4,2,2,3712.5,Active,High,54477,41.13943727654283,1.2941373347464717,1.156451346439782,74.24242424242425,1.0,Middle
Gulod,4,3,2,1450.0,Active,Low,63651,36.28013531452062,1.773208403952544,4.917440417275455,85.99779492833517,0.6666666666666666,High
Nagkaisang Nayon,4,2,2,3762.5,Active,High,54477,41.13943727654283,1.2941373347464717,1.156451346439782,74.24242424242425,1.0,Middle
Nagkaisang Nayon,4,2,2,5212.5,Active,High,54477,41.13943727654283,1.2941373347464717,1.156451346439782,74.24242424242425,1.0,Middle
Gulod,5,2,2,3740.0,Active,High,63651,36.28013531452062,1.773208403952544,4.917440417275455,85.99779492833517,1.0,High
Nagkaisang Nayon,7,4,4,5264.28571428571,Delisted,High,54477,41.13943727654283,1.2941373347464717,1.156451346439782,74.24242424242425,1.0,Low
Nagkaisang Nayon,5,3,3,1360.0,Active,Low,54477,41.13943727654283,1.2941373347464717,1.156451346439782,74.24242424242425,1.0,Middle
Nagkaisang Nayon,4,2,2,8662.5,Active,High,54477,41.13943727654283,1.2941373347464717,1.156451346439782,74.24242424242425,1.0,Middle
Santa Lucia,6,4,4,3225.0,Graduated,High,28974,54.742576372569964,2.690058479532164,7.24787740733071,82.38636363636364,1.0,High
Santa Lucia,6,3,3,3041.66666666666,Active,Middle,28974,54.742576372569964,2.690058479532164,7.24787740733071,82.38636363636364,1.0,High
Santa Lucia,4,3,2,2087.5,Active,Low,28974,54.742576372569964,2.690058479532164,7.24787740733071,82.38636363636364,0.6666666666666666,High
Nagkaisang Nayon,3,1,1,4033.33333333333,Graduated,High,54477,41.13943727654283,1.2941373347464717,1.156451346439782,74.24242424242425,1.0,High
Santa Lucia,7,3,3,3089.28571428571,Active,Middle,28974,54.742576372569964,2.690058479532164,7.24787740733071,82.38636363636364,1.0,High
North Fairview,7,5,3,2242.85714285714,Active,Middle,47019,187.98309548600477,5.879571248423708,4.211063612582148,76.92307692307693,0.6,Low
Kaligayahan,4,2,1,2750.0,Inactive,Middle,62132,109.99053670406921,2.762065429525983,3.2189531964205242,72.42524916943522,0.5,Low
North Fairview,4,2,2,3975.0,Graduated,High,47019,187.98309548600477,5.879571248423708,4.211063612582148,76.92307692307693,1.0,High
Santa Lucia,6,3,3,7780.0,Graduated,High,28974,54.742576372569964,2.690058479532164,7.24787740733071,82.38636363636364,1.0,High
North Fairview,6,5,0,3055.55555555555,Inactive,Middle,47019,187.98309548600477,5.879571248423708,4.211063612582148,76.92307692307693,0.0,Middle
Kaligayahan,7,2,0,2397.61904761904,Active,Middle,62132,109.99053670406921,2.762065429525983,3.2189531964205242,72.42524916943522,0.0,Middle
North Fairview,4,2,1,5808.33333333333,Graduated,High,47019,187.98309548600477,5.879571248423708,4.211063612582148,76.92307692307693,0.5,High
North Fairview,5,3,2,5646.66666666666,Graduated,High,47019,187.98309548600477,5.879571248423708,4.211063612582148,76.92307692307693,0.6666666666666666,High
Kaligayahan,4,1,1,2900.0,Graduated,Middle,62132,109.99053670406921,2.762065429525983,3.2189531964205242,72.42524916943522,1.0,High
Kaligayahan,4,4,2,3837.5,Active,High,62132,109.99053670406921,2.762065429525983,3.2189531964205242,72.42524916943522,0.5,High
Kaligayahan,4,2,2,3812.5,Active,High,62132,109.99053670406921,2.762065429525983,3.2189531964205242,72.42524916943522,1.0,High
Santa Monica,5,1,1,5954.66666666666,Graduated,High,52203,90.8422899758719,0.7118879499942123,4.061069287205716,81.56424581005587,1.0,High
Kaligayahan,5,3,3,3933.33333333333,Graduated,High,62132,109.99053670406921,2.762065429525983,3.2189531964205242,72.42524916943522,1.0,High
Kaligayahan,4,3,2,4141.66666666666,Graduated,High,62132,109.99053670406921,2.762065429525983,3.2189531964205242,72.42524916943522,0.6666666666666666,High
Kaligayahan,6,2,2,6594.44444444444,Graduated,High,62132,109.99053670406921,2.762065429525983,3.2189531964205242,72.42524916943522,1.0,High
Kaligayahan,6,1,1,3833.33333333333,Graduated,High,62132,109.99053670406921,2.762065429525983,3.2189531964205242,72.42524916943522,1.0,High
Kaligayahan,4,1,1,8154.16666666666,Graduated,High,62132,109.99053670406921,2.762065429525983,3.2189531964205242,72.42524916943522,1.0,High
North Fairview,5,2,2,6102.66666666666,Active,High,47019,187.98309548600477,5.879571248423708,4.211063612582148,76.92307692307693,1.0,Middle
Kaligayahan,6,1,1,6388.88888888889,Graduated,High,62132,109.99053670406921,2.762065429525983,3.2189531964205242,72.42524916943522,1.0,High
Kaligayahan,5,2,2,3946.66666666666,Graduated,High,62132,109.99053670406921,2.762065429525983,3.2189531964205242,72.42524916943522,1.0,High
Kaligayahan,4,1,1,4250.0,Active,High,62132,109.99053670406921,2.762065429525983,3.2189531964205242,72.42524916943522,1.0,High
North Fairview,3,1,0,8493.33333333333,Graduated,High,47019,187.98309548600477,5.879571248423708,4.211063612582148,76.92307692307693,0.0,High
Kaligayahan,6,1,1,2594.44444444444,Active,Middle,62132,109.99053670406921,2.762065429525983,3.2189531964205242,72.42524916943522,1.0,Middle
Kaligayahan,5,2,2,2613.33333333333,Active,Middle,62132,109.99053670406921,2.762065429525983,3.2189531964205242,72.42524916943522,1.0,High
North Fairview,5,3,3,2446.66666666666,Active,Middle,47019,187.98309548600477,5.879571248423708,4.211063612582148,76.92307692307693,1.0,Middle
Kaligayahan,4,1,1,5100.0,Active,High,62132,109.99053670406921,2.762065429525983,3.2189531964205242,72.42524916943522,1.0,High
Kaligayahan,7,1,1,2509.5238095238,Active,Middle,62132,109.99053670406921,2.762065429525983,3.2189531964205242,72.42524916943522,1.0,Middle
North Fairview,4,2,2,4500.0,Active,High,47019,187.98309548600477,5.879571248423708,4.211063612582148,76.92307692307693,1.0,Middle
Kaligayahan,6,5,5,1733.33333333333,Active,Low,62132,109.99053670406921,2.762065429525983,3.2189531964205242,72.42524916943522,1.0,Low
Kaligayahan,4,2,1,3641.66666666666,Active,High,62132,109.99053670406921,2.762065429525983,3.2189531964205242,72.42524916943522,0.5,High
Kaligayahan,4,2,1,3316.66666666666,Active,High,62132,109.99053670406921,2.762065429525983,3.2189531964205242,72.42524916943522,0.5,High
Novaliches Proper,5,3,3,6930.0,Active,High,16096,33.267097201523434,4.059994828032066,30.318091451292243,80.2919708029197,1.0,Middle
Kaligayahan,5,2,2,3720.0,Active,High,62132,109.99053670406921,2.762065429525983,3.2189531964205242,72.42524916943522,1.0,High
Kaligayahan,5,3,3,2233.33333333333,Active,Middle,62132,109.99053670406921,2.762065429525983,3.2189531964205242,72.42524916943522,1.0,Middle
Kaligayahan,6,2,2,2261.11111111111,Active,Middle,62132,109.99053670406921,2.762065429525983,3.2189531964205242,72.42524916943522,1.0,Middle
Santa Lucia,9,1,1,2212.96296296296,Active,Middle,28974,54.742576372569964,2.690058479532164,7.24787740733071,82.38636363636364,1.0,Middle
Kaligayahan,4,3,2,6675.0,Active,High,62132,109.99053670406921,2.762065429525983,3.2189531964205242,72.42524916943522,0.6666666666666666,High
Kaligayahan,6,2,2,5620.0,Active,High,62132,109.99053670406921,2.762065429525983,3.2189531964205242,72.42524916943522,1.0,Middle
Novaliches Proper,5,3,1,3000.0,Delisted,Middle,16096,33.267097201523434,4.059994828032066,30.318091451292243,80.2919708029197,0.3333333333333333,Middle
Novaliches Proper,4,1,1,5295.83333333333,Graduated,High,16096,33.267097201523434,4.059994828032066,30.318091451292243,80.2919708029197,1.0,High
Novaliches Proper,5,2,1,3160.0,Graduated,High,16096,33.267097201523434,4.059994828032066,30.318091451292243,80.2919708029197,0.5,High
North Fairview,2,1,0,7000.0,Graduated,High,47019,187.98309548600477,5.879571248423708,4.211063612582148,76.92307692307693,0.0,High
Novaliches Proper,6,4,4,2850.0,Active,Middle,16096,33.267097201523434,4.059994828032066,30.318091451292243,80.2919708029197,1.0,Low
Novaliches Proper,6,2,2,2686.11111111111,Delisted,Middle,16096,33.267097201523434,4.059994828032066,30.318091451292243,80.2919708029197,1.0,Middle
Santa Lucia,8,3,2,3243.75,Graduated,High,28974,54.742576372569964,2.690058479532164,7.24787740733071,82.38636363636364,0.6666666666666666,High
Bagbag,9,3,3,2675.92592592592,Active,Middle,66268,70.79821644887755,2.497950597806753,4.783605963662703,85.5813953488372,1.0,Middle
Bagbag,4,1,0,3054.16666666666,Delisted,Middle,66268,70.79821644887755,2.497950597806753,4.783605963662703,85.5813953488372,0.0,Middle
Bagbag,5,2,2,4231.66666666666,Graduated,High,66268,70.79821644887755,2.497950597806753,4.783605963662703,85.5813953488372,1.0,High
Bagbag,7,2,2,2259.5238095238,Active,Middle,66268,70.79821644887755,2.497950597806753,4.783605963662703,85.5813953488372,1.0,Middle
Bagbag,4,1,1,8858.33333333333,Active,High,66268,70.79821644887755,2.497950597806753,4.783605963662703,85.5813953488372,1.0,High
Bagbag,5,2,2,3696.66666666666,Active,High,66268,70.79821644887755,2.497950597806753,4.783605963662703,85.5813953488372,1.0,High
Bagbag,5,2,2,5633.33333333333,Active,High,66268,70.79821644887755,2.497950597806753,4.783605963662703,85.5813953488372,1.0,High
Bagbag,4,2,2,7179.16666666666,Graduated,High,66268,70.79821644887755,2.497950597806753,4.783605963662703,85.5813953488372,1.0,High
Bagbag,4,2,2,8064.58333333333,Active,High,66268,70.79821644887755,2.497950597806753,4.783605963662703,85.5813953488372,1.0,High
Bagbag,3,1,1,13788.8888888888,Active,High,66268,70.79821644887755,2.497950597806753,4.783605963662703,85.5813953488372,1.0,High
Gulod,4,2,2,3066.66666666666,Active,Middle,63651,36.28013531452062,1.773208403952544,4.917440417275455,85.99779492833517,1.0,High
Gulod,5,2,2,2553.33333333333,Active,Middle,63651,36.28013531452062,1.773208403952544,4.917440417275455,85.99779492833517,1.0,High
Gulod,5,3,3,1020.0,Active,Low,63651,36.28013531452062,1.773208403952544,4.917440417275455,85.99779492833517,1.0,Middle
Gulod,6,3,3,3933.33333333333,Active,High,63651,36.28013531452062,1.773208403952544,4.917440417275455,85.99779492833517,1.0,Middle
Gulod,5,3,2,2220.0,Active,Middle,63651,36.28013531452062,1.773208403952544,4.917440417275455,85.99779492833517,0.6666666666666666,High
Gulod,4,3,3,4441.66666666666,Active,High,63651,36.28013531452062,1.773208403952544,4.917440417275455,85.99779492833517,1.0,High
Gulod,6,3,2,3738.88888888888,Active,High,63651,36.28013531452062,1.773208403952544,4.917440417275455,85.99779492833517,0.6666666666666666,Middle
Gulod,6,4,4,3416.66666666666,Active,High,63651,36.28013531452062,1.773208403952544,4.917440417275455,85.99779492833517,1.0,Middle
Gulod,4,3,3,3220.83333333333,Active,High,63651,36.28013531452062,1.773208403952544,4.917440417275455,85.99779492833517,1.0,High
Gulod,9,4,3,6124.07407407407,Active,High,63651,36.28013531452062,1.773208403952544,4.917440417275455,85.99779492833517,0.75,Middle
Gulod,6,3,2,3883.33333333333,Active,High,63651,36.28013531452062,1.773208403952544,4.917440417275455,85.99779492833517,0.6666666666666666,Middle
Pasong Putik Proper,11,2,2,4956.0606060606,Graduated,High,40919,96.68813689675062,2.5641668337677963,3.690217258486278,79.58477508650519,1.0,High
Pasong Putik Proper,7,1,1,1292.85714285714,Active,Low,40919,96.68813689675062,2.5641668337677963,3.690217258486278,79.58477508650519,1.0,Middle
Pasong Putik Proper,6,4,3,5685.55555555555,Graduated,High,40919,96.68813689675062,2.5641668337677963,3.690217258486278,79.58477508650519,0.75,High
Pasong Putik Proper,3,1,0,2222.22222222222,Inactive,Middle,40919,96.68813689675062,2.5641668337677963,3.690217258486278,79.58477508650519,0.0,Middle
Pasong Putik Proper,4,1,1,7625.0,Graduated,High,40919,96.68813689675062,2.5641668337677963,3.690217258486278,79.58477508650519,1.0,High
Pasong Putik Proper,4,2,2,3731.25,Active,High,40919,96.68813689675062,2.5641668337677963,3.690217258486278,79.58477508650519,1.0,High
Pasong Putik Proper,5,3,3,2293.33333333333,Active,Middle,40919,96.68813689675062,2.5641668337677963,3.690217258486278,79.58477508650519,1.0,High
Pasong Putik Proper,6,3,3,1004.16666666666,Active,Low,40919,96.68813689675062,2.5641668337677963,3.690217258486278,79.58477508650519,1.0,Middle
Pasong Putik Proper,5,2,2,5656.66666666666,Graduated,High,40919,96.68813689675062,2.5641668337677963,3.690217258486278,79.58477508650519,1.0,High
Pasong Putik Proper,3,2,2,5158.33333333333,Active,High,40919,96.68813689675062,2.5641668337677963,3.690217258486278,79.58477508650519,1.0,High
Pasong Putik Proper,4,2,1,5368.75,Graduated,High,40919,96.68813689675062,2.5641668337677963,3.690217258486278,79.58477508650519,0.5,High
Pasong Putik Proper,8,3,2,2312.5,Active,Middle,40919,96.68813689675062,2.5641668337677963,3.690217258486278,79.58477508650519,0.6666666666666666,Middle
Pasong Putik Proper,5,3,3,4885.0,Graduated,High,40919,96.68813689675062,2.5641668337677963,3.690217258486278,79.58477508650519,1.0,High
Santa Lucia,5,3,3,4150.0,Active,High,28974,54.742576372569964,2.690058479532164,7.24787740733071,82.38636363636364,1.0,High
Santa Lucia,5,2,2,6870.0,Active,High,28974,54.742576372569964,2.690058479532164,7.24787740733071,82.38636363636364,1.0,High
Santa Lucia,5,3,3,4010.0,Active,High,28974,54.742576372569964,2.690058479532164,7.24787740733071,82.38636363636364,1.0,High
Santa Lucia,4,2,2,3924.25,Active,High,28974,54.742576372569964,2.690058479532164,7.24787740733071,82.38636363636364,1.0,Middle
Santa Lucia,5,3,3,3236.66666666666,Active,High,28974,54.742576372569964,2.690058479532164,7.24787740733071,82.38636363636364,1.0,High
Santa Lucia,4,2,2,1356.25,Active,Low,28974,54.742576372569964,2.690058479532164,7.24787740733071,82.38636363636364,1.0,Middle
Santa Lucia,6,4,3,3505.55555555555,Active,High,28974,54.742576372569964,2.690058479532164,7.24787740733071,82.38636363636364,0.75,High
Santa Lucia,7,3,3,5095.23809523809,Active,High,28974,54.742576372569964,2.690058479532164,7.24787740733071,82.38636363636364,1.0,High
Santa Lucia,5,2,2,3250.0,Active,High,28974,54.742576372569964,2.690058479532164,7.24787740733071,82.38636363636364,1.0,High
Santa Lucia,6,2,2,2697.22222222222,Active,Middle,28974,54.742576372569964,2.690058479532164,7.24787740733071,82.38636363636364,1.0,High
Gulod,4,2,2,3300.0,Active,High,63651,36.28013531452062,1.773208403952544,4.917440417275455,85.99779492833517,1.0,High
Santa Lucia,7,3,3,1778.57142857142,Active,Low,28974,54.742576372569964,2.690058479532164,7.24787740733071,82.38636363636364,1.0,High
Gulod,8,4,2,1788.54166666666,Active,Low,63651,36.28013531452062,1.773208403952544,4.917440417275455,85.99779492833517,0.5,Low
Gulod,5,2,2,3456.66666666666,Active,High,63651,36.28013531452062,1.773208403952544,4.917440417275455,85.99779492833517,1.0,High
Santa Lucia,10,4,4,2301.66666666666,Active,Middle,28974,54.742576372569964,2.690058479532164,7.24787740733071,82.38636363636364,1.0,Low
Gulod,5,3,2,2166.66666666666,Active,Low,63651,36.28013531452062,1.773208403952544,4.917440417275455,85.99779492833517,0.6666666666666666,High
Gulod,3,2,2,3438.88888888888,Active,High,63651,36.28013531452062,1.773208403952544,4.917440417275455,85.99779492833517,1.0,High
Gulod,6,3,2,3936.11111111111,Active,High,63651,36.28013531452062,1.773208403952544,4.917440417275455,85.99779492833517,0.6666666666666666,Middle
Gulod,7,3,2,4030.95238095238,Active,High,63651,36.28013531452062,1.773208403952544,4.917440417275455,85.99779492833517,0.6666666666666666,Middle
Gulod,5,2,1,1730.0,Active,Low,63651,36.28013531452062,1.773208403952544,4.917440417275455,85.99779492833517,0.5,Low
Kaligayahan,6,4,3,2022.22222222222,Active,Low,62132,109.99053670406921,2.762065429525983,3.2189531964205242,72.42524916943522,0.75,Middle
Kaligayahan,4,3,2,10347.3333333333,Active,High,62132,109.99053670406921,2.762065429525983,3.2189531964205242,72.42524916943522,0.6666666666666666,High
Kaligayahan,7,5,3,3137.61904761904,Active,Middle,62132,109.99053670406921,2.762065429525983,3.2189531964205242,72.42524916943522,0.6,Low
Kaligayahan,5,3,2,2050.0,Active,Low,62132,109.99053670406921,2.762065429525983,3.2189531964205242,72.42524916943522,0.6666666666666666,Low
Kaligayahan,6,4,3,3871.66666666666,Active,High,62132,109.99053670406921,2.762065429525983,3.2189531964205242,72.42524916943522,0.75,Middle
Kaligayahan,6,4,3,2711.11111111111,Active,Middle,62132,109.99053670406921,2.762065429525983,3.2189531964205242,72.42524916943522,0.75,Middle
Kaligayahan,4,2,2,3703.25,Active,High,62132,109.99053670406921,2.762065429525983,3.2189531964205242,72.42524916943522,1.0,High
Kaligayahan,8,4,3,1762.5,Active,Low,62132,109.99053670406921,2.762065429525983,3.2189531964205242,72.42524916943522,0.75,Low
Santa Monica,8,3,0,3625.0,Inactive,High,52203,90.8422899758719,0.7118879499942123,4.061069287205716,81.56424581005587,0.0,High
Gulod,8,5,4,8606.25,Graduated,High,63651,36.28013531452062,1.773208403952544,4.917440417275455,85.99779492833517,0.8,High
North Fairview,7,3,3,4795.23809523809,Graduated,High,47019,187.98309548600477,5.879571248423708,4.211063612582148,76.92307692307693,1.0,High
San Agustin,4,3,1,750.0,Active,Low,26034,24.863309352517984,2.6779727864326563,8.873012214796036,86.71875,0.3333333333333333,Low
Pasong Putik Proper,4,4,3,4325.0,Graduated,High,40919,96.68813689675062,2.5641668337677963,3.690217258486278,79.58477508650519,0.75,High
Pasong Putik Proper,7,3,3,2292.85714285714,Active,Middle,40919,96.68813689675062,2.5641668337677963,3.690217258486278,79.58477508650519,1.0,Middle
Santa Monica,5,2,2,2800.0,Active,Middle,52203,90.8422899758719,0.7118879499942123,4.061069287205716,81.56424581005587,1.0,Low
Gulod,10,2,2,1743.33333333333,Active,Low,63651,36.28013531452062,1.773208403952544,4.917440417275455,85.99779492833517,1.0,Low
Bagbag,5,1,0,10800.0,Graduated,High,66268,70.79821644887755,2.497950597806753,4.783605963662703,85.5813953488372,0.0,High
Santa Monica,5,2,2,3000.0,Delisted,Middle,52203,90.8422899758719,0.7118879499942123,4.061069287205716,81.56424581005587,1.0,Low
Santa Lucia,5,3,2,3160.0,Delisted,High,28974,54.742576372569964,2.690058479532164,7.24787740733071,82.38636363636364,0.6666666666666666,High
Gulod,2,1,1,3250.0,Delisted,High,63651,36.28013531452062,1.773208403952544,4.917440417275455,85.99779492833517,1.0,High
North Fairview,5,5,2,4606.66666666666,Active,High,47019,187.98309548600477,5.879571248423708,4.211063612582148,76.92307692307693,0.4,High
North Fairview,5,3,2,1546.66666666666,Active,Low,47019,187.98309548600477,5.879571248423708,4.211063612582148,76.92307692307693,0.6666666666666666,Low
Nagkaisang Nayon,5,3,2,5226.0,Active,High,54477,41.13943727654283,1.2941373347464717,1.156451346439782,74.24242424242425,0.6666666666666666,Middle
North Fairview,8,6,4,862.5,Active,Low,47019,187.98309548600477,5.879571248423708,4.211063612582148,76.92307692307693,0.6666666666666666,Low
Santa Monica,5,3,3,1866.66666666666,Delisted,Low,52203,90.8422899758719,0.7118879499942123,4.061069287205716,81.56424581005587,1.0,Low
North Fairview,2,3,2,11533.3333333333,Graduated,High,47019,187.98309548600477,5.879571248423708,4.211063612582148,76.92307692307693,0.6666666666666666,High
Nagkaisang Nayon,4,1,1,2500.0,Delisted,Middle,54477,41.13943727654283,1.2941373347464717,1.156451346439782,74.24242424242425,1.0,Middle
North Fairview,5,3,3,5606.66666666666,Graduated,High,47019,187.98309548600477,5.879571248423708,4.211063612582148,76.92307692307693,1.0,High
Kaligayahan,4,2,1,1837.5,Inactive,Low,62132,109.99053670406921,2.762065429525983,3.2189531964205242,72.42524916943522,0.5,Low
Kaligayahan,6,2,2,1666.66666666666,Active,Low,62132,109.99053670406921,2.762065429525983,3.2189531964205242,72.42524916943522,1.0,Middle
Bagbag,4,2,2,3587.5,Active,High,66268,70.79821644887755,2.497950597806753,4.783605963662703,85.5813953488372,1.0,High
Novaliches Proper,6,1,1,2305.55555555555,Active,Middle,16096,33.267097201523434,4.059994828032066,30.318091451292243,80.2919708029197,1.0,Middle
Kaligayahan,10,6,6,2281.66666666666,Active,Middle,62132,109.99053670406921,2.762065429525983,3.2189531964205242,72.42524916943522,1.0,Middle
North Fairview,6,4,3,3883.33333333333,Active,High,47019,187.98309548600477,5.879571248423708,4.211063612582148,76.92307692307693,0.75,Low
North Fairview,6,4,3,3891.66666666666,Active,High,47019,187.98309548600477,5.879571248423708,4.211063612582148,76.92307692307693,0.75,Low
Gulod,5,3,0,4613.33333333333,Delisted,High,63651,36.28013531452062,1.773208403952544,4.917440417275455,85.99779492833517,0.0,High
Gulod,3,1,1,5311.11111111111,Active,High,63651,36.28013531452062,1.773208403952544,4.917440417275455,85.99779492833517,1.0,High
North Fairview,6,4,3,3683.33333333333,Graduated,High,47019,187.98309548600477,5.879571248423708,4.211063612582148,76.92307692307693,0.75,High
Gulod,4,2,2,10133.3333333333,Graduated,High,63651,36.28013531452062,1.773208403952544,4.917440417275455,85.99779492833517,1.0,High
Gulod,4,3,2,4045.83333333333,Active,High,63651,36.28013531452062,1.773208403952544,4.917440417275455,85.99779492833517,0.6666666666666666,High
Bagbag,7,5,3,4723.80952380952,Active,High,66268,70.79821644887755,2.497950597806753,4.783605963662703,85.5813953488372,0.6,Low
Gulod,5,1,1,7160.0,Delisted,High,63651,36.28013531452062,1.773208403952544,4.917440417275455,85.99779492833517,1.0,High
Capri,4,1,1,2870.83333333333,Active,Middle,12940,10.466108929486087,0.2867550182128187,,84.23236514522821,1.0,Middle
Gulod,6,2,1,2419.44444444444,Active,Middle,63651,36.28013531452062,1.773208403952544,4.917440417275455,85.99779492833517,0.5,Low
Fairview,5,1,1,3400.0,Graduated,High,63913,110.71145984438877,3.3973436008606606,5.851704661023579,82.78145695364239,1.0,High
Gulod,10,4,3,3283.33333333333,Active,High,63651,36.28013531452062,1.773208403952544,4.917440417275455,85.99779492833517,0.75,High
Fairview,5,2,1,3553.33333333333,Active,High,63913,110.71145984438877,3.3973436008606606,5.851704661023579,82.78145695364239,0.5,High
Gulod,6,2,2,2400.0,Delisted,Middle,63651,36.28013531452062,1.773208403952544,4.917440417275455,85.99779492833517,1.0,Middle
Fairview,7,2,1,4476.19047619047,Graduated,High,63913,110.71145984438877,3.3973436008606606,5.851704661023579,82.78145695364239,0.5,High
North Fairview,6,4,1,3452.77777777777,Active,High,47019,187.98309548600477,5.879571248423708,4.211063612582148,76.92307692307693,0.25,High
North Fairview,11,3,2,3357.57575757575,Graduated,High,47019,187.98309548600477,5.879571248423708,4.211063612582148,76.92307692307693,0.6666666666666666,High
Fairview,3,2,2,1666.66666666666,Delisted,Low,63913,110.71145984438877,3.3973436008606606,5.851704661023579,82.78145695364239,1.0,Low
Gulod,5,3,2,5273.33333333333,Active,High,63651,36.28013531452062,1.773208403952544,4.917440417275455,85.99779492833517,0.6666666666666666,High
Novaliches Proper,5,2,2,7200.0,Delisted,High,16096,33.267097201523434,4.059994828032066,30.318091451292243,80.2919708029197,1.0,High
Novaliches Proper,4,2,0,4141.66666666666,Graduated,High,16096,33.267097201523434,4.059994828032066,30.318091451292243,80.2919708029197,0.0,High
Novaliches Proper,5,2,2,4764.66666666666,Graduated,High,16096,33.267097201523434,4.059994828032066,30.318091451292243,80.2919708029197,1.0,High
Novaliches Proper,3,4,1,7983.33333333333,Graduated,High,16096,33.267097201523434,4.059994828032066,30.318091451292243,80.2919708029197,0.25,High
Gulod,8,4,1,3570.83333333333,Active,High,63651,36.28013531452062,1.773208403952544,4.917440417275455,85.99779492833517,0.25,Middle
Gulod,5,1,1,5246.66666666666,Active,High,63651,36.28013531452062,1.773208403952544,4.917440417275455,85.99779492833517,1.0,High
Gulod,5,3,3,3016.66666666666,Active,Middle,63651,36.28013531452062,1.773208403952544,4.917440417275455,85.99779492833517,1.0,Middle
Gulod,5,4,1,3000.0,Active,Middle,63651,36.28013531452062,1.773208403952544,4.917440417275455,85.99779492833517,0.25,Low
Novaliches Proper,4,2,2,2112.5,Active,Low,16096,33.267097201523434,4.059994828032066,30.318091451292243,80.2919708029197,1.0,Low
Gulod,6,4,3,2202.77777777777,Active,Middle,63651,36.28013531452062,1.773208403952544,4.917440417275455,85.99779492833517,0.75,Middle
Gulod,4,3,1,1400.0,Active,Low,63651,36.28013531452062,1.773208403952544,4.917440417275455,85.99779492833517,0.3333333333333333,Low
Gulod,4,2,2,4912.5,Graduated,High,63651,36.28013531452062,1.773208403952544,4.917440417275455,85.99779492833517,1.0,High
Kaligayahan,5,2,1,2620.0,Active,Middle,62132,109.99053670406921,2.762065429525983,3.2189531964205242,72.42524916943522,0.5,Middle
Bagbag,5,3,3,3300.0,Active,High,66268,70.79821644887755,2.497950597806753,4.783605963662703,85.5813953488372,1.0,Middle
Kaligayahan,7,5,2,1271.90476190476,Active,Low,62132,109.99053670406921,2.762065429525983,3.2189531964205242,72.42524916943522,0.4,Low
Santa Lucia,5,3,3,4470.0,Active,High,28974,54.742576372569964,2.690058479532164,7.24787740733071,82.38636363636364,1.0,High
Kaligayahan,7,3,3,1983.33333333333,Active,Low,62132,109.99053670406921,2.762065429525983,3.2189531964205242,72.42524916943522,1.0,Middle
Kaligayahan,6,4,2,1775.0,Active,Low,62132,109.99053670406921,2.762065429525983,3.2189531964205242,72.42524916943522,0.5,Low
Bagbag,5,1,1,1600.0,Active,Low,66268,70.79821644887755,2.497950597806753,4.783605963662703,85.5813953488372,1.0,High
Kaligayahan,5,4,3,2930.0,Active,Middle,62132,109.99053670406921,2.762065429525983,3.2189531964205242,72.42524916943522,0.75,Middle
Kaligayahan,7,5,3,1816.66666666666,Active,Low,62132,109.99053670406921,2.762065429525983,3.2189531964205242,72.42524916943522,0.6,Low
Kaligayahan,6,3,1,4735.0,Active,High,62132,109.99053670406921,2.762065429525983,3.2189531964205242,72.42524916943522,0.3333333333333333,Middle
Bagbag,6,2,2,1430.55555555555,Active,Low,66268,70.79821644887755,2.497950597806753,4.783605963662703,85.5813953488372,1.0,Low
Kaligayahan,5,3,2,5496.0,Active,High,62132,109.99053670406921,2.762065429525983,3.2189531964205242,72.42524916943522,0.6666666666666666,Low
Kaligayahan,7,1,1,2764.28571428571,Active,Middle,62132,109.99053670406921,2.762065429525983,3.2189531964205242,72.42524916943522,1.0,Middle
Kaligayahan,4,2,2,4058.33333333333,Active,High,62132,109.99053670406921,2.762065429525983,3.2189531964205242,72.42524916943522,1.0,High
Bagbag,3,2,2,4583.33333333333,Active,High,66268,70.79821644887755,2.497950597806753,4.783605963662703,85.5813953488372,1.0,High
Kaligayahan,6,4,4,2736.11111111111,Active,Middle,62132,109.99053670406921,2.762065429525983,3.2189531964205242,72.42524916943522,1.0,Middle
Santa Lucia,5,1,1,2910.0,Active,Middle,28974,54.742576372569964,2.690058479532164,7.24787740733071,82.38636363636364,1.0,High
Santa Lucia,5,3,3,2691.33333333333,Active,Middle,28974,54.742576372569964,2.690058479532164,7.24787740733071,82.38636363636364,1.0,High
Kaligayahan,8,4,3,1564.58333333333,Active,Low,62132,109.99053670406921,2.762065429525983,3.2189531964205242,72.42524916943522,0.75,Low
Kaligayahan,5,2,2,3100.0,Active,Middle,62132,109.99053670406921,2.762065429525983,3.2189531964205242,72.42524916943522,1.0,High
Bagbag,2,1,1,7750.0,Graduated,High,66268,70.79821644887755,2.497950597806753,4.783605963662703,85.5813953488372,1.0,High
Santa Lucia,5,4,2,6572.66666666666,Graduated,High,28974,54.742576372569964,2.690058479532164,7.24787740733071,82.38636363636364,0.5,High
Bagbag,4,2,2,6554.16666666666,Active,High,66268,70.79821644887755,2.497950597806753,4.783605963662703,85.5813953488372,1.0,High
Kaligayahan,7,5,3,2264.28571428571,Graduated,Middle,62132,109.99053670406921,2.762065429525983,3.2189531964205242,72.42524916943522,0.6,Middle
Kaligayahan,5,4,3,3226.0,Active,High,62132,109.99053670406921,2.762065429525983,3.2189531964205242,72.42524916943522,0.75,Middle
Kaligayahan,5,4,1,2747.33333333333,Active,Middle,62132,109.99053670406921,2.762065429525983,3.2189531964205242,72.42524916943522,0.25,Middle
Kaligayahan,6,4,3,2536.11111111111,Active,Middle,62132,109.99053670406921,2.762065429525983,3.2189531964205242,72.42524916943522,0.75,Middle
Santa Lucia,9,1,1,8646.29629629629,Graduated,High,28974,54.742576372569964,2.690058479532164,7.24787740733071,82.38636363636364,1.0,High
Kaligayahan,10,5,3,1821.66666666666,Active,Low,62132,109.99053670406921,2.762065429525983,3.2189531964205242,72.42524916943522,0.6,Low
Kaligayahan,8,6,3,1610.41666666666,Active,Low,62132,109.99053670406921,2.762065429525983,3.2189531964205242,72.42524916943522,0.5,Low
Kaligayahan,8,4,2,5568.75,Active,High,62132,109.99053670406921,2.762065429525983,3.2189531964205242,72.42524916943522,0.5,Low
Kaligayahan,8,3,3,1789.58333333333,Active,Low,62132,109.99053670406921,2.762065429525983,3.2189531964205242,72.42524916943522,1.0,Low
Santa Lucia,4,2,2,4725.0,Active,High,28974,54.742576372569964,2.690058479532164,7.24787740733071,82.38636363636364,1.0,Middle
Bagbag,5,3,3,7490.0,Active,High,66268,70.79821644887755,2.497950597806753,4.783605963662703,85.5813953488372,1.0,Middle
Gulod,6,1,1,3175.0,Active,High,63651,36.28013531452062,1.773208403952544,4.917440417275455,85.99779492833517,1.0,High
Kaligayahan,4,2,2,2620.83333333333,Active,Middle,62132,109.99053670406921,2.762065429525983,3.2189531964205242,72.42524916943522,1.0,High
Bagbag,4,1,1,3175.0,Active,High,66268,70.79821644887755,2.497950597806753,4.783605963662703,85.5813953488372,1.0,High
Kaligayahan,6,3,2,1583.33333333333,Active,Low,62132,109.99053670406921,2.762065429525983,3.2189531964205242,72.42524916943522,0.6666666666666666,Low
Kaligayahan,2,3,1,6175.0,Active,High,62132,109.99053670406921,2.762065429525983,3.2189531964205242,72.42524916943522,0.3333333333333333,High
Gulod,5,2,2,1886.66666666666,Active,Low,63651,36.28013531452062,1.773208403952544,4.917440417275455,85.99779492833517,1.0,High
Kaligayahan,5,3,3,1363.33333333333,Active,Low,62132,109.99053670406921,2.762065429525983,3.2189531964205242,72.42524916943522,1.0,Middle
Gulod,4,3,3,5458.33333333333,Active,High,63651,36.28013531452062,1.773208403952544,4.917440417275455,85.99779492833517,1.0,High
Gulod,6,2,2,1930.55555555555,Active,Low,63651,36.28013531452062,1.773208403952544,4.917440417275455,85.99779492833517,1.0,Middle
Bagbag,5,2,1,6713.33333333333,Active,High,66268,70.79821644887755,2.497950597806753,4.783605963662703,85.5813953488372,0.5,Middle
Kaligayahan,6,3,3,2980.0,Active,Middle,62132,109.99053670406921,2.762065429525983,3.2189531964205242,72.42524916943522,1.0,Middle
Kaligayahan,9,4,4,2815.0,Active,Middle,62132,109.99053670406921,2.762065429525983,3.2189531964205242,72.42524916943522,1.0,Middle
Santa Lucia,5,3,3,3130.0,Active,Middle,28974,54.742576372569964,2.690058479532164,7.24787740733071,82.38636363636364,1.0,High
Kaligayahan,5,3,3,2950.0,Active,Middle,62132,109.99053670406921,2.762065429525983,3.2189531964205242,72.42524916943522,1.0,Middle
Gulod,6,2,2,6180.55555555555,Graduated,High,63651,36.28013531452062,1.773208403952544,4.917440417275455,85.99779492833517,1.0,High
Santa Lucia,5,3,3,6383.33333333333,Active,High,28974,54.742576372569964,2.690058479532164,7.24787740733071,82.38636363636364,1.0,High
Bagbag,4,2,2,2966.66666666666,Active,Middle,66268,70.79821644887755,2.497950597806753,4.783605963662703,85.5813953488372,1.0,High
Kaligayahan,6,4,3,2702.77777777777,Active,Middle,62132,109.99053670406921,2.762065429525983,3.2189531964205242,72.42524916943522,0.75,Middle
Gulod,6,4,4,2945.83333333333,Active,Middle,63651,36.28013531452062,1.773208403952544,4.917440417275455,85.99779492833517,1.0,Middle
Kaligayahan,3,3,0,6450.0,Graduated,High,62132,109.99053670406921,2.762065429525983,3.2189531964205242,72.42524916943522,0.0,High
Kaligayahan,8,5,3,1812.5,Active,Low,62132,109.99053670406921,2.762065429525983,3.2189531964205242,72.42524916943522,0.6,Low
Bagbag,4,3,3,5158.33333333333,Active,High,66268,70.79821644887755,2.497950597806753,4.783605963662703,85.5813953488372,1.0,High
Gulod,6,2,1,4575.0,Active,High,63651,36.28013531452062,1.773208403952544,4.917440417275455,85.99779492833517,0.5,Low
Kaligayahan,6,5,3,2625.0,Active,Middle,62132,109.99053670406921,2.762065429525983,3.2189531964205242,72.42524916943522,0.6,Middle
Bagbag,5,1,1,6200.0,Active,High,66268,70.79821644887755,2.497950597806753,4.783605963662703,85.5813953488372,1.0,High
Kaligayahan,5,3,3,3120.0,Active,Middle,62132,109.99053670406921,2.762065429525983,3.2189531964205242,72.42524916943522,1.0,Middle
Gulod,4,4,1,1087.5,Active,Low,63651,36.28013531452062,1.773208403952544,4.917440417275455,85.99779492833517,0.25,Low
Santa Lucia,5,2,2,5036.66666666666,Graduated,High,28974,54.742576372569964,2.690058479532164,7.24787740733071,82.38636363636364,1.0,High
Kaligayahan,7,5,3,1188.09523809523,Active,Low,62132,109.99053670406921,2.762065429525983,3.2189531964205242,72.42524916943522,0.6,Low
Bagbag,4,1,1,6585.41666666666,Active,High,66268,70.79821644887755,2.497950597806753,4.783605963662703,85.5813953488372,1.0,High
Gulod,5,3,2,4248.33333333333,Active,High,63651,36.28013531452062,1.773208403952544,4.917440417275455,85.99779492833517,0.6666666666666666,High
Gulod,5,6,4,3576.66666666666,Active,High,63651,36.28013531452062,1.773208403952544,4.917440417275455,85.99779492833517,0.6666666666666666,High
Kaligayahan,8,6,6,1406.25,Active,Low,62132,109.99053670406921,2.762065429525983,3.2189531964205242,72.42524916943522,1.0,Low
Gulod,4,3,3,1704.16666666666,Active,Low,63651,36.28013531452062,1.773208403952544,4.917440417275455,85.99779492833517,1.0,High
Kaligayahan,6,7,2,3608.33333333333,Active,High,62132,109.99053670406921,2.762065429525983,3.2189531964205242,72.42524916943522,0.2857142857142857,Low
Kaligayahan,8,4,3,2060.0,Active,Low,62132,109.99053670406921,2.762065429525983,3.2189531964205242,72.42524916943522,0.75,Low
Gulod,2,1,1,4612.5,Active,High,63651,36.28013531452062,1.773208403952544,4.917440417275455,85.99779492833517,1.0,High
Gulod,5,3,3,2353.33333333333,Active,Middle,63651,36.28013531452062,1.773208403952544,4.917440417275455,85.99779492833517,1.0,Middle
Kaligayahan,4,3,2,2320.83333333333,Active,Middle,62132,109.99053670406921,2.762065429525983,3.2189531964205242,72.42524916943522,0.6666666666666666,High
Kaligayahan,5,1,1,4196.66666666666,Graduated,High,62132,109.99053670406921,2.762065429525983,3.2189531964205242,72.42524916943522,1.0,High
Kaligayahan,5,2,2,3280.0,Active,High,62132,109.99053670406921,2.762065429525983,3.2189531964205242,72.42524916943522,1.0,High
Gulod,3,1,1,2458.33333333333,Active,Middle,63651,36.28013531452062,1.773208403952544,4.917440417275455,85.99779492833517,1.0,High
Kaligayahan,5,4,3,4530.0,Graduated,High,62132,109.99053670406921,2.762065429525983,3.2189531964205242,72.42524916943522,0.75,High
Kaligayahan,3,3,3,4216.66666666666,Graduated,High,62132,109.99053670406921,2.762065429525983,3.2189531964205242,72.42524916943522,1.0,High
Santa Lucia,8,2,1,5615.20833333333,Graduated,High,28974,54.742576372569964,2.690058479532164,7.24787740733071,82.38636363636364,0.5,High
Kaligayahan,11,6,3,727.272727272727,Active,Low,62132,109.99053670406921,2.762065429525983,3.2189531964205242,72.42524916943522,0.5,Low
Gulod,8,6,4,2597.91666666666,Active,Middle,63651,36.28013531452062,1.773208403952544,4.917440417275455,85.99779492833517,0.6666666666666666,Middle
Bagbag,8,2,2,4956.25,Delisted,High,66268,70.79821644887755,2.497950597806753,4.783605963662703,85.5813953488372,1.0,High
Bagbag,7,2,1,5538.09523809523,Delisted,High,66268,70.79821644887755,2.497950597806753,4.783605963662703,85.5813953488372,0.5,High
Bagbag,5,2,2,2906.66666666666,Active,Middle,66268,70.79821644887755,2.497950597806753,4.783605963662703,85.5813953488372,1.0,High
Kaligayahan,6,3,0,1425.0,Active,Low,62132,109.99053670406921,2.762065429525983,3.2189531964205242,72.42524916943522,0.0,Low
Kaligayahan,6,2,2,6225.0,Active,High,62132,109.99053670406921,2.762065429525983,3.2189531964205242,72.42524916943522,1.0,Middle
Kaligayahan,4,2,2,3187.5,Active,High,62132,109.99053670406921,2.762065429525983,3.2189531964205242,72.42524916943522,1.0,High
Kaligayahan,4,3,2,3204.16666666666,Active,High,62132,109.99053670406921,2.762065429525983,3.2189531964205242,72.42524916943522,0.6666666666666666,High
Kaligayahan,4,3,2,4620.0,Active,High,62132,109.99053670406921,2.762065429525983,3.2189531964205242,72.42524916943522,0.6666666666666666,High
Bagbag,5,5,5,2896.66666666666,Active,Middle,66268,70.79821644887755,2.497950597806753,4.783605963662703,85.5813953488372,1.0,Middle
Bagbag,6,4,4,1219.44444444444,Active,Low,66268,70.79821644887755,2.497950597806753,4.783605963662703,85.5813953488372,1.0,Middle
Bagbag,4,2,1,8575.0,Active,High,66268,70.79821644887755,2.497950597806753,4.783605963662703,85.5813953488372,0.5,High
Gulod,5,3,3,3362.66666666666,Active,High,63651,36.28013531452062,1.773208403952544,4.917440417275455,85.99779492833517,1.0,Middle
Gulod,6,2,2,4202.22222222222,Active,High,63651,36.28013531452062,1.773208403952544,4.917440417275455,85.99779492833517,1.0,Middle
Bagbag,7,2,2,5111.90476190476,Active,High,66268,70.79821644887755,2.497950597806753,4.783605963662703,85.5813953488372,1.0,Middle
Bagbag,4,2,2,5270.83333333333,Active,High,66268,70.79821644887755,2.497950597806753,4.783605963662703,85.5813953488372,1.0,High
Gulod,3,2,2,3422.22222222222,Active,High,63651,36.28013531452062,1.773208403952544,4.917440417275455,85.99779492833517,1.0,High
Bagbag,5,3,3,5276.66666666666,Active,High,66268,70.79821644887755,2.497950597806753,4.783605963662703,85.5813953488372,1.0,Middle
Gulod,8,4,3,4432.91666666666,Active,High,63651,36.28013531452062,1.773208403952544,4.917440417275455,85.99779492833517,0.75,Middle
Bagbag,4,1,1,11333.3333333333,Graduated,High,66268,70.79821644887755,2.497950597806753,4.783605963662703,85.5813953488372,1.0,High
Bagbag,4,2,2,6270.83333333333,Active,High,66268,70.79821644887755,2.497950597806753,4.783605963662703,85.5813953488372,1.0,High
Gulod,6,2,2,9205.55555555555,Graduated,High,63651,36.28013531452062,1.773208403952544,4.917440417275455,85.99779492833517,1.0,High
Gulod,5,2,2,5086.66666666666,Active,High,63651,36.28013531452062,1.773208403952544,4.917440417275455,85.99779492833517,1.0,High
Santa Lucia,6,2,2,3840.27777777777,Delisted,High,28974,54.742576372569964,2.690058479532164,7.24787740733071,82.38636363636364,1.0,Middle
Santa Lucia,5,3,3,4340.0,Active,High,28974,54.742576372569964,2.690058479532164,7.24787740733071,82.38636363636364,1.0,High
Santa Lucia,5,3,3,8820.0,Delisted,High,28974,54.742576372569964,2.690058479532164,7.24787740733071,82.38636363636364,1.0,High
Santa Lucia,5,2,1,3830.0,Active,High,28974,54.742576372569964,2.690058479532164,7.24787740733071,82.38636363636364,0.5,High
Santa Lucia,4,4,2,5432.5,Active,High,28974,54.742576372569964,2.690058479532164,7.24787740733071,82.38636363636364,0.5,High
Santa Lucia,3,2,2,6227.77777777777,Graduated,High,28974,54.742576372569964,2.690058479532164,7.24787740733071,82.38636363636364,1.0,High
Santa Lucia,5,1,1,4935.0,Graduated,High,28974,54.742576372569964,2.690058479532164,7.24787740733071,82.38636363636364,1.0,High
Santa Lucia,5,3,3,2986.66666666666,Active,Middle,28974,54.742576372569964,2.690058479532164,7.24787740733071,82.38636363636364,1.0,High
Santa Lucia,4,3,2,3662.5,Active,High,28974,54.742576372569964,2.690058479532164,7.24787740733071,82.38636363636364,0.6666666666666666,High
Santa Lucia,9,6,3,2738.88888888888,Active,Middle,28974,54.742576372569964,2.690058479532164,7.24787740733071,82.38636363636364,0.5,Middle
Santa Lucia,5,3,3,3128.33333333333,Active,Middle,28974,54.742576372569964,2.690058479532164,7.24787740733071,82.38636363636364,1.0,High
Santa Lucia,5,2,2,5208.33333333333,Active,High,28974,54.742576372569964,2.690058479532164,7.24787740733071,82.38636363636364,1.0,High
Santa Lucia,5,3,3,4270.0,Graduated,High,28974,54.742576372569964,2.690058479532164,7.24787740733071,82.38636363636364,1.0,High
Fairview,10,5,4,1938.33333333333,Active,Low,63913,110.71145984438877,3.3973436008606606,5.851704661023579,82.78145695364239,0.8,Low
Fairview,5,3,2,3013.33333333333,Active,Middle,63913,110.71145984438877,3.3973436008606606,5.851704661023579,82.78145695364239,0.6666666666666666,Middle
Santa Lucia,3,1,1,7715.55555555555,Graduated,High,28974,54.742576372569964,2.690058479532164,7.24787740733071,82.38636363636364,1.0,High
Santa Lucia,6,2,2,5868.88888888889,Graduated,High,28974,54.742576372569964,2.690058479532164,7.24787740733071,82.38636363636364,1.0,High
Santa Lucia,5,3,3,2736.66666666666,Active,Middle,28974,54.742576372569964,2.690058479532164,7.24787740733071,82.38636363636364,1.0,High
Fairview,5,3,3,4100.0,Graduated,High,63913,110.71145984438877,3.3973436008606606,5.851704661023579,82.78145695364239,1.0,High
Santa Lucia,8,5,3,1981.25,Active,Low,28974,54.742576372569964,2.690058479532164,7.24787740733071,82.38636363636364,0.6,Low
Fairview,4,3,3,1783.33333333333,Active,Low,63913,110.71145984438877,3.3973436008606606,5.851704661023579,82.78145695364239,1.0,Middle
Fairview,7,6,2,2602.38095238095,Active,Middle,63913,110.71145984438877,3.3973436008606606,5.851704661023579,82.78145695364239,0.3333333333333333,Middle
Santa Lucia,12,10,2,4120.83333333333,Active,High,28974,54.742576372569964,2.690058479532164,7.24787740733071,82.38636363636364,0.2,High
Fairview,5,3,2,2650.0,Active,Middle,63913,110.71145984438877,3.3973436008606606,5.851704661023579,82.78145695364239,0.6666666666666666,Middle
Fairview,5,3,3,2748.33333333333,Graduated,Middle,63913,110.71145984438877,3.3973436008606606,5.851704661023579,82.78145695364239,1.0,High
Fairview,7,2,2,3095.23809523809,Active,Middle,63913,110.71145984438877,3.3973436008606606,5.851704661023579,82.78145695364239,1.0,Middle
Fairview,5,3,3,3300.0,Graduated,High,63913,110.71145984438877,3.3973436008606606,5.851704661023579,82.78145695364239,1.0,High
Kaligayahan,5,3,3,2723.33333333333,Active,Middle,62132,109.99053670406921,2.762065429525983,3.2189531964205242,72.42524916943522,1.0,Middle
Kaligayahan,7,2,2,5597.61904761904,Active,High,62132,109.99053670406921,2.762065429525983,3.2189531964205242,72.42524916943522,1.0,Middle
Kaligayahan,11,4,4,4098.78787878787,Active,High,62132,109.99053670406921,2.762065429525983,3.2189531964205242,72.42524916943522,1.0,High
Kaligayahan,8,3,0,4897.91666666666,Active,High,62132,109.99053670406921,2.762065429525983,3.2189531964205242,72.42524916943522,0.0,High
Kaligayahan,5,4,4,3696.0,Graduated,High,62132,109.99053670406921,2.762065429525983,3.2189531964205242,72.42524916943522,1.0,High
Kaligayahan,5,1,1,6786.66666666666,Active,High,62132,109.99053670406921,2.762065429525983,3.2189531964205242,72.42524916943522,1.0,High
Kaligayahan,5,2,2,5266.66666666666,Delisted,High,62132,109.99053670406921,2.762065429525983,3.2189531964205242,72.42524916943522,1.0,High
Fairview,7,3,3,3114.28571428571,Graduated,Middle,63913,110.71145984438877,3.3973436008606606,5.851704661023579,82.78145695364239,1.0,Middle
Bagbag,6,4,2,2655.55555555555,Active,Middle,66268,70.79821644887755,2.497950597806753,4.783605963662703,85.5813953488372,0.5,Middle
Bagbag,7,5,3,2950.0,Active,Middle,66268,70.79821644887755,2.497950597806753,4.783605963662703,85.5813953488372,0.6,Low
Bagbag,5,3,3,2036.66666666666,Active,Low,66268,70.79821644887755,2.497950597806753,4.783605963662703,85.5813953488372,1.0,Middle
Bagbag,4,2,2,4558.33333333333,Active,High,66268,70.79821644887755,2.497950597806753,4.783605963662703,85.5813953488372,1.0,High
Bagbag,8,4,2,4491.66666666666,Active,High,66268,70.79821644887755,2.497950597806753,4.783605963662703,85.5813953488372,0.5,High
Bagbag,5,3,3,1553.33333333333,Active,Low,66268,70.79821644887755,2.497950597806753,4.783605963662703,85.5813953488372,1.0,Middle
Bagbag,4,2,2,1304.16666666666,Active,Low,66268,70.79821644887755,2.497950597806753,4.783605963662703,85.5813953488372,1.0,High
Pasong Putik Proper,6,2,1,6445.83333333333,Delisted,High,40919,96.68813689675062,2.5641668337677963,3.690217258486278,79.58477508650519,0.5,Middle
Gulod,7,2,2,6372.38095238095,Graduated,High,63651,36.28013531452062,1.773208403952544,4.917440417275455,85.99779492833517,1.0,High
Santa Monica,7,4,3,2857.14285714285,Active,Middle,52203,90.8422899758719,0.7118879499942123,4.061069287205716,81.56424581005587,0.75,Low
Santa Lucia,11,3,3,5274.69696969697,Active,High,28974,54.742576372569964,2.690058479532164,7.24787740733071,82.38636363636364,1.0,High
Santa Monica,7,2,2,4000.0,Graduated,High,52203,90.8422899758719,0.7118879499942123,4.061069287205716,81.56424581005587,1.0,High
Santa Lucia,4,2,2,3591.66666666666,Active,High,28974,54.742576372569964,2.690058479532164,7.24787740733071,82.38636363636364,1.0,Middle
Santa Lucia,6,2,2,5113.88888888888,Graduated,High,28974,54.742576372569964,2.690058479532164,7.24787740733071,82.38636363636364,1.0,High
Fairview,4,3,3,3958.33333333333,Active,High,63913,110.71145984438877,3.3973436008606606,5.851704661023579,82.78145695364239,1.0,Middle
Fairview,9,6,3,2333.33333333333,Graduated,Middle,63913,110.71145984438877,3.3973436008606606,5.851704661023579,82.78145695364239,0.5,Middle
Santa Lucia,6,4,3,2891.66666666666,Active,Middle,28974,54.742576372569964,2.690058479532164,7.24787740733071,82.38636363636364,0.75,High
Fairview,7,4,3,2950.0,Active,Middle,63913,110.71145984438877,3.3973436008606606,5.851704661023579,82.78145695364239,0.75,Middle
Fairview,6,4,3,2175.0,Active,Low,63913,110.71145984438877,3.3973436008606606,5.851704661023579,82.78145695364239,0.75,Middle
Fairview,4,2,2,4837.5,Active,High,63913,110.71145984438877,3.3973436008606606,5.851704661023579,82.78145695364239,1.0,Middle
Fairview,5,3,2,3230.0,Active,High,63913,110.71145984438877,3.3973436008606606,5.851704661023579,82.78145695364239,0.6666666666666666,Middle
Fairview,5,3,3,3876.0,Active,High,63913,110.71145984438877,3.3973436008606606,5.851704661023579,82.78145695364239,1.0,High
Fairview,11,5,3,3822.12121212121,Graduated,High,63913,110.71145984438877,3.3973436008606606,5.851704661023579,82.78145695364239,0.6,High
Santa Monica,5,3,3,1978.0,Active,Low,52203,90.8422899758719,0.7118879499942123,4.061069287205716,81.56424581005587,1.0,Low
Kaligayahan,5,3,1,4560.0,Graduated,High,62132,109.99053670406921,2.762065429525983,3.2189531964205242,72.42524916943522,0.3333333333333333,High
Kaligayahan,4,2,0,5412.5,Graduated,High,62132,109.99053670406921,2.762065429525983,3.2189531964205242,72.42524916943522,0.0,High
Gulod,3,1,1,4733.33333333333,Delisted,High,63651,36.28013531452062,1.773208403952544,4.917440417275455,85.99779492833517,1.0,High
Kaligayahan,5,3,2,5880.0,Graduated,High,62132,109.99053670406921,2.762065429525983,3.2189531964205242,72.42524916943522,0.6666666666666666,High
Santa Lucia,7,3,3,3315.71428571428,Graduated,High,28974,54.742576372569964,2.690058479532164,7.24787740733071,82.38636363636364,1.0,High
Santa Lucia,5,3,3,2400.0,Delisted,Middle,28974,54.742576372569964,2.690058479532164,7.24787740733071,82.38636363636364,1.0,High
Santa Lucia,7,2,2,4728.0,Graduated,High,28974,54.742576372569964,2.690058479532164,7.24787740733071,82.38636363636364,1.0,High
Capri,5,2,2,3920.0,Active,High,12940,10.466108929486087,0.2867550182128187,,84.23236514522821,1.0,Low
Santa Monica,6,3,3,2200.0,Active,Middle,52203,90.8422899758719,0.7118879499942123,4.061069287205716,81.56424581005587,1.0,Low
Bagbag,8,3,3,6422.91666666666,Active,High,66268,70.79821644887755,2.497950597806753,4.783605963662703,85.5813953488372,1.0,High
Capri,6,3,3,2050.0,Graduated,Low,12940,10.466108929486087,0.2867550182128187,,84.23236514522821,1.0,Low
Santa Monica,4,2,2,1033.33333333333,Delisted,Low,52203,90.8422899758719,0.7118879499942123,4.061069287205716,81.56424581005587,1.0,Low
Bagbag,5,2,2,4010.0,Graduated,High,66268,70.79821644887755,2.497950597806753,4.783605963662703,85.5813953488372,1.0,High
Bagbag,6,2,1,5975.0,Active,High,66268,70.79821644887755,2.497950597806753,4.783605963662703,85.5813953488372,0.5,Low
Pasong Putik Proper,3,2,0,3555.55555555555,Delisted,High,40919,96.68813689675062,2.5641668337677963,3.690217258486278,79.58477508650519,0.0,High
Bagbag,4,2,2,6362.5,Active,High,66268,70.79821644887755,2.497950597806753,4.783605963662703,85.5813953488372,1.0,High
Gulod,5,1,1,3050.0,Delisted,Middle,63651,36.28013531452062,1.773208403952544,4.917440417275455,85.99779492833517,1.0,High
Capri,4,2,2,2100.0,Active,Low,12940,10.466108929486087,0.2867550182128187,,84.23236514522821,1.0,High
Bagbag,5,3,3,3644.16666666666,Active,High,66268,70.79821644887755,2.497950597806753,4.783605963662703,85.5813953488372,1.0,Middle
Capri,5,2,2,3150.0,Graduated,High,12940,10.466108929486087,0.2867550182128187,,84.23236514522821,1.0,High
North Fairview,5,3,2,4242.0,Graduated,High,47019,187.98309548600477,5.879571248423708,4.211063612582148,76.92307692307693,0.6666666666666666,High
Pasong Putik Proper,8,2,2,2229.16666666666,Active,Middle,40919,96.68813689675062,2.5641668337677963,3.690217258486278,79.58477508650519,1.0,Middle
North Fairview,9,6,4,2857.4074074074,Active,Middle,47019,187.98309548600477,5.879571248423708,4.211063612582148,76.92307692307693,0.6666666666666666,Middle
North Fairview,10,7,5,870.0,Active,Low,47019,187.98309548600477,5.879571248423708,4.211063612582148,76.92307692307693,0.7142857142857143,Low
North Fairview,5,2,2,2936.66666666666,Active,Middle,47019,187.98309548600477,5.879571248423708,4.211063612582148,76.92307692307693,1.0,Middle
Gulod,5,3,2,5274.0,Delisted,High,63651,36.28013531452062,1.773208403952544,4.917440417275455,85.99779492833517,0.6666666666666666,Middle
North Fairview,6,4,3,3333.88888888888,Active,High,47019,187.98309548600477,5.879571248423708,4.211063612582148,76.92307692307693,0.75,Low
North Fairview,9,5,3,1851.85185185185,Active,Low,47019,187.98309548600477,5.879571248423708,4.211063612582148,76.92307692307693,0.6,Low
Fairview,6,3,0,5991.66666666666,Inactive,High,63913,110.71145984438877,3.3973436008606606,5.851704661023579,82.78145695364239,0.0,High
North Fairview,7,5,3,1945.23809523809,Active,Low,47019,187.98309548600477,5.879571248423708,4.211063612582148,76.92307692307693,0.6,Low
Fairview,4,3,3,754.166666666666,Active,Low,63913,110.71145984438877,3.3973436008606606,5.851704661023579,82.78145695364239,1.0,Middle
Bagbag,4,2,2,2212.5,Active,Middle,66268,70.79821644887755,2.497950597806753,4.783605963662703,85.5813953488372,1.0,High
Bagbag,7,3,3,2757.14285714285,Active,Middle,66268,70.79821644887755,2.497950597806753,4.783605963662703,85.5813953488372,1.0,Middle
Bagbag,3,2,2,6250.0,Active,High,66268,70.79821644887755,2.497950597806753,4.783605963662703,85.5813953488372,1.0,High
Bagbag,7,3,2,3777.38095238095,Active,High,66268,70.79821644887755,2.497950597806753,4.783605963662703,85.5813953488372,0.6666666666666666,Low
Bagbag,3,2,2,6850.0,Graduated,High,66268,70.79821644887755,2.497950597806753,4.783605963662703,85.5813953488372,1.0,High
Nagkaisang Nayon,4,2,2,2450.0,Active,Middle,54477,41.13943727654283,1.2941373347464717,1.156451346439782,74.24242424242425,1.0,Middle
Nagkaisang Nayon,5,6,6,1490.0,Active,Low,54477,41.13943727654283,1.2941373347464717,1.156451346439782,74.24242424242425,1.0,Low
Pasong Putik Proper,5,3,2,4563.33333333333,Active,High,40919,96.68813689675062,2.5641668337677963,3.690217258486278,79.58477508650519,0.6666666666666666,High
Santa Monica,5,3,3,2299.0,Active,Middle,52203,90.8422899758719,0.7118879499942123,4.061069287205716,81.56424581005587,1.0,Low
Bagbag,6,2,2,3602.77777777777,Active,High,66268,70.79821644887755,2.497950597806753,4.783605963662703,85.5813953488372,1.0,Low
Santa Monica,2,2,2,1850.0,Active,Low,52203,90.8422899758719,0.7118879499942123,4.061069287205716,81.56424581005587,1.0,Low
Santa Monica,3,1,1,1977.77777777777,Active,Low,52203,90.8422899758719,0.7118879499942123,4.061069287205716,81.56424581005587,1.0,Low
Nagkaisang Nayon,7,3,3,2161.90476190476,Active,Low,54477,41.13943727654283,1.2941373347464717,1.156451346439782,74.24242424242425,1.0,Low
Bagbag,5,3,2,3026.66666666666,Active,Middle,66268,70.79821644887755,2.497950597806753,4.783605963662703,85.5813953488372,0.6666666666666666,Middle
Santa Monica,2,2,2,2008.33333333333,Active,Low,52203,90.8422899758719,0.7118879499942123,4.061069287205716,81.56424581005587,1.0,Low
Bagbag,7,2,1,7878.57142857142,Graduated,High,66268,70.79821644887755,2.497950597806753,4.783605963662703,85.5813953488372,0.5,High
Santa Monica,3,1,0,1188.88888888888,Delisted,Low,52203,90.8422899758719,0.7118879499942123,4.061069287205716,81.56424581005587,0.0,Low
Novaliches Proper,5,3,2,4976.0,Graduated,High,16096,33.267097201523434,4.059994828032066,30.318091451292243,80.2919708029197,0.6666666666666666,High
Bagbag,7,3,3,4244.04761904761,Graduated,High,66268,70.79821644887755,2.497950597806753,4.783605963662703,85.5813953488372,1.0,High
Bagbag,6,3,2,5758.33333333333,Graduated,High,66268,70.79821644887755,2.497950597806753,4.783605963662703,85.5813953488372,0.6666666666666666,High
Novaliches Proper,3,2,2,5160.0,Delisted,High,16096,33.267097201523434,4.059994828032066,30.318091451292243,80.2919708029197,1.0,High
Santa Monica,4,1,1,1825.0,Active,Low,52203,90.8422899758719,0.7118879499942123,4.061069287205716,81.56424581005587,1.0,Low
Bagbag,6,1,1,4305.55555555555,Graduated,High,66268,70.79821644887755,2.497950597806753,4.783605963662703,85.5813953488372,1.0,High
Bagbag,5,2,2,8600.0,Graduated,High,66268,70.79821644887755,2.497950597806753,4.783605963662703,85.5813953488372,1.0,High
Santa Monica,4,1,1,1391.66666666666,Active,Low,52203,90.8422899758719,0.7118879499942123,4.061069287205716,81.56424581005587,1.0,Low
Novaliches Proper,12,3,1,1138.88888888888,Delisted,Low,16096,33.267097201523434,4.059994828032066,30.318091451292243,80.2919708029197,0.3333333333333333,Low
Bagbag,7,5,3,6285.71428571428,Delisted,High,66268,70.79821644887755,2.497950597806753,4.783605963662703,85.5813953488372,0.6,High
Novaliches Proper,4,1,1,3975.0,Graduated,High,16096,33.267097201523434,4.059994828032066,30.318091451292243,80.2919708029197,1.0,High
Bagbag,3,2,2,3277.77777777777,Active,High,66268,70.79821644887755,2.497950597806753,4.783605963662703,85.5813953488372,1.0,High
Bagbag,5,2,2,4870.0,Active,High,66268,70.79821644887755,2.497950597806753,4.783605963662703,85.5813953488372,1.0,High
Bagbag,5,2,1,2470.0,Active,Middle,66268,70.79821644887755,2.497950597806753,4.783605963662703,85.5813953488372,0.5,Middle
Santa Lucia,4,1,1,7620.0,Graduated,High,28974,54.742576372569964,2.690058479532164,7.24787740733071,82.38636363636364,1.0,High
Santa Monica,6,1,1,5666.66666666666,Graduated,High,52203,90.8422899758719,0.7118879499942123,4.061069287205716,81.56424581005587,1.0,High
Kaligayahan,3,1,1,2100.0,Inactive,Low,62132,109.99053670406921,2.762065429525983,3.2189531964205242,72.42524916943522,1.0,Low
Gulod,5,2,1,3013.33333333333,Delisted,Middle,63651,36.28013531452062,1.773208403952544,4.917440417275455,85.99779492833517,0.5,High
Gulod,5,3,3,3123.33333333333,Active,Middle,63651,36.28013531452062,1.773208403952544,4.917440417275455,85.99779492833517,1.0,Middle
Gulod,6,4,2,1186.11111111111,Active,Low,63651,36.28013531452062,1.773208403952544,4.917440417275455,85.99779492833517,0.5,Low
Gulod,6,1,1,4280.55555555555,Delisted,High,63651,36.28013531452062,1.773208403952544,4.917440417275455,85.99779492833517,1.0,High
Gulod,6,2,1,4091.66666666666,Active,High,63651,36.28013531452062,1.773208403952544,4.917440417275455,85.99779492833517,0.5,Low
Gulod,6,3,3,6083.33333333333,Active,High,63651,36.28013531452062,1.773208403952544,4.917440417275455,85.99779492833517,1.0,Middle
Gulod,5,3,3,2656.66666666666,Active,Middle,63651,36.28013531452062,1.773208403952544,4.917440417275455,85.99779492833517,1.0,Middle
Gulod,6,3,1,1358.33333333333,Active,Low,63651,36.28013531452062,1.773208403952544,4.917440417275455,85.99779492833517,0.3333333333333333,Middle
Gulod,6,3,3,2486.11111111111,Active,Middle,63651,36.28013531452062,1.773208403952544,4.917440417275455,85.99779492833517,1.0,Middle
Gulod,4,2,2,5904.16666666666,Active,High,63651,36.28013531452062,1.773208403952544,4.917440417275455,85.99779492833517,1.0,High
Gulod,5,2,2,3856.66666666666,Active,High,63651,36.28013531452062,1.773208403952544,4.917440417275455,85.99779492833517,1.0,High
Bagbag,4,2,2,3337.5,Active,High,66268,70.79821644887755,2.497950597806753,4.783605963662703,85.5813953488372,1.0,High
Bagbag,6,4,4,5441.66666666666,Active,High,66268,70.79821644887755,2.497950597806753,4.783605963662703,85.5813953488372,1.0,Middle
Bagbag,5,4,3,4103.33333333333,Active,High,66268,70.79821644887755,2.497950597806753,4.783605963662703,85.5813953488372,0.75,Middle
Bagbag,8,1,1,3306.25,Active,High,66268,70.79821644887755,2.497950597806753,4.783605963662703,85.5813953488372,1.0,High
Bagbag,7,3,3,4536.19047619047,Active,High,66268,70.79821644887755,2.497950597806753,4.783605963662703,85.5813953488372,1.0,Middle
Bagbag,3,2,2,6294.44444444444,Graduated,High,66268,70.79821644887755,2.497950597806753,4.783605963662703,85.5813953488372,1.0,High
Bagbag,6,2,2,7425.0,Graduated,High,66268,70.79821644887755,2.497950597806753,4.783605963662703,85.5813953488372,1.0,High
Bagbag,3,1,1,4783.33333333333,Delisted,High,66268,70.79821644887755,2.497950597806753,4.783605963662703,85.5813953488372,1.0,High
Bagbag,6,2,2,2987.5,Active,Middle,66268,70.79821644887755,2.497950597806753,4.783605963662703,85.5813953488372,1.0,Low
Bagbag,2,1,0,6333.33333333333,Graduated,High,66268,70.79821644887755,2.497950597806753,4.783605963662703,85.5813953488372,0.0,High
Bagbag,4,3,3,4257.5,Active,High,66268,70.79821644887755,2.497950597806753,4.783605963662703,85.5813953488372,1.0,High
Bagbag,6,2,1,1841.66666666666,Active,Low,66268,70.79821644887755,2.497950597806753,4.783605963662703,85.5813953488372,0.5,Low
Capri,5,2,2,3620.0,Active,High,12940,10.466108929486087,0.2867550182128187,,84.23236514522821,1.0,Low
Capri,4,1,1,6258.33333333333,Graduated,High,12940,10.466108929486087,0.2867550182128187,,84.23236514522821,1.0,High
Capri,4,2,2,3620.83333333333,Active,High,12940,10.466108929486087,0.2867550182128187,,84.23236514522821,1.0,High
Capri,3,1,1,2900.0,Delisted,Middle,12940,10.466108929486087,0.2867550182128187,,84.23236514522821,1.0,Middle
Capri,6,2,2,1875.0,Active,Low,12940,10.466108929486087,0.2867550182128187,,84.23236514522821,1.0,Low
Capri,3,1,1,3094.44444444444,Active,Middle,12940,10.466108929486087,0.2867550182128187,,84.23236514522821,1.0,High
Capri,6,3,1,2000.0,Active,Low,12940,10.466108929486087,0.2867550182128187,,84.23236514522821,0.3333333333333333,Low
Capri,6,4,3,2422.22222222222,Active,Middle,12940,10.466108929486087,0.2867550182128187,,84.23236514522821,0.75,Middle
Capri,5,4,3,1886.66666666666,Active,Low,12940,10.466108929486087,0.2867550182128187,,84.23236514522821,0.75,Low
Capri,5,4,4,2103.33333333333,Delisted,Low,12940,10.466108929486087,0.2867550182128187,,84.23236514522821,1.0,Low
Santa Monica,5,2,2,2946.66666666666,Delisted,Middle,52203,90.8422899758719,0.7118879499942123,4.061069287205716,81.56424581005587,1.0,Low
North Fairview,5,3,2,1820.0,Active,Low,47019,187.98309548600477,5.879571248423708,4.211063612582148,76.92307692307693,0.6666666666666666,Low
North Fairview,4,2,2,3762.5,Active,High,47019,187.98309548600477,5.879571248423708,4.211063612582148,76.92307692307693,1.0,Middle
North Fairview,4,1,1,2916.66666666666,Active,Middle,47019,187.98309548600477,5.879571248423708,4.211063612582148,76.92307692307693,1.0,Low
North Fairview,6,4,3,2033.33333333333,Active,Low,47019,187.98309548600477,5.879571248423708,4.211063612582148,76.92307692307693,0.75,Low
Santa Lucia,10,4,4,4737.16666666666,Active,High,28974,54.742576372569964,2.690058479532164,7.24787740733071,82.38636363636364,1.0,Low
North Fairview,7,5,5,2478.57142857142,Active,Middle,47019,187.98309548600477,5.879571248423708,4.211063612582148,76.92307692307693,1.0,Low
North Fairview,8,6,5,1985.41666666666,Active,Low,47019,187.98309548600477,5.879571248423708,4.211063612582148,76.92307692307693,0.8333333333333334,Low
Santa Lucia,4,2,2,2018.75,Active,Low,28974,54.742576372569964,2.690058479532164,7.24787740733071,82.38636363636364,1.0,Middle
Santa Lucia,6,3,2,3590.27777777777,Active,High,28974,54.742576372569964,2.690058479532164,7.24787740733071,82.38636363636364,0.6666666666666666,High
San Bartolome,5,1,0,4068.0,Delisted,High,51472,38.59658570736173,0.6334558536013138,1.3988187752564503,83.91608391608392,0.0,High
San Bartolome,5,3,2,5136.0,Delisted,High,51472,38.59658570736173,0.6334558536013138,1.3988187752564503,83.91608391608392,0.6666666666666666,Middle
Bagbag,5,1,1,5970.0,Graduated,High,66268,70.79821644887755,2.497950597806753,4.783605963662703,85.5813953488372,1.0,High
Gulod,5,1,1,6800.0,Graduated,High,63651,36.28013531452062,1.773208403952544,4.917440417275455,85.99779492833517,1.0,High
Gulod,7,4,4,1521.42857142857,Active,Low,63651,36.28013531452062,1.773208403952544,4.917440417275455,85.99779492833517,1.0,Low
Bagbag,6,1,1,8341.66666666666,Graduated,High,66268,70.79821644887755,2.497950597806753,4.783605963662703,85.5813953488372,1.0,High
Santa Lucia,7,5,2,3839.28571428571,Active,High,28974,54.742576372569964,2.690058479532164,7.24787740733071,82.38636363636364,0.4,High
Bagbag,7,2,2,4000.0,Graduated,High,66268,70.79821644887755,2.497950597806753,4.783605963662703,85.5813953488372,1.0,High
Gulod,6,1,1,5258.33333333333,Active,High,63651,36.28013531452062,1.773208403952544,4.917440417275455,85.99779492833517,1.0,High
Santa Monica,6,2,2,2000.0,Delisted,Low,52203,90.8422899758719,0.7118879499942123,4.061069287205716,81.56424581005587,1.0,Low
Gulod,7,3,2,2426.19047619047,Active,Middle,63651,36.28013531452062,1.773208403952544,4.917440417275455,85.99779492833517,0.6666666666666666,Middle
Gulod,4,2,1,3895.83333333333,Active,High,63651,36.28013531452062,1.773208403952544,4.917440417275455,85.99779492833517,0.5,High
Santa Lucia,7,4,4,3928.33333333333,Active,High,28974,54.742576372569964,2.690058479532164,7.24787740733071,82.38636363636364,1.0,High
Bagbag,6,3,3,3275.0,Active,High,66268,70.79821644887755,2.497950597806753,4.783605963662703,85.5813953488372,1.0,Middle
Santa Lucia,7,4,3,3079.7619047619,Active,Middle,28974,54.742576372569964,2.690058479532164,7.24787740733071,82.38636363636364,0.75,Middle
Santa Monica,5,2,2,4480.0,Delisted,High,52203,90.8422899758719,0.7118879499942123,4.061069287205716,81.56424581005587,1.0,Low
Santa Lucia,9,4,4,1565.74074074074,Active,Low,28974,54.742576372569964,2.690058479532164,7.24787740733071,82.38636363636364,1.0,Low
Santa Monica,4,3,3,416.666666666666,Active,Low,52203,90.8422899758719,0.7118879499942123,4.061069287205716,81.56424581005587,1.0,Low
Santa Monica,2,2,1,1441.66666666666,Active,Low,52203,90.8422899758719,0.7118879499942123,4.061069287205716,81.56424581005587,0.5,Low
Santa Monica,4,3,2,833.333333333333,Delisted,Low,52203,90.8422899758719,0.7118879499942123,4.061069287205716,81.56424581005587,0.6666666666666666,Low
Santa Monica,6,1,1,10038.8888888888,Active,High,52203,90.8422899758719,0.7118879499942123,4.061069287205716,81.56424581005587,1.0,Low
Santa Monica,7,1,1,1414.28571428571,Delisted,Low,52203,90.8422899758719,0.7118879499942123,4.061069287205716,81.56424581005587,1.0,Low
Santa Monica,4,2,2,1300.0,Active,Low,52203,90.8422899758719,0.7118879499942123,4.061069287205716,81.56424581005587,1.0,Low
San Bartolome,8,1,0,3270.83333333333,Delisted,High,51472,38.59658570736173,0.6334558536013138,1.3988187752564503,83.91608391608392,0.0,High
Santa Monica,3,2,2,1211.11111111111,Active,Low,52203,90.8422899758719,0.7118879499942123,4.061069287205716,81.56424581005587,1.0,Low
Santa Monica,7,1,1,1033.33333333333,Active,Low,52203,90.8422899758719,0.7118879499942123,4.061069287205716,81.56424581005587,1.0,Low
Santa Monica,3,1,1,1733.33333333333,Inactive,Low,52203,90.8422899758719,0.7118879499942123,4.061069287205716,81.56424581005587,1.0,Low
Santa Monica,3,2,0,2166.66666666666,Active,Low,52203,90.8422899758719,0.7118879499942123,4.061069287205716,81.56424581005587,0.0,Low
Santa Monica,5,3,2,1733.33333333333,Active,Low,52203,90.8422899758719,0.7118879499942123,4.061069287205716,81.56424581005587,0.6666666666666666,Low
Santa Monica,5,1,1,966.666666666666,Delisted,Low,52203,90.8422899758719,0.7118879499942123,4.061069287205716,81.56424581005587,1.0,Low
Santa Monica,3,2,2,944.444444444444,Active,Low,52203,90.8422899758719,0.7118879499942123,4.061069287205716,81.56424581005587,1.0,Low
San Bartolome,4,2,1,8240.0,Graduated,High,51472,38.59658570736173,0.6334558536013138,1.3988187752564503,83.91608391608392,0.5,High
Nagkaisang Nayon,3,1,1,1333.33333333333,Active,Low,54477,41.13943727654283,1.2941373347464717,1.156451346439782,74.24242424242425,1.0,Middle
San Bartolome,5,2,2,7779.33333333333,Graduated,High,51472,38.59658570736173,0.6334558536013138,1.3988187752564503,83.91608391608392,1.0,High
San Bartolome,4,3,2,2000.0,Delisted,Low,51472,38.59658570736173,0.6334558536013138,1.3988187752564503,83.91608391608392,0.6666666666666666,Low
San Bartolome,5,1,1,1690.0,Active,Low,51472,38.59658570736173,0.6334558536013138,1.3988187752564503,83.91608391608392,1.0,Low
San Bartolome,3,2,1,927.777777777777,Active,Low,51472,38.59658570736173,0.6334558536013138,1.3988187752564503,83.91608391608392,0.5,High
San Bartolome,5,3,2,2560.0,Graduated,Middle,51472,38.59658570736173,0.6334558536013138,1.3988187752564503,83.91608391608392,0.6666666666666666,Middle
Santa Monica,6,4,3,1170.55555555555,Active,Low,52203,90.8422899758719,0.7118879499942123,4.061069287205716,81.56424581005587,0.75,Low
Santa Monica,4,1,1,2841.66666666666,Delisted,Middle,52203,90.8422899758719,0.7118879499942123,4.061069287205716,81.56424581005587,1.0,Middle
Santa Monica,5,1,1,1073.33333333333,Delisted,Low,52203,90.8422899758719,0.7118879499942123,4.061069287205716,81.56424581005587,1.0,Low
Santa Monica,2,1,1,2687.5,Active,Middle,52203,90.8422899758719,0.7118879499942123,4.061069287205716,81.56424581005587,1.0,Middle
Kaligayahan,3,2,2,2522.22222222222,Active,Middle,62132,109.99053670406921,2.762065429525983,3.2189531964205242,72.42524916943522,1.0,High
San Agustin,4,4,2,10250.0,Graduated,High,26034,24.863309352517984,2.6779727864326563,8.873012214796036,86.71875,0.5,High
Novaliches Proper,4,3,3,3654.16666666666,Graduated,High,16096,33.267097201523434,4.059994828032066,30.318091451292243,80.2919708029197,1.0,High
Kaligayahan,6,1,0,2111.11111111111,Delisted,Low,62132,109.99053670406921,2.762065429525983,3.2189531964205242,72.42524916943522,0.0,Low
Gulod,4,3,3,4692.5,Graduated,High,63651,36.28013531452062,1.773208403952544,4.917440417275455,85.99779492833517,1.0,High
Gulod,6,4,0,1611.11111111111,Delisted,Low,63651,36.28013531452062,1.773208403952544,4.917440417275455,85.99779492833517,0.0,Low
Gulod,3,2,1,6738.88888888889,Active,High,63651,36.28013531452062,1.773208403952544,4.917440417275455,85.99779492833517,0.5,High
Gulod,5,1,1,7586.66666666666,Graduated,High,63651,36.28013531452062,1.773208403952544,4.917440417275455,85.99779492833517,1.0,High
Nagkaisang Nayon,6,3,3,3066.66666666666,Active,Middle,54477,41.13943727654283,1.2941373347464717,1.156451346439782,74.24242424242425,1.0,Middle
Nagkaisang Nayon,4,1,1,4916.66666666666,Active,High,54477,41.13943727654283,1.2941373347464717,1.156451346439782,74.24242424242425,1.0,High
Nagkaisang Nayon,3,3,3,6822.22222222222,Graduated,High,54477,41.13943727654283,1.2941373347464717,1.156451346439782,74.24242424242425,1.0,High
Bagbag,9,4,3,3553.7037037037,Graduated,High,66268,70.79821644887755,2.497950597806753,4.783605963662703,85.5813953488372,0.75,High
Bagbag,5,1,1,3621.66666666666,Active,High,66268,70.79821644887755,2.497950597806753,4.783605963662703,85.5813953488372,1.0,High
Kaligayahan,4,1,0,4922.5,Inactive,High,62132,109.99053670406921,2.762065429525983,3.2189531964205242,72.42524916943522,0.0,High
Bagbag,4,2,2,4739.58333333333,Graduated,High,66268,70.79821644887755,2.497950597806753,4.783605963662703,85.5813953488372,1.0,High
Santa Monica,5,3,2,1866.66666666666,Delisted,Low,52203,90.8422899758719,0.7118879499942123,4.061069287205716,81.56424581005587,0.6666666666666666,Low
Capri,3,1,1,5944.44444444444,Active,High,12940,10.466108929486087,0.2867550182128187,,84.23236514522821,1.0,High
Bagbag,6,3,3,3330.55555555555,Active,High,66268,70.79821644887755,2.497950597806753,4.783605963662703,85.5813953488372,1.0,Middle
Bagbag,5,1,1,7876.66666666666,Graduated,High,66268,70.79821644887755,2.497950597806753,4.783605963662703,85.5813953488372,1.0,High
Bagbag,3,1,1,7994.44444444444,Graduated,High,66268,70.79821644887755,2.497950597806753,4.783605963662703,85.5813953488372,1.0,High
Bagbag,2,1,1,6525.0,Active,High,66268,70.79821644887755,2.497950597806753,4.783605963662703,85.5813953488372,1.0,High
Santa Monica,6,1,1,2900.0,Delisted,Middle,52203,90.8422899758719,0.7118879499942123,4.061069287205716,81.56424581005587,1.0,Low
Gulod,6,1,1,1450.0,Delisted,Low,63651,36.28013531452062,1.773208403952544,4.917440417275455,85.99779492833517,1.0,High
Santa Monica,3,3,3,1244.44444444444,Active,Low,52203,90.8422899758719,0.7118879499942123,4.061069287205716,81.56424581005587,1.0,Low
Bagbag,4,3,1,3087.5,Active,Middle,66268,70.79821644887755,2.497950597806753,4.783605963662703,85.5813953488372,0.3333333333333333,Middle
Santa Monica,5,3,2,1513.33333333333,Active,Low,52203,90.8422899758719,0.7118879499942123,4.061069287205716,81.56424581005587,0.6666666666666666,Low
Capri,4,1,1,625.0,Active,Low,12940,10.466108929486087,0.2867550182128187,,84.23236514522821,1.0,Middle
Bagbag,4,2,2,3887.5,Graduated,High,66268,70.79821644887755,2.497950597806753,4.783605963662703,85.5813953488372,1.0,High
Gulod,9,4,2,1968.51851851851,Active,Low,63651,36.28013531452062,1.773208403952544,4.917440417275455,85.99779492833517,0.5,Low
Bagbag,7,1,1,4058.33333333333,Graduated,High,66268,70.79821644887755,2.497950597806753,4.783605963662703,85.5813953488372,1.0,High
Santa Monica,4,1,0,2000.0,Active,Low,52203,90.8422899758719,0.7118879499942123,4.061069287205716,81.56424581005587,0.0,Low
Santa Monica,4,1,0,1195.83333333333,Active,Low,52203,90.8422899758719,0.7118879499942123,4.061069287205716,81.56424581005587,0.0,Low
Capri,4,1,1,2362.5,Active,Middle,12940,10.466108929486087,0.2867550182128187,,84.23236514522821,1.0,Middle
Bagbag,3,1,0,3838.88888888888,Active,High,66268,70.79821644887755,2.497950597806753,4.783605963662703,85.5813953488372,0.0,High
Santa Monica,4,3,3,1415.41666666666,Active,Low,52203,90.8422899758719,0.7118879499942123,4.061069287205716,81.56424581005587,1.0,Low
Bagbag,3,1,1,6516.66666666666,Graduated,High,66268,70.79821644887755,2.497950597806753,4.783605963662703,85.5813953488372,1.0,High
Bagbag,6,2,2,5247.22222222222,Active,High,66268,70.79821644887755,2.497950597806753,4.783605963662703,85.5813953488372,1.0,Low
Santa Monica,3,2,1,1255.55555555555,Active,Low,52203,90.8422899758719,0.7118879499942123,4.061069287205716,81.56424581005587,0.5,Low
Capri,4,4,3,2150.0,Active,Low,12940,10.466108929486087,0.2867550182128187,,84.23236514522821,0.75,Low
Gulod,9,3,3,4650.0,Active,High,63651,36.28013531452062,1.773208403952544,4.917440417275455,85.99779492833517,1.0,Middle
Santa Monica,5,2,0,1650.0,Active,Low,52203,90.8422899758719,0.7118879499942123,4.061069287205716,81.56424581005587,0.0,Low
Capri,5,3,3,3150.0,Active,High,12940,10.466108929486087,0.2867550182128187,,84.23236514522821,1.0,High
Gulod,6,1,0,4308.33333333333,Active,High,63651,36.28013531452062,1.773208403952544,4.917440417275455,85.99779492833517,0.0,Middle
Gulod,4,1,1,1250.0,Active,Low,63651,36.28013531452062,1.773208403952544,4.917440417275455,85.99779492833517,1.0,High
Santa Monica,4,1,1,416.666666666666,Active,Low,52203,90.8422899758719,0.7118879499942123,4.061069287205716,81.56424581005587,1.0,Low
Santa Monica,5,2,1,2400.0,Active,Middle,52203,90.8422899758719,0.7118879499942123,4.061069287205716,81.56424581005587,0.5,Low
Santa Monica,5,3,3,3200.0,Graduated,High,52203,90.8422899758719,0.7118879499942123,4.061069287205716,81.56424581005587,1.0,Low
Santa Monica,5,3,3,2800.0,Active,Middle,52203,90.8422899758719,0.7118879499942123,4.061069287205716,81.56424581005587,1.0,Low
Pasong Putik Proper,3,2,2,4408.33333333333,Graduated,High,40919,96.68813689675062,2.5641668337677963,3.690217258486278,79.58477508650519,1.0,High
Pasong Putik Proper,4,1,1,3168.75,Graduated,High,40919,96.68813689675062,2.5641668337677963,3.690217258486278,79.58477508650519,1.0,High
Pasong Putik Proper,6,2,2,5531.94444444444,Delisted,High,40919,96.68813689675062,2.5641668337677963,3.690217258486278,79.58477508650519,1.0,Middle
Pasong Putik Proper,7,3,2,3353.57142857142,Active,High,40919,96.68813689675062,2.5641668337677963,3.690217258486278,79.58477508650519,0.6666666666666666,Low
Pasong Putik Proper,5,2,2,5750.0,Inactive,High,40919,96.68813689675062,2.5641668337677963,3.690217258486278,79.58477508650519,1.0,High
Pasong Putik Proper,3,2,2,5583.33333333333,Graduated,High,40919,96.68813689675062,2.5641668337677963,3.690217258486278,79.58477508650519,1.0,High
Santa Monica,5,3,3,1743.33333333333,Active,Low,52203,90.8422899758719,0.7118879499942123,4.061069287205716,81.56424581005587,1.0,Low
Santa Monica,7,2,2,2051.66666666666,Active,Low,52203,90.8422899758719,0.7118879499942123,4.061069287205716,81.56424581005587,1.0,Low
Santa Monica,7,2,2,1195.23809523809,Delisted,Low,52203,90.8422899758719,0.7118879499942123,4.061069287205716,81.56424581005587,1.0,Low
Santa Monica,5,1,1,1798.0,Active,Low,52203,90.8422899758719,0.7118879499942123,4.061069287205716,81.56424581005587,1.0,Low
Pasong Putik Proper,4,3,3,6708.33333333333,Active,High,40919,96.68813689675062,2.5641668337677963,3.690217258486278,79.58477508650519,1.0,High
Pasong Putik Proper,4,1,1,4819.58333333333,Graduated,High,40919,96.68813689675062,2.5641668337677963,3.690217258486278,79.58477508650519,1.0,High
Pasong Putik Proper,4,1,1,5477.08333333333,Active,High,40919,96.68813689675062,2.5641668337677963,3.690217258486278,79.58477508650519,1.0,High
Santa Monica,4,2,1,3475.0,Active,High,52203,90.8422899758719,0.7118879499942123,4.061069287205716,81.56424581005587,0.5,Low
Pasong Putik Proper,3,2,0,2636.11111111111,Active,Middle,40919,96.68813689675062,2.5641668337677963,3.690217258486278,79.58477508650519,0.0,Middle
Pasong Putik Proper,3,1,1,4183.33333333333,Graduated,High,40919,96.68813689675062,2.5641668337677963,3.690217258486278,79.58477508650519,1.0,High
Santa Monica,5,3,0,1380.0,Active,Low,52203,90.8422899758719,0.7118879499942123,4.061069287205716,81.56424581005587,0.0,Low
Santa Monica,5,3,3,1020.0,Active,Low,52203,90.8422899758719,0.7118879499942123,4.061069287205716,81.56424581005587,1.0,Low
Pasong Putik Proper,4,1,1,4172.91666666666,Graduated,High,40919,96.68813689675062,2.5641668337677963,3.690217258486278,79.58477508650519,1.0,High
Santa Monica,4,2,2,1632.08333333333,Delisted,Low,52203,90.8422899758719,0.7118879499942123,4.061069287205716,81.56424581005587,1.0,Low
Pasong Putik Proper,5,4,2,1171.66666666666,Delisted,Low,40919,96.68813689675062,2.5641668337677963,3.690217258486278,79.58477508650519,0.5,Low
Santa Monica,3,1,1,1133.33333333333,Active,Low,52203,90.8422899758719,0.7118879499942123,4.061069287205716,81.56424581005587,1.0,Low
Pasong Putik Proper,4,3,3,4352.08333333333,Active,High,40919,96.68813689675062,2.5641668337677963,3.690217258486278,79.58477508650519,1.0,High
Santa Monica,3,2,2,2288.88888888888,Active,Middle,52203,90.8422899758719,0.7118879499942123,4.061069287205716,81.56424581005587,1.0,Low
Santa Lucia,7,5,3,2375.0,Active,Middle,28974,54.742576372569964,2.690058479532164,7.24787740733071,82.38636363636364,0.6,Middle
Santa Monica,6,1,1,4765.83333333333,Active,High,52203,90.8422899758719,0.7118879499942123,4.061069287205716,81.56424581005587,1.0,Low
Santa Lucia,7,1,1,5829.28571428571,Graduated,High,28974,54.742576372569964,2.690058479532164,7.24787740733071,82.38636363636364,1.0,High
Santa Monica,6,3,3,2372.22222222222,Delisted,Middle,52203,90.8422899758719,0.7118879499942123,4.061069287205716,81.56424581005587,1.0,Low
Santa Monica,6,2,2,3166.66666666666,Graduated,High,52203,90.8422899758719,0.7118879499942123,4.061069287205716,81.56424581005587,1.0,High
Santa Monica,5,3,3,1433.33333333333,Active,Low,52203,90.8422899758719,0.7118879499942123,4.061069287205716,81.56424581005587,1.0,Low
Santa Monica,5,1,1,450.0,Graduated,Low,52203,90.8422899758719,0.7118879499942123,4.061069287205716,81.56424581005587,1.0,High
Santa Monica,4,2,1,1223.75,Active,Low,52203,90.8422899758719,0.7118879499942123,4.061069287205716,81.56424581005587,0.5,Low
Santa Monica,4,1,1,1258.33333333333,Active,Low,52203,90.8422899758719,0.7118879499942123,4.061069287205716,81.56424581005587,1.0,Low
Santa Monica,9,3,2,4195.88888888888,Graduated,High,52203,90.8422899758719,0.7118879499942123,4.061069287205716,81.56424581005587,0.6666666666666666,High
Santa Monica,6,3,3,1011.11111111111,Graduated,Low,52203,90.8422899758719,0.7118879499942123,4.061069287205716,81.56424581005587,1.0,Low
Santa Monica,6,1,1,555.555555555555,Graduated,Low,52203,90.8422899758719,0.7118879499942123,4.061069287205716,81.56424581005587,1.0,High
Santa Monica,6,3,3,1255.55555555555,Active,Low,52203,90.8422899758719,0.7118879499942123,4.061069287205716,81.56424581005587,1.0,Low
Santa Monica,5,2,2,1036.66666666666,Active,Low,52203,90.8422899758719,0.7118879499942123,4.061069287205716,81.56424581005587,1.0,Low
Santa Monica,4,1,0,1500.0,Delisted,Low,52203,90.8422899758719,0.7118879499942123,4.061069287205716,81.56424581005587,0.0,Low
Santa Monica,3,1,1,1612.22222222222,Active,Low,52203,90.8422899758719,0.7118879499942123,4.061069287205716,81.56424581005587,1.0,Low
Santa Monica,3,1,1,1711.11111111111,Active,Low,52203,90.8422899758719,0.7118879499942123,4.061069287205716,81.56424581005587,1.0,Low
Santa Monica,5,3,3,2000.0,Active,Low,52203,90.8422899758719,0.7118879499942123,4.061069287205716,81.56424581005587,1.0,Low
Santa Monica,5,3,3,806.666666666666,Active,Low,52203,90.8422899758719,0.7118879499942123,4.061069287205716,81.56424581005587,1.0,Low
Santa Monica,5,1,1,759.0,Delisted,Low,52203,90.8422899758719,0.7118879499942123,4.061069287205716,81.56424581005587,1.0,Low
Santa Lucia,7,2,2,3179.7619047619,Active,High,28974,54.742576372569964,2.690058479532164,7.24787740733071,82.38636363636364,1.0,High
Santa Lucia,7,2,2,6048.57142857142,Active,High,28974,54.742576372569964,2.690058479532164,7.24787740733071,82.38636363636364,1.0,High
San Bartolome,4,1,1,5801.25,Active,High,51472,38.59658570736173,0.6334558536013138,1.3988187752564503,83.91608391608392,1.0,High
Capri,6,1,1,1855.97222222222,Active,Low,12940,10.466108929486087,0.2867550182128187,,84.23236514522821,1.0,Low
Capri,6,3,2,2600.0,Active,Middle,12940,10.466108929486087,0.2867550182128187,,84.23236514522821,0.6666666666666666,Middle
Capri,6,2,1,3891.66666666666,Active,High,12940,10.466108929486087,0.2867550182128187,,84.23236514522821,0.5,Low
Capri,5,1,1,3836.0,Delisted,High,12940,10.466108929486087,0.2867550182128187,,84.23236514522821,1.0,Middle
Gulod,6,3,3,5150.0,Active,High,63651,36.28013531452062,1.773208403952544,4.917440417275455,85.99779492833517,1.0,Middle
Gulod,5,3,2,3523.33333333333,Active,High,63651,36.28013531452062,1.773208403952544,4.917440417275455,85.99779492833517,0.6666666666666666,High
Gulod,4,2,1,4312.5,Active,High,63651,36.28013531452062,1.773208403952544,4.917440417275455,85.99779492833517,0.5,High
Nagkaisang Nayon,6,4,4,4150.0,Active,High,54477,41.13943727654283,1.2941373347464717,1.156451346439782,74.24242424242425,1.0,Low
Nagkaisang Nayon,5,4,4,2244.66666666666,Active,Middle,54477,41.13943727654283,1.2941373347464717,1.156451346439782,74.24242424242425,1.0,Low
Capri,6,2,2,6865.55555555555,Graduated,High,12940,10.466108929486087,0.2867550182128187,,84.23236514522821,1.0,High
Capri,4,2,2,2487.5,Active,Middle,12940,10.466108929486087,0.2867550182128187,,84.23236514522821,1.0,High
Capri,8,5,4,3352.5,Graduated,High,12940,10.466108929486087,0.2867550182128187,,84.23236514522821,0.8,High
Capri,7,3,3,1359.5238095238,Active,Low,12940,10.466108929486087,0.2867550182128187,,84.23236514522821,1.0,Low
Capri,7,1,1,2859.04761904761,Active,Middle,12940,10.466108929486087,0.2867550182128187,,84.23236514522821,1.0,Middle
Capri,7,3,2,2673.80952380952,Active,Middle,12940,10.466108929486087,0.2867550182128187,,84.23236514522821,0.6666666666666666,Middle
Capri,8,4,3,1481.25,Active,Low,12940,10.466108929486087,0.2867550182128187,,84.23236514522821,0.75,Low
Capri,5,1,0,6297.33333333333,Graduated,High,12940,10.466108929486087,0.2867550182128187,,84.23236514522821,0.0,High
Nagkaisang Nayon,7,2,2,6538.09523809523,Graduated,High,54477,41.13943727654283,1.2941373347464717,1.156451346439782,74.24242424242425,1.0,High
Capri,7,2,2,1428.57142857142,Active,Low,12940,10.466108929486087,0.2867550182128187,,84.23236514522821,1.0,Low
Capri,8,1,1,2572.91666666666,Active,Middle,12940,10.466108929486087,0.2867550182128187,,84.23236514522821,1.0,Middle
Capri,7,2,2,3647.61904761904,Graduated,High,12940,10.466108929486087,0.2867550182128187,,84.23236514522821,1.0,High
Capri,4,2,2,14740.0,Graduated,High,12940,10.466108929486087,0.2867550182128187,,84.23236514522821,1.0,High
Nagkaisang Nayon,10,3,3,3776.33333333333,Graduated,High,54477,41.13943727654283,1.2941373347464717,1.156451346439782,74.24242424242425,1.0,High
Capri,9,3,2,3950.0,Graduated,High,12940,10.466108929486087,0.2867550182128187,,84.23236514522821,0.6666666666666666,High
Capri,15,2,2,2681.11111111111,Active,Middle,12940,10.466108929486087,0.2867550182128187,,84.23236514522821,1.0,Middle
Santa Monica,4,2,2,1366.66666666666,Active,Low,52203,90.8422899758719,0.7118879499942123,4.061069287205716,81.56424581005587,1.0,Low
Santa Monica,3,1,0,1077.77777777777,Active,Low,52203,90.8422899758719,0.7118879499942123,4.061069287205716,81.56424581005587,0.0,Low
Santa Monica,5,1,1,2040.0,Active,Low,52203,90.8422899758719,0.7118879499942123,4.061069287205716,81.56424581005587,1.0,Low
Santa Monica,3,2,2,1622.22222222222,Active,Low,52203,90.8422899758719,0.7118879499942123,4.061069287205716,81.56424581005587,1.0,Low
Santa Monica,5,3,3,946.666666666666,Active,Low,52203,90.8422899758719,0.7118879499942123,4.061069287205716,81.56424581005587,1.0,Low
Santa Monica,4,1,1,1608.33333333333,Active,Low,52203,90.8422899758719,0.7118879499942123,4.061069287205716,81.56424581005587,1.0,Low
Santa Monica,3,1,1,1788.88888888888,Active,Low,52203,90.8422899758719,0.7118879499942123,4.061069287205716,81.56424581005587,1.0,Low
Gulod,4,3,3,2254.16666666666,Active,Middle,63651,36.28013531452062,1.773208403952544,4.917440417275455,85.99779492833517,1.0,High
Santa Monica,4,3,3,1683.33333333333,Active,Low,52203,90.8422899758719,0.7118879499942123,4.061069287205716,81.56424581005587,1.0,Low
Santa Monica,3,1,1,1455.55555555555,Delisted,Low,52203,90.8422899758719,0.7118879499942123,4.061069287205716,81.56424581005587,1.0,Low
Gulod,5,2,2,3883.33333333333,Active,High,63651,36.28013531452062,1.773208403952544,4.917440417275455,85.99779492833517,1.0,High
Pasong Putik Proper,6,2,2,2834.72222222222,Active,Middle,40919,96.68813689675062,2.5641668337677963,3.690217258486278,79.58477508650519,1.0,High
Santa Monica,3,1,1,2022.22222222222,Active,Low,52203,90.8422899758719,0.7118879499942123,4.061069287205716,81.56424581005587,1.0,Low
Gulod,4,2,1,5687.5,Active,High,63651,36.28013531452062,1.773208403952544,4.917440417275455,85.99779492833517,0.5,High
Gulod,5,3,2,3380.0,Active,High,63651,36.28013531452062,1.773208403952544,4.917440417275455,85.99779492833517,0.6666666666666666,High
Gulod,5,2,2,5860.0,Delisted,High,63651,36.28013531452062,1.773208403952544,4.917440417275455,85.99779492833517,1.0,Middle
Gulod,5,2,2,3423.33333333333,Active,High,63651,36.28013531452062,1.773208403952544,4.917440417275455,85.99779492833517,1.0,High
Santa Monica,3,2,1,8600.0,Delisted,High,52203,90.8422899758719,0.7118879499942123,4.061069287205716,81.56424581005587,0.5,High
Santa Monica,5,3,3,3690.0,Active,High,52203,90.8422899758719,0.7118879499942123,4.061069287205716,81.56424581005587,1.0,Low
Santa Monica,5,2,2,5570.0,Active,High,52203,90.8422899758719,0.7118879499942123,4.061069287205716,81.56424581005587,1.0,Low
Santa Monica,6,4,3,2897.22222222222,Delisted,Middle,52203,90.8422899758719,0.7118879499942123,4.061069287205716,81.56424581005587,0.75,Middle
Santa Monica,5,3,3,5373.33333333333,Active,High,52203,90.8422899758719,0.7118879499942123,4.061069287205716,81.56424581005587,1.0,Low
North Fairview,6,2,2,2650.0,Active,Middle,47019,187.98309548600477,5.879571248423708,4.211063612582148,76.92307692307693,1.0,Middle
Santa Monica,5,1,1,3806.66666666666,Delisted,High,52203,90.8422899758719,0.7118879499942123,4.061069287205716,81.56424581005587,1.0,Low
Pasong Putik Proper,8,3,3,3680.0,Graduated,High,40919,96.68813689675062,2.5641668337677963,3.690217258486278,79.58477508650519,1.0,High
Pasong Putik Proper,8,4,3,5047.91666666666,Active,High,40919,96.68813689675062,2.5641668337677963,3.690217258486278,79.58477508650519,0.75,Middle
Pasong Putik Proper,6,3,3,7738.88888888889,Graduated,High,40919,96.68813689675062,2.5641668337677963,3.690217258486278,79.58477508650519,1.0,High
Pasong Putik Proper,5,2,1,4796.66666666666,Active,High,40919,96.68813689675062,2.5641668337677963,3.690217258486278,79.58477508650519,0.5,High
Pasong Putik Proper,6,3,3,2408.33333333333,Active,Middle,40919,96.68813689675062,2.5641668337677963,3.690217258486278,79.58477508650519,1.0,Middle
Pasong Putik Proper,8,1,1,5438.54166666666,Graduated,High,40919,96.68813689675062,2.5641668337677963,3.690217258486278,79.58477508650519,1.0,High
Gulod,4,3,3,3387.5,Active,High,63651,36.28013531452062,1.773208403952544,4.917440417275455,85.99779492833517,1.0,High
Pasong Putik Proper,3,1,1,3927.77777777777,Graduated,High,40919,96.68813689675062,2.5641668337677963,3.690217258486278,79.58477508650519,1.0,High
Gulod,5,2,2,6683.33333333333,Active,High,63651,36.28013531452062,1.773208403952544,4.917440417275455,85.99779492833517,1.0,High
Gulod,3,2,2,4338.88888888888,Active,High,63651,36.28013531452062,1.773208403952544,4.917440417275455,85.99779492833517,1.0,High
Gulod,7,5,5,2697.61904761904,Active,Middle,63651,36.28013531452062,1.773208403952544,4.917440417275455,85.99779492833517,1.0,Middle
North Fairview,7,2,2,2873.80952380952,Graduated,Middle,47019,187.98309548600477,5.879571248423708,4.211063612582148,76.92307692307693,1.0,High
North Fairview,4,2,2,2804.16666666666,Graduated,Middle,47019,187.98309548600477,5.879571248423708,4.211063612582148,76.92307692307693,1.0,High
North Fairview,4,1,1,7820.83333333333,Graduated,High,47019,187.98309548600477,5.879571248423708,4.211063612582148,76.92307692307693,1.0,High
Santa Monica,3,1,0,1966.66666666666,Active,Low,52203,90.8422899758719,0.7118879499942123,4.061069287205716,81.56424581005587,0.0,Low
North Fairview,6,2,2,4333.33333333333,Graduated,High,47019,187.98309548600477,5.879571248423708,4.211063612582148,76.92307692307693,1.0,High
North Fairview,7,3,2,4358.57142857142,Graduated,High,47019,187.98309548600477,5.879571248423708,4.211063612582148,76.92307692307693,0.6666666666666666,High
North Fairview,7,3,3,2502.38095238095,Active,Middle,47019,187.98309548600477,5.879571248423708,4.211063612582148,76.92307692307693,1.0,Middle
North Fairview,5,1,1,9523.33333333333,Graduated,High,47019,187.98309548600477,5.879571248423708,4.211063612582148,76.92307692307693,1.0,High
North Fairview,5,5,3,5183.33333333333,Graduated,High,47019,187.98309548600477,5.879571248423708,4.211063612582148,76.92307692307693,0.6,High
Santa Monica,5,2,2,3063.33333333333,Active,Middle,52203,90.8422899758719,0.7118879499942123,4.061069287205716,81.56424581005587,1.0,Low
Santa Monica,5,2,2,3213.33333333333,Active,High,52203,90.8422899758719,0.7118879499942123,4.061069287205716,81.56424581005587,1.0,Low
Santa Monica,7,2,2,3464.28571428571,Active,High,52203,90.8422899758719,0.7118879499942123,4.061069287205716,81.56424581005587,1.0,Low
Santa Monica,6,3,3,3308.33333333333,Active,High,52203,90.8422899758719,0.7118879499942123,4.061069287205716,81.56424581005587,1.0,Low
Santa Monica,4,1,1,5462.5,Active,High,52203,90.8422899758719,0.7118879499942123,4.061069287205716,81.56424581005587,1.0,Low
Santa Monica,5,3,3,5123.33333333333,Active,High,52203,90.8422899758719,0.7118879499942123,4.061069287205716,81.56424581005587,1.0,Low
Santa Monica,10,2,2,2825.0,Active,Middle,52203,90.8422899758719,0.7118879499942123,4.061069287205716,81.56424581005587,1.0,Middle
Santa Monica,4,1,1,4454.16666666666,Active,High,52203,90.8422899758719,0.7118879499942123,4.061069287205716,81.56424581005587,1.0,Low
Santa Monica,6,2,2,3750.0,Active,High,52203,90.8422899758719,0.7118879499942123,4.061069287205716,81.56424581005587,1.0,Low
Santa Monica,8,2,2,7606.25,Delisted,High,52203,90.8422899758719,0.7118879499942123,4.061069287205716,81.56424581005587,1.0,Low
Santa Monica,4,2,2,4279.16666666666,Active,High,52203,90.8422899758719,0.7118879499942123,4.061069287205716,81.56424581005587,1.0,Low
Santa Monica,5,2,2,3666.66666666666,Active,High,52203,90.8422899758719,0.7118879499942123,4.061069287205716,81.56424581005587,1.0,Low
Santa Monica,6,1,0,3908.33333333333,Active,High,52203,90.8422899758719,0.7118879499942123,4.061069287205716,81.56424581005587,0.0,Low
Santa Monica,9,1,1,6405.55555555555,Active,High,52203,90.8422899758719,0.7118879499942123,4.061069287205716,81.56424581005587,1.0,Middle
Santa Lucia,4,2,1,4245.83333333333,Active,High,28974,54.742576372569964,2.690058479532164,7.24787740733071,82.38636363636364,0.5,High
Santa Monica,5,3,3,4970.0,Active,High,52203,90.8422899758719,0.7118879499942123,4.061069287205716,81.56424581005587,1.0,Low
Santa Monica,7,3,2,3109.5238095238,Active,Middle,52203,90.8422899758719,0.7118879499942123,4.061069287205716,81.56424581005587,0.6666666666666666,Low
Santa Monica,5,3,3,1500.0,Active,Low,52203,90.8422899758719,0.7118879499942123,4.061069287205716,81.56424581005587,1.0,Low
Kaligayahan,4,2,2,4041.66666666666,Graduated,High,62132,109.99053670406921,2.762065429525983,3.2189531964205242,72.42524916943522,1.0,High
Santa Monica,5,1,1,5170.0,Active,High,52203,90.8422899758719,0.7118879499942123,4.061069287205716,81.56424581005587,1.0,Low
Santa Monica,3,2,1,3050.0,Active,Middle,52203,90.8422899758719,0.7118879499942123,4.061069287205716,81.56424581005587,0.5,Low
Kaligayahan,2,2,1,11000.0,Graduated,High,62132,109.99053670406921,2.762065429525983,3.2189531964205242,72.42524916943522,0.5,High
Santa Monica,4,2,2,3245.83333333333,Active,High,52203,90.8422899758719,0.7118879499942123,4.061069287205716,81.56424581005587,1.0,Low
Kaligayahan,6,3,3,3772.22222222222,Graduated,High,62132,109.99053670406921,2.762065429525983,3.2189531964205242,72.42524916943522,1.0,High
Kaligayahan,5,4,2,2960.0,Active,Middle,62132,109.99053670406921,2.762065429525983,3.2189531964205242,72.42524916943522,0.5,Middle
Kaligayahan,4,2,2,4061.66666666666,Active,High,62132,109.99053670406921,2.762065429525983,3.2189531964205242,72.42524916943522,1.0,High
Gulod,5,1,1,3426.0,Active,High,63651,36.28013531452062,1.773208403952544,4.917440417275455,85.99779492833517,1.0,High
Pasong Putik Proper,3,1,0,9433.33333333333,Inactive,High,40919,96.68813689675062,2.5641668337677963,3.690217258486278,79.58477508650519,0.0,Middle
Santa Monica,5,3,3,2500.0,Active,Middle,52203,90.8422899758719,0.7118879499942123,4.061069287205716,81.56424581005587,1.0,Low
Santa Monica,4,1,0,5862.5,Active,High,52203,90.8422899758719,0.7118879499942123,4.061069287205716,81.56424581005587,0.0,Low
Santa Monica,7,3,3,1371.42857142857,Active,Low,52203,90.8422899758719,0.7118879499942123,4.061069287205716,81.56424581005587,1.0,Low
Santa Monica,7,2,2,4254.7619047619,Active,High,52203,90.8422899758719,0.7118879499942123,4.061069287205716,81.56424581005587,1.0,Low
Santa Monica,5,2,2,4183.33333333333,Delisted,High,52203,90.8422899758719,0.7118879499942123,4.061069287205716,81.56424581005587,1.0,Low
Santa Monica,5,2,2,5756.66666666666,Active,High,52203,90.8422899758719,0.7118879499942123,4.061069287205716,81.56424581005587,1.0,Low
Santa Monica,4,2,2,4750.0,Active,High,52203,90.8422899758719,0.7118879499942123,4.061069287205716,81.56424581005587,1.0,Low
Santa Monica,3,1,1,4983.33333333333,Active,High,52203,90.8422899758719,0.7118879499942123,4.061069287205716,81.56424581005587,1.0,Low
Santa Monica,4,1,0,3170.83333333333,Active,High,52203,90.8422899758719,0.7118879499942123,4.061069287205716,81.56424581005587,0.0,Low
Santa Monica,9,3,3,2631.48148148148,Delisted,Middle,52203,90.8422899758719,0.7118879499942123,4.061069287205716,81.56424581005587,1.0,Middle
Santa Monica,4,2,2,2962.5,Active,Middle,52203,90.8422899758719,0.7118879499942123,4.061069287205716,81.56424581005587,1.0,Low
Santa Monica,4,2,2,2670.83333333333,Active,Middle,52203,90.8422899758719,0.7118879499942123,4.061069287205716,81.56424581005587,1.0,Low
Santa Monica,4,2,2,4654.16666666666,Active,High,52203,90.8422899758719,0.7118879499942123,4.061069287205716,81.56424581005587,1.0,Low
Santa Monica,4,2,1,7012.5,Active,High,52203,90.8422899758719,0.7118879499942123,4.061069287205716,81.56424581005587,0.5,Low
Santa Monica,4,2,2,3750.0,Graduated,High,52203,90.8422899758719,0.7118879499942123,4.061069287205716,81.56424581005587,1.0,High
Santa Monica,5,3,3,2820.0,Active,Middle,52203,90.8422899758719,0.7118879499942123,4.061069287205716,81.56424581005587,1.0,Low
Santa Monica,6,3,3,2544.44444444444,Active,Middle,52203,90.8422899758719,0.7118879499942123,4.061069287205716,81.56424581005587,1.0,Low
Santa Monica,4,2,2,5380.0,Active,High,52203,90.8422899758719,0.7118879499942123,4.061069287205716,81.56424581005587,1.0,Low
Santa Monica,6,3,3,10982.7777777777,Active,High,52203,90.8422899758719,0.7118879499942123,4.061069287205716,81.56424581005587,1.0,Low
Santa Monica,5,3,3,3336.66666666666,Active,High,52203,90.8422899758719,0.7118879499942123,4.061069287205716,81.56424581005587,1.0,Low
Santa Monica,5,2,2,5000.0,Graduated,High,52203,90.8422899758719,0.7118879499942123,4.061069287205716,81.56424581005587,1.0,High
Santa Monica,5,2,2,3050.0,Active,Middle,52203,90.8422899758719,0.7118879499942123,4.061069287205716,81.56424581005587,1.0,Low
Santa Monica,4,1,1,4300.0,Active,High,52203,90.8422899758719,0.7118879499942123,4.061069287205716,81.56424581005587,1.0,Low
Santa Monica,6,2,2,2775.0,Active,Middle,52203,90.8422899758719,0.7118879499942123,4.061069287205716,81.56424581005587,1.0,Low
Santa Monica,5,3,3,2336.66666666666,Active,Middle,52203,90.8422899758719,0.7118879499942123,4.061069287205716,81.56424581005587,1.0,Low
Santa Monica,4,1,1,6000.0,Graduated,High,52203,90.8422899758719,0.7118879499942123,4.061069287205716,81.56424581005587,1.0,High
Santa Monica,4,2,1,2500.0,Active,Middle,52203,90.8422899758719,0.7118879499942123,4.061069287205716,81.56424581005587,0.5,Low
Santa Monica,7,1,1,8030.47619047619,Active,High,52203,90.8422899758719,0.7118879499942123,4.061069287205716,81.56424581005587,1.0,Low
Santa Monica,4,4,4,4750.0,Graduated,High,52203,90.8422899758719,0.7118879499942123,4.061069287205716,81.56424581005587,1.0,High
Santa Monica,5,3,3,2420.0,Active,Middle,52203,90.8422899758719,0.7118879499942123,4.061069287205716,81.56424581005587,1.0,Low
Santa Monica,6,4,4,2586.88888888888,Active,Middle,52203,90.8422899758719,0.7118879499942123,4.061069287205716,81.56424581005587,1.0,Middle
Santa Monica,5,2,2,4400.0,Graduated,High,52203,90.8422899758719,0.7118879499942123,4.061069287205716,81.56424581005587,1.0,High
Santa Monica,4,3,3,1995.83333333333,Active,Low,52203,90.8422899758719,0.7118879499942123,4.061069287205716,81.56424581005587,1.0,Low
Santa Monica,5,3,3,3400.0,Active,High,52203,90.8422899758719,0.7118879499942123,4.061069287205716,81.56424581005587,1.0,Low
Santa Monica,4,3,2,1200.0,Active,Low,52203,90.8422899758719,0.7118879499942123,4.061069287205716,81.56424581005587,0.6666666666666666,Low
Santa Monica,6,4,3,2527.77777777777,Active,Middle,52203,90.8422899758719,0.7118879499942123,4.061069287205716,81.56424581005587,0.75,Low
Santa Monica,4,1,1,2970.83333333333,Delisted,Middle,52203,90.8422899758719,0.7118879499942123,4.061069287205716,81.56424581005587,1.0,Middle
Santa Monica,5,3,1,2690.0,Active,Middle,52203,90.8422899758719,0.7118879499942123,4.061069287205716,81.56424581005587,0.3333333333333333,Low
Santa Monica,5,2,1,4800.0,Active,High,52203,90.8422899758719,0.7118879499942123,4.061069287205716,81.56424581005587,0.5,Low
Santa Monica,5,2,2,1440.0,Active,Low,52203,90.8422899758719,0.7118879499942123,4.061069287205716,81.56424581005587,1.0,Low
Nagkaisang Nayon,4,2,2,6750.0,Graduated,High,54477,41.13943727654283,1.2941373347464717,1.156451346439782,74.24242424242425,1.0,High
San Agustin,4,2,2,2712.5,Active,Middle,26034,24.863309352517984,2.6779727864326563,8.873012214796036,86.71875,1.0,High
San Agustin,3,1,0,4483.33333333333,Active,High,26034,24.863309352517984,2.6779727864326563,8.873012214796036,86.71875,0.0,High
San Agustin,8,3,3,6327.08333333333,Graduated,High,26034,24.863309352517984,2.6779727864326563,8.873012214796036,86.71875,1.0,High
Gulod,6,3,2,3119.44444444444,Active,Middle,63651,36.28013531452062,1.773208403952544,4.917440417275455,85.99779492833517,0.6666666666666666,Middle
Gulod,7,3,3,2450.0,Active,Middle,63651,36.28013531452062,1.773208403952544,4.917440417275455,85.99779492833517,1.0,Middle
Gulod,4,3,3,5145.83333333333,Active,High,63651,36.28013531452062,1.773208403952544,4.917440417275455,85.99779492833517,1.0,High
Gulod,6,2,2,3436.11111111111,Active,High,63651,36.28013531452062,1.773208403952544,4.917440417275455,85.99779492833517,1.0,Middle
Gulod,8,4,4,5431.25,Active,High,63651,36.28013531452062,1.773208403952544,4.917440417275455,85.99779492833517,1.0,Low
Fairview,5,3,3,2490.0,Graduated,Middle,63913,110.71145984438877,3.3973436008606606,5.851704661023579,82.78145695364239,1.0,High
Gulod,8,1,1,3978.125,Delisted,High,63651,36.28013531452062,1.773208403952544,4.917440417275455,85.99779492833517,1.0,High
Fairview,4,3,3,3112.5,Active,Middle,63913,110.71145984438877,3.3973436008606606,5.851704661023579,82.78145695364239,1.0,Middle
Fairview,5,3,3,3350.0,Active,High,63913,110.71145984438877,3.3973436008606606,5.851704661023579,82.78145695364239,1.0,High
Gulod,7,5,4,1352.38095238095,Active,Low,63651,36.28013531452062,1.773208403952544,4.917440417275455,85.99779492833517,0.8,Middle
Fairview,5,3,3,3650.0,Graduated,High,63913,110.71145984438877,3.3973436008606606,5.851704661023579,82.78145695364239,1.0,High
Gulod,7,4,4,1771.42857142857,Active,Low,63651,36.28013531452062,1.773208403952544,4.917440417275455,85.99779492833517,1.0,Low
Santa Monica,7,2,2,2142.85714285714,Active,Low,52203,90.8422899758719,0.7118879499942123,4.061069287205716,81.56424581005587,1.0,Low
Santa Monica,5,2,2,4520.0,Graduated,High,52203,90.8422899758719,0.7118879499942123,4.061069287205716,81.56424581005587,1.0,High
Santa Monica,5,2,2,4840.0,Active,High,52203,90.8422899758719,0.7118879499942123,4.061069287205716,81.56424581005587,1.0,Low
Santa Monica,4,2,2,2500.0,Active,Middle,52203,90.8422899758719,0.7118879499942123,4.061069287205716,81.56424581005587,1.0,Low
Santa Monica,8,3,0,262.5,Active,Low,52203,90.8422899758719,0.7118879499942123,4.061069287205716,81.56424581005587,0.0,Low
Santa Monica,7,2,1,2057.14285714285,Active,Low,52203,90.8422899758719,0.7118879499942123,4.061069287205716,81.56424581005587,0.5,Low
Gulod,5,2,2,5423.33333333333,Active,High,63651,36.28013531452062,1.773208403952544,4.917440417275455,85.99779492833517,1.0,High
Fairview,7,4,2,4281.42857142857,Active,High,63913,110.71145984438877,3.3973436008606606,5.851704661023579,82.78145695364239,0.5,High
Gulod,5,3,3,2363.33333333333,Active,Middle,63651,36.28013531452062,1.773208403952544,4.917440417275455,85.99779492833517,1.0,Middle
Santa Monica,3,3,3,6666.66666666666,Active,High,52203,90.8422899758719,0.7118879499942123,4.061069287205716,81.56424581005587,1.0,Low
Gulod,5,4,2,3509.33333333333,Active,High,63651,36.28013531452062,1.773208403952544,4.917440417275455,85.99779492833517,0.5,Low
Gulod,8,4,3,5209.58333333333,Active,High,63651,36.28013531452062,1.773208403952544,4.917440417275455,85.99779492833517,0.75,Middle
Santa Monica,3,2,2,2266.66666666666,Active,Middle,52203,90.8422899758719,0.7118879499942123,4.061069287205716,81.56424581005587,1.0,Low
Gulod,5,3,2,2156.66666666666,Active,Low,63651,36.28013531452062,1.773208403952544,4.917440417275455,85.99779492833517,0.6666666666666666,High
Fairview,6,3,2,3468.33333333333,Active,High,63913,110.71145984438877,3.3973436008606606,5.851704661023579,82.78145695364239,0.6666666666666666,Middle
Gulod,6,4,3,2716.11111111111,Active,Middle,63651,36.28013531452062,1.773208403952544,4.917440417275455,85.99779492833517,0.75,Middle
Gulod,6,4,3,2458.33333333333,Active,Middle,63651,36.28013531452062,1.773208403952544,4.917440417275455,85.99779492833517,0.75,Middle
Fairview,6,2,2,4541.66666666666,Active,High,63913,110.71145984438877,3.3973436008606606,5.851704661023579,82.78145695364239,1.0,Middle
Gulod,2,1,1,1640.0,Delisted,Low,63651,36.28013531452062,1.773208403952544,4.917440417275455,85.99779492833517,1.0,High
Santa Monica,3,1,1,1416.66666666666,Active,Low,52203,90.8422899758719,0.7118879499942123,4.061069287205716,81.56424581005587,1.0,Low
Gulod,5,3,3,5243.2,Active,High,63651,36.28013531452062,1.773208403952544,4.917440417275455,85.99779492833517,1.0,Middle
Santa Monica,5,3,3,1200.0,Active,Low,52203,90.8422899758719,0.7118879499942123,4.061069287205716,81.56424581005587,1.0,Low
Gulod,5,3,3,3130.0,Active,Middle,63651,36.28013531452062,1.773208403952544,4.917440417275455,85.99779492833517,1.0,Middle
Gulod,8,2,1,2693.75,Active,Middle,63651,36.28013531452062,1.773208403952544,4.917440417275455,85.99779492833517,0.5,Middle
Fairview,8,6,3,2306.25,Active,Middle,63913,110.71145984438877,3.3973436008606606,5.851704661023579,82.78145695364239,0.5,Middle
Santa Monica,6,2,2,2800.0,Active,Middle,52203,90.8422899758719,0.7118879499942123,4.061069287205716,81.56424581005587,1.0,Low
Santa Monica,7,4,4,1428.57142857142,Active,Low,52203,90.8422899758719,0.7118879499942123,4.061069287205716,81.56424581005587,1.0,Low
Gulod,6,4,4,2936.11111111111,Active,Middle,63651,36.28013531452062,1.773208403952544,4.917440417275455,85.99779492833517,1.0,Middle
Fairview,5,2,1,3870.0,Active,High,63913,110.71145984438877,3.3973436008606606,5.851704661023579,82.78145695364239,0.5,High
Gulod,6,5,3,2147.22222222222,Active,Low,63651,36.28013531452062,1.773208403952544,4.917440417275455,85.99779492833517,0.6,Middle
Gulod,6,4,3,2786.11111111111,Active,Middle,63651,36.28013531452062,1.773208403952544,4.917440417275455,85.99779492833517,0.75,Middle
Fairview,5,3,3,4951.33333333333,Graduated,High,63913,110.71145984438877,3.3973436008606606,5.851704661023579,82.78145695364239,1.0,High
Santa Monica,9,3,3,3111.11111111111,Active,Middle,52203,90.8422899758719,0.7118879499942123,4.061069287205716,81.56424581005587,1.0,Middle
Fairview,4,2,2,2927.5,Active,Middle,63913,110.71145984438877,3.3973436008606606,5.851704661023579,82.78145695364239,1.0,Middle
Santa Monica,3,2,2,1333.33333333333,Active,Low,52203,90.8422899758719,0.7118879499942123,4.061069287205716,81.56424581005587,1.0,Low
Santa Monica,4,2,1,2637.5,Active,Middle,52203,90.8422899758719,0.7118879499942123,4.061069287205716,81.56424581005587,0.5,Low
Gulod,5,4,2,2156.66666666666,Active,Low,63651,36.28013531452062,1.773208403952544,4.917440417275455,85.99779492833517,0.5,Low
Gulod,7,5,2,2135.71428571428,Active,Low,63651,36.28013531452062,1.773208403952544,4.917440417275455,85.99779492833517,0.4,Low
Gulod,4,4,3,1383.33333333333,Active,Low,63651,36.28013531452062,1.773208403952544,4.917440417275455,85.99779492833517,0.75,Low
Gulod,4,4,1,4654.16666666666,Active,High,63651,36.28013531452062,1.773208403952544,4.917440417275455,85.99779492833517,0.25,Low
North Fairview,4,2,2,4803.33333333333,Graduated,High,47019,187.98309548600477,5.879571248423708,4.211063612582148,76.92307692307693,1.0,High
North Fairview,3,2,1,443466.666666666,Graduated,High,47019,187.98309548600477,5.879571248423708,4.211063612582148,76.92307692307693,0.5,High
North Fairview,6,2,2,5352.77777777777,Graduated,High,47019,187.98309548600477,5.879571248423708,4.211063612582148,76.92307692307693,1.0,High
Santa Monica,4,2,2,4900.0,Delisted,High,52203,90.8422899758719,0.7118879499942123,4.061069287205716,81.56424581005587,1.0,Low
Santa Monica,5,2,2,2400.0,Active,Middle,52203,90.8422899758719,0.7118879499942123,4.061069287205716,81.56424581005587,1.0,Low
Santa Monica,7,1,1,5041.42857142857,Active,High,52203,90.8422899758719,0.7118879499942123,4.061069287205716,81.56424581005587,1.0,Low
Santa Monica,3,1,1,12077.7777777777,Active,High,52203,90.8422899758719,0.7118879499942123,4.061069287205716,81.56424581005587,1.0,Low
Santa Monica,13,3,1,826.923076923077,Active,Low,52203,90.8422899758719,0.7118879499942123,4.061069287205716,81.56424581005587,0.3333333333333333,Low
Nagkaisang Nayon,5,3,3,2570.0,Active,Middle,54477,41.13943727654283,1.2941373347464717,1.156451346439782,74.24242424242425,1.0,Middle
Nagkaisang Nayon,6,4,3,3958.33333333333,Active,High,54477,41.13943727654283,1.2941373347464717,1.156451346439782,74.24242424242425,0.75,Middle
Nagkaisang Nayon,5,3,3,3490.0,Active,High,54477,41.13943727654283,1.2941373347464717,1.156451346439782,74.24242424242425,1.0,Middle
Nagkaisang Nayon,8,1,1,7839.16666666666,Active,High,54477,41.13943727654283,1.2941373347464717,1.156451346439782,74.24242424242425,1.0,Middle
Santa Monica,4,3,3,1000.0,Delisted,Low,52203,90.8422899758719,0.7118879499942123,4.061069287205716,81.56424581005587,1.0,Low
Santa Monica,5,3,2,1380.0,Active,Low,52203,90.8422899758719,0.7118879499942123,4.061069287205716,81.56424581005587,0.6666666666666666,Low
Santa Monica,6,1,1,1666.66666666666,Delisted,Low,52203,90.8422899758719,0.7118879499942123,4.061069287205716,81.56424581005587,1.0,Low
Santa Monica,7,3,3,1335.71428571428,Delisted,Low,52203,90.8422899758719,0.7118879499942123,4.061069287205716,81.56424581005587,1.0,Low
Santa Monica,4,2,0,1250.0,Active,Low,52203,90.8422899758719,0.7118879499942123,4.061069287205716,81.56424581005587,0.0,Low
Bagbag,4,1,1,291.666666666666,Active,Low,66268,70.79821644887755,2.497950597806753,4.783605963662703,85.5813953488372,1.0,High
North Fairview,6,3,3,2775.0,Active,Middle,47019,187.98309548600477,5.879571248423708,4.211063612582148,76.92307692307693,1.0,Middle
North Fairview,7,5,4,1902.38095238095,Active,Low,47019,187.98309548600477,5.879571248423708,4.211063612582148,76.92307692307693,0.8,Low
Nagkaisang Nayon,6,3,3,3055.0,Active,Middle,54477,41.13943727654283,1.2941373347464717,1.156451346439782,74.24242424242425,1.0,Middle
North Fairview,6,3,2,2825.0,Active,Middle,47019,187.98309548600477,5.879571248423708,4.211063612582148,76.92307692307693,0.6666666666666666,Middle
North Fairview,4,3,3,2070.83333333333,Active,Low,47019,187.98309548600477,5.879571248423708,4.211063612582148,76.92307692307693,1.0,Middle
Nagkaisang Nayon,5,3,2,4490.0,Active,High,54477,41.13943727654283,1.2941373347464717,1.156451346439782,74.24242424242425,0.6666666666666666,Middle
North Fairview,4,2,2,1362.5,Active,Low,47019,187.98309548600477,5.879571248423708,4.211063612582148,76.92307692307693,1.0,Middle
North Fairview,7,3,3,1304.7619047619,Active,Low,47019,187.98309548600477,5.879571248423708,4.211063612582148,76.92307692307693,1.0,Middle
North Fairview,7,5,4,2840.47619047619,Active,Middle,47019,187.98309548600477,5.879571248423708,4.211063612582148,76.92307692307693,0.8,Low
Nagkaisang Nayon,7,5,4,4278.57142857142,Active,High,54477,41.13943727654283,1.2941373347464717,1.156451346439782,74.24242424242425,0.8,Low
Nagkaisang Nayon,6,3,1,5375.0,Active,High,54477,41.13943727654283,1.2941373347464717,1.156451346439782,74.24242424242425,0.3333333333333333,High
North Fairview,5,2,2,2163.33333333333,Active,Low,47019,187.98309548600477,5.879571248423708,4.211063612582148,76.92307692307693,1.0,Middle
North Fairview,6,4,3,2625.0,Active,Middle,47019,187.98309548600477,5.879571248423708,4.211063612582148,76.92307692307693,0.75,Low
North Fairview,6,5,1,1758.33333333333,Active,Low,47019,187.98309548600477,5.879571248423708,4.211063612582148,76.92307692307693,0.2,Low
North Fairview,4,2,1,2512.5,Active,Middle,47019,187.98309548600477,5.879571248423708,4.211063612582148,76.92307692307693,0.5,Middle
Santa Lucia,10,2,1,6259.0,Active,High,28974,54.742576372569964,2.690058479532164,7.24787740733071,82.38636363636364,0.5,Middle
North Fairview,3,1,1,1350.0,Active,Low,47019,187.98309548600477,5.879571248423708,4.211063612582148,76.92307692307693,1.0,Low
Santa Lucia,4,2,2,6712.5,Graduated,High,28974,54.742576372569964,2.690058479532164,7.24787740733071,82.38636363636364,1.0,High
Santa Lucia,7,4,3,4064.28571428571,Active,High,28974,54.742576372569964,2.690058479532164,7.24787740733071,82.38636363636364,0.75,Middle
Santa Lucia,5,3,3,4250.0,Active,High,28974,54.742576372569964,2.690058479532164,7.24787740733071,82.38636363636364,1.0,High
Santa Lucia,8,4,4,6350.0,Active,High,28974,54.742576372569964,2.690058479532164,7.24787740733071,82.38636363636364,1.0,High
Santa Lucia,6,4,3,2691.66666666666,Active,Middle,28974,54.742576372569964,2.690058479532164,7.24787740733071,82.38636363636364,0.75,High
Bagbag,7,1,1,2550.0,Active,Middle,66268,70.79821644887755,2.497950597806753,4.783605963662703,85.5813953488372,1.0,High
Bagbag,8,5,3,3164.58333333333,Active,High,66268,70.79821644887755,2.497950597806753,4.783605963662703,85.5813953488372,0.6,High
Santa Lucia,6,4,4,3483.88888888888,Active,High,28974,54.742576372569964,2.690058479532164,7.24787740733071,82.38636363636364,1.0,High
Fairview,7,3,3,3264.28571428571,Graduated,High,63913,110.71145984438877,3.3973436008606606,5.851704661023579,82.78145695364239,1.0,Middle
Bagbag,6,3,2,1819.44444444444,Active,Low,66268,70.79821644887755,2.497950597806753,4.783605963662703,85.5813953488372,0.6666666666666666,Middle
Gulod,5,2,2,3643.33333333333,Active,High,63651,36.28013531452062,1.773208403952544,4.917440417275455,85.99779492833517,1.0,High
Santa Lucia,4,2,2,3162.5,Active,High,28974,54.742576372569964,2.690058479532164,7.24787740733071,82.38636363636364,1.0,Middle
Bagbag,4,1,1,3631.25,Active,High,66268,70.79821644887755,2.497950597806753,4.783605963662703,85.5813953488372,1.0,High
Fairview,6,3,3,3541.66666666666,Active,High,63913,110.71145984438877,3.3973436008606606,5.851704661023579,82.78145695364239,1.0,Middle
Bagbag,7,3,2,1034.28571428571,Active,Low,66268,70.79821644887755,2.497950597806753,4.783605963662703,85.5813953488372,0.6666666666666666,Low
Gulod,5,4,4,2196.66666666666,Active,Middle,63651,36.28013531452062,1.773208403952544,4.917440417275455,85.99779492833517,1.0,Middle
Santa Lucia,5,3,3,3730.0,Active,High,28974,54.742576372569964,2.690058479532164,7.24787740733071,82.38636363636364,1.0,High
Bagbag,6,4,2,5569.44444444444,Active,High,66268,70.79821644887755,2.497950597806753,4.783605963662703,85.5813953488372,0.5,Middle
Fairview,6,3,2,1852.77777777777,Active,Low,63913,110.71145984438877,3.3973436008606606,5.851704661023579,82.78145695364239,0.6666666666666666,Middle
Santa Lucia,5,3,3,4146.0,Active,High,28974,54.742576372569964,2.690058479532164,7.24787740733071,82.38636363636364,1.0,High
Gulod,3,2,1,4483.33333333333,Active,High,63651,36.28013531452062,1.773208403952544,4.917440417275455,85.99779492833517,0.5,High
Fairview,4,2,2,3337.5,Active,High,63913,110.71145984438877,3.3973436008606606,5.851704661023579,82.78145695364239,1.0,Middle
Santa Lucia,7,5,5,4450.0,Active,High,28974,54.742576372569964,2.690058479532164,7.24787740733071,82.38636363636364,1.0,High
Fairview,5,3,3,2930.0,Active,Middle,63913,110.71145984438877,3.3973436008606606,5.851704661023579,82.78145695364239,1.0,High
Gulod,6,4,2,3819.44444444444,Active,High,63651,36.28013531452062,1.773208403952544,4.917440417275455,85.99779492833517,0.5,Low
Fairview,8,4,2,4968.75,Active,High,63913,110.71145984438877,3.3973436008606606,5.851704661023579,82.78145695364239,0.5,High
Gulod,6,3,2,2591.66666666666,Active,Middle,63651,36.28013531452062,1.773208403952544,4.917440417275455,85.99779492833517,0.6666666666666666,Middle
Santa Lucia,7,3,3,4492.85714285714,Active,High,28974,54.742576372569964,2.690058479532164,7.24787740733071,82.38636363636364,1.0,High
Santa Lucia,6,2,2,4191.66666666666,Active,High,28974,54.742576372569964,2.690058479532164,7.24787740733071,82.38636363636364,1.0,High
Santa Lucia,7,3,3,4992.85714285714,Active,High,28974,54.742576372569964,2.690058479532164,7.24787740733071,82.38636363636364,1.0,High
Santa Lucia,10,2,1,2815.0,Active,Middle,28974,54.742576372569964,2.690058479532164,7.24787740733071,82.38636363636364,0.5,Middle
Santa Lucia,4,4,4,4222.91666666666,Active,High,28974,54.742576372569964,2.690058479532164,7.24787740733071,82.38636363636364,1.0,High
Gulod,9,3,2,2290.74074074074,Active,Middle,63651,36.28013531452062,1.773208403952544,4.917440417275455,85.99779492833517,0.6666666666666666,Middle
Gulod,7,4,3,2407.14285714285,Active,Middle,63651,36.28013531452062,1.773208403952544,4.917440417275455,85.99779492833517,0.75,Middle
Bagbag,6,4,4,2333.33333333333,Active,Middle,66268,70.79821644887755,2.497950597806753,4.783605963662703,85.5813953488372,1.0,Middle
Bagbag,6,4,3,3123.61111111111,Active,Middle,66268,70.79821644887755,2.497950597806753,4.783605963662703,85.5813953488372,0.75,Middle
Santa Lucia,3,2,1,9333.33333333333,Graduated,High,28974,54.742576372569964,2.690058479532164,7.24787740733071,82.38636363636364,0.5,High
Pasong Putik Proper,5,2,2,20128.0,Graduated,High,40919,96.68813689675062,2.5641668337677963,3.690217258486278,79.58477508650519,1.0,High
Pasong Putik Proper,3,1,1,5866.66666666666,Graduated,High,40919,96.68813689675062,2.5641668337677963,3.690217258486278,79.58477508650519,1.0,High
Pasong Putik Proper,5,3,3,6063.33333333333,Active,High,40919,96.68813689675062,2.5641668337677963,3.690217258486278,79.58477508650519,1.0,High
Pasong Putik Proper,6,5,2,2544.44444444444,Active,Middle,40919,96.68813689675062,2.5641668337677963,3.690217258486278,79.58477508650519,0.4,Middle
Pasong Putik Proper,9,5,4,2113.7037037037,Active,Low,40919,96.68813689675062,2.5641668337677963,3.690217258486278,79.58477508650519,0.8,Low
Santa Monica,2,2,1,3225.0,Active,High,52203,90.8422899758719,0.7118879499942123,4.061069287205716,81.56424581005587,0.5,Low
Santa Monica,6,3,2,5769.44444444444,Graduated,High,52203,90.8422899758719,0.7118879499942123,4.061069287205716,81.56424581005587,0.6666666666666666,High
North Fairview,6,3,3,2636.11111111111,Active,Middle,47019,187.98309548600477,5.879571248423708,4.211063612582148,76.92307692307693,1.0,Middle
Santa Monica,7,3,3,2142.85714285714,Active,Low,52203,90.8422899758719,0.7118879499942123,4.061069287205716,81.56424581005587,1.0,Low
Santa Monica,7,1,1,5230.95238095238,Graduated,High,52203,90.8422899758719,0.7118879499942123,4.061069287205716,81.56424581005587,1.0,High
Santa Monica,9,4,3,1814.81481481481,Active,Low,52203,90.8422899758719,0.7118879499942123,4.061069287205716,81.56424581005587,0.75,Low
Santa Monica,3,1,1,769.444444444444,Active,Low,52203,90.8422899758719,0.7118879499942123,4.061069287205716,81.56424581005587,1.0,Low
Santa Monica,4,2,2,1595.83333333333,Active,Low,52203,90.8422899758719,0.7118879499942123,4.061069287205716,81.56424581005587,1.0,Low
Santa Monica,8,3,2,3962.5,Active,High,52203,90.8422899758719,0.7118879499942123,4.061069287205716,81.56424581005587,0.6666666666666666,Low
Santa Monica,5,1,1,2206.66666666666,Active,Middle,52203,90.8422899758719,0.7118879499942123,4.061069287205716,81.56424581005587,1.0,Low
Bagbag,3,1,1,3250.0,Active,High,66268,70.79821644887755,2.497950597806753,4.783605963662703,85.5813953488372,1.0,High
Santa Monica,7,2,2,3516.66666666666,Active,High,52203,90.8422899758719,0.7118879499942123,4.061069287205716,81.56424581005587,1.0,Low
Santa Monica,7,2,2,904.761904761904,Active,Low,52203,90.8422899758719,0.7118879499942123,4.061069287205716,81.56424581005587,1.0,Low
Bagbag,6,2,2,1591.66666666666,Active,Low,66268,70.79821644887755,2.497950597806753,4.783605963662703,85.5813953488372,1.0,Low
Bagbag,8,3,3,4718.75,Delisted,High,66268,70.79821644887755,2.497950597806753,4.783605963662703,85.5813953488372,1.0,High
Santa Monica,8,3,3,1883.33333333333,Active,Low,52203,90.8422899758719,0.7118879499942123,4.061069287205716,81.56424581005587,1.0,Low
San Agustin,5,1,1,7486.66666666666,Graduated,High,26034,24.863309352517984,2.6779727864326563,8.873012214796036,86.71875,1.0,High
Santa Monica,5,2,2,7523.33333333333,Graduated,High,52203,90.8422899758719,0.7118879499942123,4.061069287205716,81.56424581005587,1.0,High
Gulod,7,3,1,4383.33333333333,Active,High,63651,36.28013531452062,1.773208403952544,4.917440417275455,85.99779492833517,0.3333333333333333,Middle
Santa Monica,4,2,2,558.333333333333,Active,Low,52203,90.8422899758719,0.7118879499942123,4.061069287205716,81.56424581005587,1.0,Low
Bagbag,4,4,2,3770.83333333333,Active,High,66268,70.79821644887755,2.497950597806753,4.783605963662703,85.5813953488372,0.5,High
Santa Monica,4,1,1,4368.75,Graduated,High,52203,90.8422899758719,0.7118879499942123,4.061069287205716,81.56424581005587,1.0,High
Bagbag,7,1,1,4714.28571428571,Delisted,High,66268,70.79821644887755,2.497950597806753,4.783605963662703,85.5813953488372,1.0,High
Santa Monica,2,1,1,3250.0,Delisted,High,52203,90.8422899758719,0.7118879499942123,4.061069287205716,81.56424581005587,1.0,Middle
Gulod,9,3,3,2751.85185185185,Active,Middle,63651,36.28013531452062,1.773208403952544,4.917440417275455,85.99779492833517,1.0,Middle
Santa Monica,5,4,2,1843.33333333333,Graduated,Low,52203,90.8422899758719,0.7118879499942123,4.061069287205716,81.56424581005587,0.5,Low
Santa Monica,5,2,1,1700.0,Delisted,Low,52203,90.8422899758719,0.7118879499942123,4.061069287205716,81.56424581005587,0.5,Low
Santa Monica,4,2,2,1491.66666666666,Active,Low,52203,90.8422899758719,0.7118879499942123,4.061069287205716,81.56424581005587,1.0,Low
Gulod,7,4,3,3150.0,Active,High,63651,36.28013531452062,1.773208403952544,4.917440417275455,85.99779492833517,0.75,Middle
Santa Lucia,8,5,5,6698.75,Graduated,High,28974,54.742576372569964,2.690058479532164,7.24787740733071,82.38636363636364,1.0,High
Santa Monica,2,2,2,1116.66666666666,Delisted,Low,52203,90.8422899758719,0.7118879499942123,4.061069287205716,81.56424581005587,1.0,Low
Santa Monica,4,1,1,1433.33333333333,Active,Low,52203,90.8422899758719,0.7118879499942123,4.061069287205716,81.56424581005587,1.0,Low
Gulod,6,3,3,2491.66666666666,Active,Middle,63651,36.28013531452062,1.773208403952544,4.917440417275455,85.99779492833517,1.0,Middle
Santa Monica,4,1,1,5750.0,Delisted,High,52203,90.8422899758719,0.7118879499942123,4.061069287205716,81.56424581005587,1.0,Middle
Gulod,6,4,3,3702.77777777777,Active,High,63651,36.28013531452062,1.773208403952544,4.917440417275455,85.99779492833517,0.75,Middle
Santa Monica,5,4,3,1546.66666666666,Active,Low,52203,90.8422899758719,0.7118879499942123,4.061069287205716,81.56424581005587,0.75,Low
Santa Lucia,5,3,3,3030.0,Active,Middle,28974,54.742576372569964,2.690058479532164,7.24787740733071,82.38636363636364,1.0,High
Santa Lucia,5,3,3,4783.33333333333,Active,High,28974,54.742576372569964,2.690058479532164,7.24787740733071,82.38636363636364,1.0,High
Santa Lucia,8,3,2,3431.25,Active,High,28974,54.742576372569964,2.690058479532164,7.24787740733071,82.38636363636364,0.6666666666666666,Middle
Kaligayahan,10,7,3,2415.0,Active,Middle,62132,109.99053670406921,2.762065429525983,3.2189531964205242,72.42524916943522,0.42857142857142855,Middle
Santa Monica,4,3,3,2745.83333333333,Active,Middle,52203,90.8422899758719,0.7118879499942123,4.061069287205716,81.56424581005587,1.0,Low
Gulod,5,3,2,2536.66666666666,Active,Middle,63651,36.28013531452062,1.773208403952544,4.917440417275455,85.99779492833517,0.6666666666666666,High
Gulod,6,5,5,1797.22222222222,Active,Low,63651,36.28013531452062,1.773208403952544,4.917440417275455,85.99779492833517,1.0,Low
Kaligayahan,6,4,3,2276.38888888888,Active,Middle,62132,109.99053670406921,2.762065429525983,3.2189531964205242,72.42524916943522,0.75,Middle
Gulod,4,3,3,3179.16666666666,Active,High,63651,36.28013531452062,1.773208403952544,4.917440417275455,85.99779492833517,1.0,High
Kaligayahan,6,4,4,3416.66666666666,Active,High,62132,109.99053670406921,2.762065429525983,3.2189531964205242,72.42524916943522,1.0,Middle
Kaligayahan,5,2,1,3574.0,Active,High,62132,109.99053670406921,2.762065429525983,3.2189531964205242,72.42524916943522,0.5,Middle
Gulod,6,4,4,2202.77777777777,Active,Middle,63651,36.28013531452062,1.773208403952544,4.917440417275455,85.99779492833517,1.0,Middle
Kaligayahan,3,2,2,4566.66666666666,Active,High,62132,109.99053670406921,2.762065429525983,3.2189531964205242,72.42524916943522,1.0,High
Pasong Putik Proper,3,2,2,5943.33333333333,Active,High,40919,96.68813689675062,2.5641668337677963,3.690217258486278,79.58477508650519,1.0,High
Kaligayahan,8,5,2,2304.58333333333,Active,Middle,62132,109.99053670406921,2.762065429525983,3.2189531964205242,72.42524916943522,0.4,Low
Pasong Putik Proper,7,3,3,2578.57142857142,Active,Middle,40919,96.68813689675062,2.5641668337677963,3.690217258486278,79.58477508650519,1.0,Middle
Kaligayahan,6,4,1,3333.33333333333,Active,High,62132,109.99053670406921,2.762065429525983,3.2189531964205242,72.42524916943522,0.25,Middle
Kaligayahan,4,2,2,4823.33333333333,Active,High,62132,109.99053670406921,2.762065429525983,3.2189531964205242,72.42524916943522,1.0,High
Pasong Putik Proper,10,2,1,2365.0,Active,Middle,40919,96.68813689675062,2.5641668337677963,3.690217258486278,79.58477508650519,0.5,Middle
Kaligayahan,5,3,2,3733.33333333333,Active,High,62132,109.99053670406921,2.762065429525983,3.2189531964205242,72.42524916943522,0.6666666666666666,Low
Kaligayahan,3,2,2,3327.77777777777,Active,High,62132,109.99053670406921,2.762065429525983,3.2189531964205242,72.42524916943522,1.0,High
Gulod,5,3,3,1686.66666666666,Active,Low,63651,36.28013531452062,1.773208403952544,4.917440417275455,85.99779492833517,1.0,Middle
Pasong Putik Proper,12,3,3,3293.75,Graduated,High,40919,96.68813689675062,2.5641668337677963,3.690217258486278,79.58477508650519,1.0,High
Gulod,5,4,3,4093.33333333333,Active,High,63651,36.28013531452062,1.773208403952544,4.917440417275455,85.99779492833517,0.75,Low
Kaligayahan,6,4,4,2987.5,Active,Middle,62132,109.99053670406921,2.762065429525983,3.2189531964205242,72.42524916943522,1.0,Middle
Kaligayahan,7,5,4,2706.19047619047,Active,Middle,62132,109.99053670406921,2.762065429525983,3.2189531964205242,72.42524916943522,0.8,Middle
Pasong Putik Proper,9,1,1,2752.22222222222,Active,Middle,40919,96.68813689675062,2.5641668337677963,3.690217258486278,79.58477508650519,1.0,Middle
Santa Monica,10,2,2,1826.66666666666,Delisted,Low,52203,90.8422899758719,0.7118879499942123,4.061069287205716,81.56424581005587,1.0,Low
Gulod,7,4,3,5110.95238095238,Active,High,63651,36.28013531452062,1.773208403952544,4.917440417275455,85.99779492833517,0.75,Middle
Pasong Putik Proper,7,6,3,982.142857142857,Active,Low,40919,96.68813689675062,2.5641668337677963,3.690217258486278,79.58477508650519,0.5,Low
Gulod,6,5,2,2558.33333333333,Active,Middle,63651,36.28013531452062,1.773208403952544,4.917440417275455,85.99779492833517,0.4,Low
Pasong Putik Proper,8,3,3,4206.25,Active,High,40919,96.68813689675062,2.5641668337677963,3.690217258486278,79.58477508650519,1.0,Middle
Santa Monica,5,2,2,3916.66666666666,Active,High,52203,90.8422899758719,0.7118879499942123,4.061069287205716,81.56424581005587,1.0,Low
Santa Monica,6,2,2,3836.11111111111,Active,High,52203,90.8422899758719,0.7118879499942123,4.061069287205716,81.56424581005587,1.0,Low
Pasong Putik Proper,5,3,2,3730.0,Active,High,40919,96.68813689675062,2.5641668337677963,3.690217258486278,79.58477508650519,0.6666666666666666,High
Pasong Putik Proper,7,5,3,2519.04761904761,Active,Middle,40919,96.68813689675062,2.5641668337677963,3.690217258486278,79.58477508650519,0.6,Low
Gulod,5,3,3,3603.33333333333,Graduated,High,63651,36.28013531452062,1.773208403952544,4.917440417275455,85.99779492833517,1.0,High
Pasong Putik Proper,7,3,1,1747.61904761904,Active,Low,40919,96.68813689675062,2.5641668337677963,3.690217258486278,79.58477508650519,0.3333333333333333,Low
Pasong Putik Proper,7,3,3,2692.38095238095,Active,Middle,40919,96.68813689675062,2.5641668337677963,3.690217258486278,79.58477508650519,1.0,Middle
Pasong Putik Proper,6,3,3,3815.0,Active,High,40919,96.68813689675062,2.5641668337677963,3.690217258486278,79.58477508650519,1.0,Middle
Fairview,7,5,4,4417.14285714285,Graduated,High,63913,110.71145984438877,3.3973436008606606,5.851704661023579,82.78145695364239,0.8,High
Novaliches Proper,4,1,1,9083.33333333333,Graduated,High,16096,33.267097201523434,4.059994828032066,30.318091451292243,80.2919708029197,1.0,High
Santa Monica,6,3,3,3830.55555555555,Active,High,52203,90.8422899758719,0.7118879499942123,4.061069287205716,81.56424581005587,1.0,Low
Gulod,2,1,1,4141.66666666666,Active,High,63651,36.28013531452062,1.773208403952544,4.917440417275455,85.99779492833517,1.0,High
Fairview,4,2,2,2454.16666666666,Delisted,Middle,63913,110.71145984438877,3.3973436008606606,5.851704661023579,82.78145695364239,1.0,Middle
Novaliches Proper,7,3,3,1771.42857142857,Active,Low,16096,33.267097201523434,4.059994828032066,30.318091451292243,80.2919708029197,1.0,Low
Fairview,5,3,2,1670.0,Active,Low,63913,110.71145984438877,3.3973436008606606,5.851704661023579,82.78145695364239,0.6666666666666666,Middle
Gulod,6,2,1,3866.66666666666,Graduated,High,63651,36.28013531452062,1.773208403952544,4.917440417275455,85.99779492833517,0.5,High
Fairview,5,3,3,3556.0,Active,High,63913,110.71145984438877,3.3973436008606606,5.851704661023579,82.78145695364239,1.0,High
Gulod,3,1,1,5477.77777777777,Active,High,63651,36.28013531452062,1.773208403952544,4.917440417275455,85.99779492833517,1.0,High
Capri,6,3,3,2391.66666666666,Active,Middle,12940,10.466108929486087,0.2867550182128187,,84.23236514522821,1.0,Low
Santa Lucia,5,3,3,5970.0,Active,High,28974,54.742576372569964,2.690058479532164,7.24787740733071,82.38636363636364,1.0,High
Fairview,6,2,1,4353.33333333333,Graduated,High,63913,110.71145984438877,3.3973436008606606,5.851704661023579,82.78145695364239,0.5,High
Santa Lucia,5,3,3,2626.66666666666,Active,Middle,28974,54.742576372569964,2.690058479532164,7.24787740733071,82.38636363636364,1.0,High
Santa Monica,7,2,2,2088.09523809523,Active,Low,52203,90.8422899758719,0.7118879499942123,4.061069287205716,81.56424581005587,1.0,Low
Novaliches Proper,7,4,1,2540.47619047619,Active,Middle,16096,33.267097201523434,4.059994828032066,30.318091451292243,80.2919708029197,0.25,Low
Novaliches Proper,9,5,3,4272.22222222222,Active,High,16096,33.267097201523434,4.059994828032066,30.318091451292243,80.2919708029197,0.6,Low
Novaliches Proper,5,2,2,7920.0,Graduated,High,16096,33.267097201523434,4.059994828032066,30.318091451292243,80.2919708029197,1.0,High
Novaliches Proper,6,3,2,1950.0,Active,Low,16096,33.267097201523434,4.059994828032066,30.318091451292243,80.2919708029197,0.6666666666666666,Low
Novaliches Proper,6,4,3,1791.66666666666,Active,Low,16096,33.267097201523434,4.059994828032066,30.318091451292243,80.2919708029197,0.75,Low
Novaliches Proper,5,2,2,1410.0,Active,Low,16096,33.267097201523434,4.059994828032066,30.318091451292243,80.2919708029197,1.0,Middle
Novaliches Proper,5,2,1,7033.33333333333,Graduated,High,16096,33.267097201523434,4.059994828032066,30.318091451292243,80.2919708029197,0.5,High
Novaliches Proper,6,4,3,3363.88888888888,Active,High,16096,33.267097201523434,4.059994828032066,30.318091451292243,80.2919708029197,0.75,Low
Novaliches Proper,5,3,3,2236.66666666666,Active,Middle,16096,33.267097201523434,4.059994828032066,30.318091451292243,80.2919708029197,1.0,Middle
Novaliches Proper,5,1,1,6296.0,Active,High,16096,33.267097201523434,4.059994828032066,30.318091451292243,80.2919708029197,1.0,Middle
Novaliches Proper,5,3,3,2950.0,Active,Middle,16096,33.267097201523434,4.059994828032066,30.318091451292243,80.2919708029197,1.0,Middle
Novaliches Proper,4,2,1,6780.41666666666,Active,High,16096,33.267097201523434,4.059994828032066,30.318091451292243,80.2919708029197,0.5,Low
Novaliches Proper,6,4,4,2730.0,Active,Middle,16096,33.267097201523434,4.059994828032066,30.318091451292243,80.2919708029197,1.0,Low
Gulod,9,1,1,3714.81481481481,Graduated,High,63651,36.28013531452062,1.773208403952544,4.917440417275455,85.99779492833517,1.0,High
Gulod,3,2,2,2705.55555555555,Active,Middle,63651,36.28013531452062,1.773208403952544,4.917440417275455,85.99779492833517,1.0,High
Gulod,5,2,2,4123.33333333333,Graduated,High,63651,36.28013531452062,1.773208403952544,4.917440417275455,85.99779492833517,1.0,High
Gulod,11,1,1,1916.66666666666,Delisted,Low,63651,36.28013531452062,1.773208403952544,4.917440417275455,85.99779492833517,1.0,Low
Gulod,9,3,2,2290.74074074074,Active,Middle,63651,36.28013531452062,1.773208403952544,4.917440417275455,85.99779492833517,0.6666666666666666,Middle
Gulod,8,5,4,2420.83333333333,Active,Middle,63651,36.28013531452062,1.773208403952544,4.917440417275455,85.99779492833517,0.8,Middle
Gulod,6,3,3,2608.33333333333,Graduated,Middle,63651,36.28013531452062,1.773208403952544,4.917440417275455,85.99779492833517,1.0,High
Fairview,5,4,2,2970.0,Active,Middle,63913,110.71145984438877,3.3973436008606606,5.851704661023579,82.78145695364239,0.5,High
Fairview,5,3,3,4103.33333333333,Active,High,63913,110.71145984438877,3.3973436008606606,5.851704661023579,82.78145695364239,1.0,High
Gulod,5,5,3,1756.66666666666,Active,Low,63651,36.28013531452062,1.773208403952544,4.917440417275455,85.99779492833517,0.6,Low
Gulod,4,2,1,5137.5,Active,High,63651,36.28013531452062,1.773208403952544,4.917440417275455,85.99779492833517,0.5,High
Gulod,7,2,0,4461.90476190476,Active,High,63651,36.28013531452062,1.773208403952544,4.917440417275455,85.99779492833517,0.0,High
Gulod,5,4,3,4953.33333333333,Active,High,63651,36.28013531452062,1.773208403952544,4.917440417275455,85.99779492833517,0.75,Low
Gulod,4,2,2,4900.0,Active,High,63651,36.28013531452062,1.773208403952544,4.917440417275455,85.99779492833517,1.0,High
Gulod,2,1,1,3550.0,Graduated,High,63651,36.28013531452062,1.773208403952544,4.917440417275455,85.99779492833517,1.0,High
Gulod,6,2,1,3600.0,Active,High,63651,36.28013531452062,1.773208403952544,4.917440417275455,85.99779492833517,0.5,Low
Gulod,6,2,2,2645.0,Active,Middle,63651,36.28013531452062,1.773208403952544,4.917440417275455,85.99779492833517,1.0,Middle
Gulod,7,4,2,2142.85714285714,Active,Low,63651,36.28013531452062,1.773208403952544,4.917440417275455,85.99779492833517,0.5,Low
Novaliches Proper,5,3,3,1773.33333333333,Active,Low,16096,33.267097201523434,4.059994828032066,30.318091451292243,80.2919708029197,1.0,Middle
Novaliches Proper,5,2,2,6206.0,Active,High,16096,33.267097201523434,4.059994828032066,30.318091451292243,80.2919708029197,1.0,Middle
North Fairview,2,2,1,4725.0,Graduated,High,47019,187.98309548600477,5.879571248423708,4.211063612582148,76.92307692307693,0.5,High
Novaliches Proper,7,3,1,1571.42857142857,Active,Low,16096,33.267097201523434,4.059994828032066,30.318091451292243,80.2919708029197,0.3333333333333333,Low
North Fairview,4,2,1,2237.5,Active,Middle,47019,187.98309548600477,5.879571248423708,4.211063612582148,76.92307692307693,0.5,Middle
Santa Monica,6,2,1,1663.88888888888,Active,Low,52203,90.8422899758719,0.7118879499942123,4.061069287205716,81.56424581005587,0.5,Low
Novaliches Proper,3,3,3,2622.22222222222,Active,Middle,16096,33.267097201523434,4.059994828032066,30.318091451292243,80.2919708029197,1.0,Middle
North Fairview,5,3,1,2780.0,Active,Middle,47019,187.98309548600477,5.879571248423708,4.211063612582148,76.92307692307693,0.3333333333333333,Middle
Santa Monica,12,2,2,2584.72222222222,Active,Middle,52203,90.8422899758719,0.7118879499942123,4.061069287205716,81.56424581005587,1.0,Middle
North Fairview,5,2,2,4923.33333333333,Graduated,High,47019,187.98309548600477,5.879571248423708,4.211063612582148,76.92307692307693,1.0,High
Novaliches Proper,6,3,2,2452.77777777777,Active,Middle,16096,33.267097201523434,4.059994828032066,30.318091451292243,80.2919708029197,0.6666666666666666,Low
North Fairview,4,2,2,4675.0,Graduated,High,47019,187.98309548600477,5.879571248423708,4.211063612582148,76.92307692307693,1.0,High
Novaliches Proper,7,5,4,1657.14285714285,Active,Low,16096,33.267097201523434,4.059994828032066,30.318091451292243,80.2919708029197,0.8,Low
North Fairview,6,1,0,7041.66666666666,Graduated,High,47019,187.98309548600477,5.879571248423708,4.211063612582148,76.92307692307693,0.0,High
Gulod,5,3,2,5438.0,Active,High,63651,36.28013531452062,1.773208403952544,4.917440417275455,85.99779492833517,0.6666666666666666,High
Novaliches Proper,7,5,3,1459.5238095238,Active,Low,16096,33.267097201523434,4.059994828032066,30.318091451292243,80.2919708029197,0.6,Low
Gulod,6,3,0,1475.0,Active,Low,63651,36.28013531452062,1.773208403952544,4.917440417275455,85.99779492833517,0.0,Low
Gulod,5,3,3,1790.0,Active,Low,63651,36.28013531452062,1.773208403952544,4.917440417275455,85.99779492833517,1.0,Middle
Santa Monica,4,2,2,4850.0,Graduated,High,52203,90.8422899758719,0.7118879499942123,4.061069287205716,81.56424581005587,1.0,High
North Fairview,5,3,3,2950.0,Delisted,Middle,47019,187.98309548600477,5.879571248423708,4.211063612582148,76.92307692307693,1.0,Middle
North Fairview,5,1,1,8336.66666666666,Graduated,High,47019,187.98309548600477,5.879571248423708,4.211063612582148,76.92307692307693,1.0,High
North Fairview,5,2,2,4310.0,Graduated,High,47019,187.98309548600477,5.879571248423708,4.211063612582148,76.92307692307693,1.0,High
Santa Monica,5,2,1,1963.33333333333,Graduated,Low,52203,90.8422899758719,0.7118879499942123,4.061069287205716,81.56424581005587,0.5,Low
Santa Monica,6,3,2,1622.22222222222,Active,Low,52203,90.8422899758719,0.7118879499942123,4.061069287205716,81.56424581005587,0.6666666666666666,Low
North Fairview,7,4,3,3592.85714285714,Graduated,High,47019,187.98309548600477,5.879571248423708,4.211063612582148,76.92307692307693,0.75,High
North Fairview,7,3,2,3909.5238095238,Graduated,High,47019,187.98309548600477,5.879571248423708,4.211063612582148,76.92307692307693,0.6666666666666666,High
Santa Monica,9,3,2,1642.59259259259,Active,Low,52203,90.8422899758719,0.7118879499942123,4.061069287205716,81.56424581005587,0.6666666666666666,Low
Santa Monica,4,2,2,2091.66666666666,Active,Low,52203,90.8422899758719,0.7118879499942123,4.061069287205716,81.56424581005587,1.0,Low
North Fairview,6,3,3,2591.66666666666,Active,Middle,47019,187.98309548600477,5.879571248423708,4.211063612582148,76.92307692307693,1.0,Middle
Santa Monica,4,1,1,4275.0,Active,High,52203,90.8422899758719,0.7118879499942123,4.061069287205716,81.56424581005587,1.0,Low
Santa Monica,7,3,2,2100.0,Active,Low,52203,90.8422899758719,0.7118879499942123,4.061069287205716,81.56424581005587,0.6666666666666666,Low
Santa Monica,6,3,3,3636.11111111111,Active,High,52203,90.8422899758719,0.7118879499942123,4.061069287205716,81.56424581005587,1.0,Low
Santa Monica,4,3,3,3625.0,Active,High,52203,90.8422899758719,0.7118879499942123,4.061069287205716,81.56424581005587,1.0,Low
Santa Monica,2,1,1,5908.33333333333,Graduated,High,52203,90.8422899758719,0.7118879499942123,4.061069287205716,81.56424581005587,1.0,High
Santa Monica,5,1,1,1446.66666666666,Active,Low,52203,90.8422899758719,0.7118879499942123,4.061069287205716,81.56424581005587,1.0,Low
Santa Monica,5,2,2,11866.6666666666,Graduated,High,52203,90.8422899758719,0.7118879499942123,4.061069287205716,81.56424581005587,1.0,High
Santa Lucia,10,1,1,3115.0,Active,Middle,28974,54.742576372569964,2.690058479532164,7.24787740733071,82.38636363636364,1.0,Middle
Gulod,5,3,3,6839.66666666666,Active,High,63651,36.28013531452062,1.773208403952544,4.917440417275455,85.99779492833517,1.0,Middle
Santa Monica,2,3,3,7633.33333333333,Active,High,52203,90.8422899758719,0.7118879499942123,4.061069287205716,81.56424581005587,1.0,Low
Gulod,6,4,4,4150.0,Active,High,63651,36.28013531452062,1.773208403952544,4.917440417275455,85.99779492833517,1.0,Middle
Gulod,5,3,3,1900.0,Active,Low,63651,36.28013531452062,1.773208403952544,4.917440417275455,85.99779492833517,1.0,Middle
Santa Monica,6,4,4,5683.33333333333,Active,High,52203,90.8422899758719,0.7118879499942123,4.061069287205716,81.56424581005587,1.0,Middle
Santa Monica,6,3,2,3472.22222222222,Active,High,52203,90.8422899758719,0.7118879499942123,4.061069287205716,81.56424581005587,0.6666666666666666,Low
Gulod,4,3,1,4862.5,Delisted,High,63651,36.28013531452062,1.773208403952544,4.917440417275455,85.99779492833517,0.3333333333333333,High
Santa Monica,3,2,1,4000.0,Active,High,52203,90.8422899758719,0.7118879499942123,4.061069287205716,81.56424581005587,0.5,Low
Gulod,4,3,2,1637.5,Active,Low,63651,36.28013531452062,1.773208403952544,4.917440417275455,85.99779492833517,0.6666666666666666,High
Santa Monica,6,2,2,3155.55555555555,Active,High,52203,90.8422899758719,0.7118879499942123,4.061069287205716,81.56424581005587,1.0,Low
Santa Monica,4,1,1,4683.33333333333,Active,High,52203,90.8422899758719,0.7118879499942123,4.061069287205716,81.56424581005587,1.0,Low
Santa Monica,5,2,2,10413.3333333333,Active,High,52203,90.8422899758719,0.7118879499942123,4.061069287205716,81.56424581005587,1.0,Low
Santa Monica,2,1,1,4508.33333333333,Active,High,52203,90.8422899758719,0.7118879499942123,4.061069287205716,81.56424581005587,1.0,Middle
Santa Monica,4,3,1,1387.5,Active,Low,52203,90.8422899758719,0.7118879499942123,4.061069287205716,81.56424581005587,0.3333333333333333,Low
Santa Monica,4,1,1,962.5,Active,Low,52203,90.8422899758719,0.7118879499942123,4.061069287205716,81.56424581005587,1.0,Low
Santa Monica,7,5,4,2700.0,Active,Middle,52203,90.8422899758719,0.7118879499942123,4.061069287205716,81.56424581005587,0.8,Low
Santa Monica,4,2,2,4700.0,Active,High,52203,90.8422899758719,0.7118879499942123,4.061069287205716,81.56424581005587,1.0,Low
Santa Monica,5,2,2,2913.33333333333,Active,Middle,52203,90.8422899758719,0.7118879499942123,4.061069287205716,81.56424581005587,1.0,Low
Gulod,5,3,3,2356.66666666666,Active,Middle,63651,36.28013531452062,1.773208403952544,4.917440417275455,85.99779492833517,1.0,Middle
Santa Monica,4,1,1,12003.3333333333,Graduated,High,52203,90.8422899758719,0.7118879499942123,4.061069287205716,81.56424581005587,1.0,High
Santa Monica,4,1,1,2654.16666666666,Active,Middle,52203,90.8422899758719,0.7118879499942123,4.061069287205716,81.56424581005587,1.0,Low
Gulod,4,1,1,4024.16666666666,Active,High,63651,36.28013531452062,1.773208403952544,4.917440417275455,85.99779492833517,1.0,High
Gulod,8,2,1,3407.5,Active,High,63651,36.28013531452062,1.773208403952544,4.917440417275455,85.99779492833517,0.5,Middle
Kaligayahan,8,4,3,3650.0,Active,High,62132,109.99053670406921,2.762065429525983,3.2189531964205242,72.42524916943522,0.75,Low
North Fairview,4,2,2,8750.0,Graduated,High,47019,187.98309548600477,5.879571248423708,4.211063612582148,76.92307692307693,1.0,High
Kaligayahan,7,5,5,2966.66666666666,Active,Middle,62132,109.99053670406921,2.762065429525983,3.2189531964205242,72.42524916943522,1.0,Middle
North Fairview,4,2,1,5050.0,Graduated,High,47019,187.98309548600477,5.879571248423708,4.211063612582148,76.92307692307693,0.5,High
Kaligayahan,4,2,2,3475.0,Active,High,62132,109.99053670406921,2.762065429525983,3.2189531964205242,72.42524916943522,1.0,High
Kaligayahan,8,4,2,1730.20833333333,Active,Low,62132,109.99053670406921,2.762065429525983,3.2189531964205242,72.42524916943522,0.5,Low
Kaligayahan,5,3,3,4093.33333333333,Active,High,62132,109.99053670406921,2.762065429525983,3.2189531964205242,72.42524916943522,1.0,Middle
Santa Monica,5,1,1,4556.0,Graduated,High,52203,90.8422899758719,0.7118879499942123,4.061069287205716,81.56424581005587,1.0,High
Gulod,9,3,3,2758.14814814814,Active,Middle,63651,36.28013531452062,1.773208403952544,4.917440417275455,85.99779492833517,1.0,Middle
Gulod,4,2,1,1833.33333333333,Active,Low,63651,36.28013531452062,1.773208403952544,4.917440417275455,85.99779492833517,0.5,High
Kaligayahan,6,3,2,2958.88888888888,Active,Middle,62132,109.99053670406921,2.762065429525983,3.2189531964205242,72.42524916943522,0.6666666666666666,Low
Santa Monica,4,2,2,4908.33333333333,Active,High,52203,90.8422899758719,0.7118879499942123,4.061069287205716,81.56424581005587,1.0,Low
Kaligayahan,7,5,0,2064.28571428571,Active,Low,62132,109.99053670406921,2.762065429525983,3.2189531964205242,72.42524916943522,0.0,Low
Gulod,5,3,3,3778.66666666666,Active,High,63651,36.28013531452062,1.773208403952544,4.917440417275455,85.99779492833517,1.0,Middle
Santa Monica,6,4,2,6802.22222222222,Active,High,52203,90.8422899758719,0.7118879499942123,4.061069287205716,81.56424581005587,0.5,Middle
Gulod,4,2,2,2104.16666666666,Active,Low,63651,36.28013531452062,1.773208403952544,4.917440417275455,85.99779492833517,1.0,High
Kaligayahan,7,5,4,4202.38095238095,Active,High,62132,109.99053670406921,2.762065429525983,3.2189531964205242,72.42524916943522,0.8,Middle
Kaligayahan,2,4,3,5025.0,Active,High,62132,109.99053670406921,2.762065429525983,3.2189531964205242,72.42524916943522,0.75,High
Gulod,5,1,1,4710.0,Active,High,63651,36.28013531452062,1.773208403952544,4.917440417275455,85.99779492833517,1.0,High
San Bartolome,4,2,2,2637.5,Active,Middle,51472,38.59658570736173,0.6334558536013138,1.3988187752564503,83.91608391608392,1.0,High
San Bartolome,4,2,2,3012.5,Active,Middle,51472,38.59658570736173,0.6334558536013138,1.3988187752564503,83.91608391608392,1.0,High
San Bartolome,4,2,2,4308.33333333333,Active,High,51472,38.59658570736173,0.6334558536013138,1.3988187752564503,83.91608391608392,1.0,High
San Bartolome,6,2,2,5655.55555555555,Active,High,51472,38.59658570736173,0.6334558536013138,1.3988187752564503,83.91608391608392,1.0,Middle
San Bartolome,4,2,2,4437.5,Active,High,51472,38.59658570736173,0.6334558536013138,1.3988187752564503,83.91608391608392,1.0,High
San Bartolome,5,3,3,3569.33333333333,Active,High,51472,38.59658570736173,0.6334558536013138,1.3988187752564503,83.91608391608392,1.0,Low
San Bartolome,4,2,2,3708.33333333333,Graduated,High,51472,38.59658570736173,0.6334558536013138,1.3988187752564503,83.91608391608392,1.0,High
San Bartolome,4,1,1,5453.16666666666,Graduated,High,51472,38.59658570736173,0.6334558536013138,1.3988187752564503,83.91608391608392,1.0,High
San Bartolome,4,3,3,3204.16666666666,Active,High,51472,38.59658570736173,0.6334558536013138,1.3988187752564503,83.91608391608392,1.0,Middle
San Bartolome,4,1,1,3045.83333333333,Delisted,Middle,51472,38.59658570736173,0.6334558536013138,1.3988187752564503,83.91608391608392,1.0,Middle
Gulod,5,4,2,723.333333333333,Active,Low,63651,36.28013531452062,1.773208403952544,4.917440417275455,85.99779492833517,0.5,Low
San Bartolome,7,5,5,2842.38095238095,Active,Middle,51472,38.59658570736173,0.6334558536013138,1.3988187752564503,83.91608391608392,1.0,Middle
Gulod,6,2,2,4519.44444444444,Active,High,63651,36.28013531452062,1.773208403952544,4.917440417275455,85.99779492833517,1.0,Middle
San Bartolome,4,1,1,7000.0,Graduated,High,51472,38.59658570736173,0.6334558536013138,1.3988187752564503,83.91608391608392,1.0,High
San Bartolome,6,4,3,2547.22222222222,Active,Middle,51472,38.59658570736173,0.6334558536013138,1.3988187752564503,83.91608391608392,0.75,Low
San Bartolome,5,2,2,4556.66666666666,Graduated,High,51472,38.59658570736173,0.6334558536013138,1.3988187752564503,83.91608391608392,1.0,High
San Bartolome,5,4,3,1843.33333333333,Active,Low,51472,38.59658570736173,0.6334558536013138,1.3988187752564503,83.91608391608392,0.75,Low
San Bartolome,7,2,2,5753.80952380952,Graduated,High,51472,38.59658570736173,0.6334558536013138,1.3988187752564503,83.91608391608392,1.0,High
Gulod,10,4,3,4891.66666666666,Active,High,63651,36.28013531452062,1.773208403952544,4.917440417275455,85.99779492833517,0.75,High
San Bartolome,5,3,2,2940.0,Active,Middle,51472,38.59658570736173,0.6334558536013138,1.3988187752564503,83.91608391608392,0.6666666666666666,Middle
San Bartolome,7,5,3,1554.7619047619,Active,Low,51472,38.59658570736173,0.6334558536013138,1.3988187752564503,83.91608391608392,0.6,Low
San Bartolome,6,4,2,519.444444444444,Active,Low,51472,38.59658570736173,0.6334558536013138,1.3988187752564503,83.91608391608392,0.5,Low
San Bartolome,5,3,3,4250.0,Active,High,51472,38.59658570736173,0.6334558536013138,1.3988187752564503,83.91608391608392,1.0,Low
Gulod,5,3,2,3330.0,Active,High,63651,36.28013531452062,1.773208403952544,4.917440417275455,85.99779492833517,0.6666666666666666,High
San Bartolome,5,3,3,3256.66666666666,Active,High,51472,38.59658570736173,0.6334558536013138,1.3988187752564503,83.91608391608392,1.0,Low
Gulod,8,1,1,2400.0,Active,Middle,63651,36.28013531452062,1.773208403952544,4.917440417275455,85.99779492833517,1.0,Middle
Gulod,6,3,2,7675.0,Active,High,63651,36.28013531452062,1.773208403952544,4.917440417275455,85.99779492833517,0.6666666666666666,Middle
Santa Monica,3,1,1,1652.77777777777,Delisted,Low,52203,90.8422899758719,0.7118879499942123,4.061069287205716,81.56424581005587,1.0,Low
Santa Monica,5,3,3,1446.66666666666,Active,Low,52203,90.8422899758719,0.7118879499942123,4.061069287205716,81.56424581005587,1.0,Low
Santa Monica,5,3,3,1340.0,Graduated,Low,52203,90.8422899758719,0.7118879499942123,4.061069287205716,81.56424581005587,1.0,Low
Santa Monica,5,2,2,846.666666666666,Active,Low,52203,90.8422899758719,0.7118879499942123,4.061069287205716,81.56424581005587,1.0,Low
Santa Monica,7,3,1,1990.47619047619,Active,Low,52203,90.8422899758719,0.7118879499942123,4.061069287205716,81.56424581005587,0.3333333333333333,Low
Santa Monica,5,2,1,4060.0,Active,High,52203,90.8422899758719,0.7118879499942123,4.061069287205716,81.56424581005587,0.5,Low
San Agustin,3,2,2,5027.77777777777,Active,High,26034,24.863309352517984,2.6779727864326563,8.873012214796036,86.71875,1.0,High
San Agustin,8,3,2,5631.25,Delisted,High,26034,24.863309352517984,2.6779727864326563,8.873012214796036,86.71875,0.6666666666666666,High
San Agustin,5,2,2,3916.0,Active,High,26034,24.863309352517984,2.6779727864326563,8.873012214796036,86.71875,1.0,High
San Agustin,8,3,3,4250.0,Active,High,26034,24.863309352517984,2.6779727864326563,8.873012214796036,86.71875,1.0,Middle
San Agustin,9,3,3,2316.66666666666,Graduated,Middle,26034,24.863309352517984,2.6779727864326563,8.873012214796036,86.71875,1.0,Middle
San Agustin,4,3,2,6554.16666666666,Graduated,High,26034,24.863309352517984,2.6779727864326563,8.873012214796036,86.71875,0.6666666666666666,High
San Agustin,4,1,1,3875.0,Active,High,26034,24.863309352517984,2.6779727864326563,8.873012214796036,86.71875,1.0,High
San Agustin,6,4,3,2091.66666666666,Active,Low,26034,24.863309352517984,2.6779727864326563,8.873012214796036,86.71875,0.75,Low
San Agustin,8,2,2,4562.5,Graduated,High,26034,24.863309352517984,2.6779727864326563,8.873012214796036,86.71875,1.0,High
San Agustin,4,3,3,2537.5,Graduated,Middle,26034,24.863309352517984,2.6779727864326563,8.873012214796036,86.71875,1.0,Middle
San Agustin,4,2,2,2154.16666666666,Active,Low,26034,24.863309352517984,2.6779727864326563,8.873012214796036,86.71875,1.0,High
San Agustin,5,3,1,3210.0,Active,High,26034,24.863309352517984,2.6779727864326563,8.873012214796036,86.71875,0.3333333333333333,Middle
San Agustin,7,3,3,1092.85714285714,Active,Low,26034,24.863309352517984,2.6779727864326563,8.873012214796036,86.71875,1.0,Middle
San Agustin,8,6,4,2728.75,Active,Middle,26034,24.863309352517984,2.6779727864326563,8.873012214796036,86.71875,0.6666666666666666,Low
San Agustin,8,5,3,1281.25,Active,Low,26034,24.863309352517984,2.6779727864326563,8.873012214796036,86.71875,0.6,Low
San Agustin,5,3,3,4170.0,Active,High,26034,24.863309352517984,2.6779727864326563,8.873012214796036,86.71875,1.0,Middle
Santa Monica,2,1,1,2558.33333333333,Active,Middle,52203,90.8422899758719,0.7118879499942123,4.061069287205716,81.56424581005587,1.0,Middle
Santa Monica,3,2,2,5438.88888888888,Active,High,52203,90.8422899758719,0.7118879499942123,4.061069287205716,81.56424581005587,1.0,Low
Santa Monica,4,1,1,700.0,Active,Low,52203,90.8422899758719,0.7118879499942123,4.061069287205716,81.56424581005587,1.0,Low
Santa Monica,3,1,1,844.444444444444,Active,Low,52203,90.8422899758719,0.7118879499942123,4.061069287205716,81.56424581005587,1.0,Low
Santa Monica,9,2,1,2494.44444444444,Active,Middle,52203,90.8422899758719,0.7118879499942123,4.061069287205716,81.56424581005587,0.5,Middle
Santa Monica,5,1,1,3943.33333333333,Active,High,52203,90.8422899758719,0.7118879499942123,4.061069287205716,81.56424581005587,1.0,Low
Santa Monica,5,3,3,2903.33333333333,Active,Middle,52203,90.8422899758719,0.7118879499942123,4.061069287205716,81.56424581005587,1.0,Low
Santa Monica,6,2,2,3119.44444444444,Active,Middle,52203,90.8422899758719,0.7118879499942123,4.061069287205716,81.56424581005587,1.0,Low
Santa Monica,4,2,2,4112.5,Active,High,52203,90.8422899758719,0.7118879499942123,4.061069287205716,81.56424581005587,1.0,Low
Santa Monica,10,3,3,2718.33333333333,Active,Middle,52203,90.8422899758719,0.7118879499942123,4.061069287205716,81.56424581005587,1.0,Middle
Santa Monica,4,2,0,1887.5,Active,Low,52203,90.8422899758719,0.7118879499942123,4.061069287205716,81.56424581005587,0.0,Low
Santa Monica,5,2,2,3143.33333333333,Active,High,52203,90.8422899758719,0.7118879499942123,4.061069287205716,81.56424581005587,1.0,Low
Santa Monica,8,2,2,1710.41666666666,Active,Low,52203,90.8422899758719,0.7118879499942123,4.061069287205716,81.56424581005587,1.0,Low
Santa Monica,5,2,2,2943.33333333333,Active,Middle,52203,90.8422899758719,0.7118879499942123,4.061069287205716,81.56424581005587,1.0,Low
Santa Monica,9,2,2,2124.07407407407,Active,Low,52203,90.8422899758719,0.7118879499942123,4.061069287205716,81.56424581005587,1.0,Middle
Santa Monica,7,2,2,1250.0,Active,Low,52203,90.8422899758719,0.7118879499942123,4.061069287205716,81.56424581005587,1.0,Low
Santa Monica,5,1,1,3623.33333333333,Active,High,52203,90.8422899758719,0.7118879499942123,4.061069287205716,81.56424581005587,1.0,Low
Santa Monica,5,2,1,2870.0,Active,Middle,52203,90.8422899758719,0.7118879499942123,4.061069287205716,81.56424581005587,0.5,Low
Santa Monica,8,1,1,1827.08333333333,Active,Low,52203,90.8422899758719,0.7118879499942123,4.061069287205716,81.56424581005587,1.0,Low
Santa Monica,9,1,1,3401.85185185185,Graduated,High,52203,90.8422899758719,0.7118879499942123,4.061069287205716,81.56424581005587,1.0,High
Santa Monica,6,1,1,5769.44444444444,Graduated,High,52203,90.8422899758719,0.7118879499942123,4.061069287205716,81.56424581005587,1.0,High
San Bartolome,5,3,3,2640.0,Active,Middle,51472,38.59658570736173,0.6334558536013138,1.3988187752564503,83.91608391608392,1.0,Low
San Bartolome,6,4,4,2949.44444444444,Active,Middle,51472,38.59658570736173,0.6334558536013138,1.3988187752564503,83.91608391608392,1.0,Middle
San Bartolome,6,2,2,2141.66666666666,Active,Low,51472,38.59658570736173,0.6334558536013138,1.3988187752564503,83.91608391608392,1.0,Middle
San Bartolome,5,1,1,7196.66666666666,Graduated,High,51472,38.59658570736173,0.6334558536013138,1.3988187752564503,83.91608391608392,1.0,High
San Bartolome,6,4,2,2102.77777777777,Active,Low,51472,38.59658570736173,0.6334558536013138,1.3988187752564503,83.91608391608392,0.5,Low
San Bartolome,5,3,3,1863.33333333333,Active,Low,51472,38.59658570736173,0.6334558536013138,1.3988187752564503,83.91608391608392,1.0,Low
Gulod,7,3,2,2638.09523809523,Delisted,Middle,63651,36.28013531452062,1.773208403952544,4.917440417275455,85.99779492833517,0.6666666666666666,Middle
San Bartolome,7,5,2,4214.28571428571,Active,High,51472,38.59658570736173,0.6334558536013138,1.3988187752564503,83.91608391608392,0.4,Low
Nagkaisang Nayon,6,4,3,2147.22222222222,Active,Low,54477,41.13943727654283,1.2941373347464717,1.156451346439782,74.24242424242425,0.75,Middle
Nagkaisang Nayon,6,5,3,3108.33333333333,Active,Middle,54477,41.13943727654283,1.2941373347464717,1.156451346439782,74.24242424242425,0.6,Middle
Nagkaisang Nayon,5,3,3,4963.33333333333,Active,High,54477,41.13943727654283,1.2941373347464717,1.156451346439782,74.24242424242425,1.0,Middle
Nagkaisang Nayon,6,4,3,4136.11111111111,Active,High,54477,41.13943727654283,1.2941373347464717,1.156451346439782,74.24242424242425,0.75,Middle
Gulod,9,4,3,4701.85185185185,Active,High,63651,36.28013531452062,1.773208403952544,4.917440417275455,85.99779492833517,0.75,Middle
Gulod,6,3,3,2769.44444444444,Active,Middle,63651,36.28013531452062,1.773208403952544,4.917440417275455,85.99779492833517,1.0,Middle
Gulod,6,2,1,6948.88888888889,Graduated,High,63651,36.28013531452062,1.773208403952544,4.917440417275455,85.99779492833517,0.5,High
Novaliches Proper,5,3,3,4399.33333333333,Active,High,16096,33.267097201523434,4.059994828032066,30.318091451292243,80.2919708029197,1.0,Middle
Gulod,7,3,1,4510.95238095238,Graduated,High,63651,36.28013531452062,1.773208403952544,4.917440417275455,85.99779492833517,0.3333333333333333,High
Gulod,7,3,1,5142.85714285714,Delisted,High,63651,36.28013531452062,1.773208403952544,4.917440417275455,85.99779492833517,0.3333333333333333,High
Gulod,4,2,1,5904.16666666666,Graduated,High,63651,36.28013531452062,1.773208403952544,4.917440417275455,85.99779492833517,0.5,High
Santa Monica,4,2,2,1972.5,Active,Low,52203,90.8422899758719,0.7118879499942123,4.061069287205716,81.56424581005587,1.0,Low
Gulod,10,1,1,9344.03333333333,Graduated,High,63651,36.28013531452062,1.773208403952544,4.917440417275455,85.99779492833517,1.0,High
Gulod,6,1,0,4269.44444444444,Graduated,High,63651,36.28013531452062,1.773208403952544,4.917440417275455,85.99779492833517,0.0,High
Gulod,4,1,1,4654.16666666666,Graduated,High,63651,36.28013531452062,1.773208403952544,4.917440417275455,85.99779492833517,1.0,High
San Bartolome,7,5,3,2559.5238095238,Active,Middle,51472,38.59658570736173,0.6334558536013138,1.3988187752564503,83.91608391608392,0.6,Low
San Bartolome,4,3,2,2662.5,Active,Middle,51472,38.59658570736173,0.6334558536013138,1.3988187752564503,83.91608391608392,0.6666666666666666,Middle
San Bartolome,5,3,3,2226.66666666666,Active,Middle,51472,38.59658570736173,0.6334558536013138,1.3988187752564503,83.91608391608392,1.0,Low
San Bartolome,5,3,3,1776.66666666666,Active,Low,51472,38.59658570736173,0.6334558536013138,1.3988187752564503,83.91608391608392,1.0,Low
Santa Monica,4,2,2,9029.16666666666,Graduated,High,52203,90.8422899758719,0.7118879499942123,4.061069287205716,81.56424581005587,1.0,High
Santa Monica,7,2,2,5082.85714285714,Graduated,High,52203,90.8422899758719,0.7118879499942123,4.061069287205716,81.56424581005587,1.0,High
Santa Monica,8,3,3,4495.41666666666,Active,High,52203,90.8422899758719,0.7118879499942123,4.061069287205716,81.56424581005587,1.0,Low
Nagkaisang Nayon,6,4,3,2658.33333333333,Active,Middle,54477,41.13943727654283,1.2941373347464717,1.156451346439782,74.24242424242425,0.75,Middle
Nagkaisang Nayon,5,3,3,2743.33333333333,Active,Middle,54477,41.13943727654283,1.2941373347464717,1.156451346439782,74.24242424242425,1.0,Middle
North Fairview,5,3,2,2870.0,Active,Middle,47019,187.98309548600477,5.879571248423708,4.211063612582148,76.92307692307693,0.6666666666666666,Low
North Fairview,5,3,3,3750.0,Active,High,47019,187.98309548600477,5.879571248423708,4.211063612582148,76.92307692307693,1.0,Middle
North Fairview,6,4,3,2869.44444444444,Active,Middle,47019,187.98309548600477,5.879571248423708,4.211063612582148,76.92307692307693,0.75,Low
North Fairview,6,5,4,3547.22222222222,Active,High,47019,187.98309548600477,5.879571248423708,4.211063612582148,76.92307692307693,0.8,Middle
North Fairview,6,3,3,3375.0,Active,High,47019,187.98309548600477,5.879571248423708,4.211063612582148,76.92307692307693,1.0,Middle
North Fairview,6,3,3,3580.55555555555,Active,High,47019,187.98309548600477,5.879571248423708,4.211063612582148,76.92307692307693,1.0,Middle
North Fairview,5,3,3,2610.0,Active,Middle,47019,187.98309548600477,5.879571248423708,4.211063612582148,76.92307692307693,1.0,Middle
Novaliches Proper,4,1,1,6379.16666666666,Graduated,High,16096,33.267097201523434,4.059994828032066,30.318091451292243,80.2919708029197,1.0,High
Novaliches Proper,4,1,1,7037.5,Graduated,High,16096,33.267097201523434,4.059994828032066,30.318091451292243,80.2919708029197,1.0,High
North Fairview,5,3,2,3510.0,Active,High,47019,187.98309548600477,5.879571248423708,4.211063612582148,76.92307692307693,0.6666666666666666,Low
North Fairview,6,4,3,2125.0,Active,Low,47019,187.98309548600477,5.879571248423708,4.211063612582148,76.92307692307693,0.75,Low
North Fairview,4,4,1,3525.0,Active,High,47019,187.98309548600477,5.879571248423708,4.211063612582148,76.92307692307693,0.25,High
North Fairview,7,3,3,2221.42857142857,Active,Middle,47019,187.98309548600477,5.879571248423708,4.211063612582148,76.92307692307693,1.0,Middle
North Fairview,4,2,2,2233.33333333333,Active,Middle,47019,187.98309548600477,5.879571248423708,4.211063612582148,76.92307692307693,1.0,Middle
North Fairview,4,2,2,5083.33333333333,Active,High,47019,187.98309548600477,5.879571248423708,4.211063612582148,76.92307692307693,1.0,Middle
North Fairview,4,2,2,4608.33333333333,Active,High,47019,187.98309548600477,5.879571248423708,4.211063612582148,76.92307692307693,1.0,Middle
Nagkaisang Nayon,6,4,4,1380.55555555555,Active,Low,54477,41.13943727654283,1.2941373347464717,1.156451346439782,74.24242424242425,1.0,Low
North Fairview,5,3,3,2173.66666666666,Active,Low,47019,187.98309548600477,5.879571248423708,4.211063612582148,76.92307692307693,1.0,Middle
Nagkaisang Nayon,5,2,2,4586.66666666666,Graduated,High,54477,41.13943727654283,1.2941373347464717,1.156451346439782,74.24242424242425,1.0,High
North Fairview,6,4,4,3761.11111111111,Active,High,47019,187.98309548600477,5.879571248423708,4.211063612582148,76.92307692307693,1.0,Middle
Nagkaisang Nayon,5,3,2,8565.33333333333,Graduated,High,54477,41.13943727654283,1.2941373347464717,1.156451346439782,74.24242424242425,0.6666666666666666,High
North Fairview,5,3,2,1760.0,Active,Low,47019,187.98309548600477,5.879571248423708,4.211063612582148,76.92307692307693,0.6666666666666666,Low
Novaliches Proper,3,2,2,5271.11111111111,Graduated,High,16096,33.267097201523434,4.059994828032066,30.318091451292243,80.2919708029197,1.0,High
Nagkaisang Nayon,5,2,2,5490.0,Graduated,High,54477,41.13943727654283,1.2941373347464717,1.156451346439782,74.24242424242425,1.0,High
North Fairview,4,2,2,2308.33333333333,Active,Middle,47019,187.98309548600477,5.879571248423708,4.211063612582148,76.92307692307693,1.0,Middle
North Fairview,7,5,3,2530.47619047619,Active,Middle,47019,187.98309548600477,5.879571248423708,4.211063612582148,76.92307692307693,0.6,Low
North Fairview,5,3,3,3063.33333333333,Active,Middle,47019,187.98309548600477,5.879571248423708,4.211063612582148,76.92307692307693,1.0,Middle
North Fairview,5,3,3,3100.0,Delisted,Middle,47019,187.98309548600477,5.879571248423708,4.211063612582148,76.92307692307693,1.0,Middle
Nagkaisang Nayon,5,1,1,4023.33333333333,Graduated,High,54477,41.13943727654283,1.2941373347464717,1.156451346439782,74.24242424242425,1.0,High
Nagkaisang Nayon,6,2,2,5488.88888888889,Graduated,High,54477,41.13943727654283,1.2941373347464717,1.156451346439782,74.24242424242425,1.0,High
Nagkaisang Nayon,5,2,2,4910.0,Active,High,54477,41.13943727654283,1.2941373347464717,1.156451346439782,74.24242424242425,1.0,Middle
North Fairview,5,3,2,2905.33333333333,Active,Middle,47019,187.98309548600477,5.879571248423708,4.211063612582148,76.92307692307693,0.6666666666666666,Low
North Fairview,7,5,4,2119.04761904761,Active,Low,47019,187.98309548600477,5.879571248423708,4.211063612582148,76.92307692307693,0.8,Low
North Fairview,4,3,1,2512.5,Active,Middle,47019,187.98309548600477,5.879571248423708,4.211063612582148,76.92307692307693,0.3333333333333333,Middle
Nagkaisang Nayon,5,2,2,4503.33333333333,Graduated,High,54477,41.13943727654283,1.2941373347464717,1.156451346439782,74.24242424242425,1.0,High
Nagkaisang Nayon,8,6,6,2168.33333333333,Active,Low,54477,41.13943727654283,1.2941373347464717,1.156451346439782,74.24242424242425,1.0,Low
Nagkaisang Nayon,6,2,2,4849.44444444444,Graduated,High,54477,41.13943727654283,1.2941373347464717,1.156451346439782,74.24242424242425,1.0,High
Nagkaisang Nayon,4,1,1,1487.5,Active,Low,54477,41.13943727654283,1.2941373347464717,1.156451346439782,74.24242424242425,1.0,High
Santa Monica,3,2,1,3516.66666666666,Active,High,52203,90.8422899758719,0.7118879499942123,4.061069287205716,81.56424581005587,0.5,Low
Santa Monica,4,2,2,2007.5,Active,Low,52203,90.8422899758719,0.7118879499942123,4.061069287205716,81.56424581005587,1.0,Low
Santa Monica,5,4,2,4123.33333333333,Active,High,52203,90.8422899758719,0.7118879499942123,4.061069287205716,81.56424581005587,0.5,Middle
Santa Monica,5,3,3,4396.66666666666,Active,High,52203,90.8422899758719,0.7118879499942123,4.061069287205716,81.56424581005587,1.0,Low
Santa Monica,6,2,2,4302.77777777777,Active,High,52203,90.8422899758719,0.7118879499942123,4.061069287205716,81.56424581005587,1.0,Low
Santa Monica,4,2,1,2842.5,Active,Middle,52203,90.8422899758719,0.7118879499942123,4.061069287205716,81.56424581005587,0.5,Low
Santa Monica,15,1,1,2707.77777777777,Active,Middle,52203,90.8422899758719,0.7118879499942123,4.061069287205716,81.56424581005587,1.0,Middle
Santa Monica,5,2,2,3543.33333333333,Active,High,52203,90.8422899758719,0.7118879499942123,4.061069287205716,81.56424581005587,1.0,Low
North Fairview,4,2,2,3804.16666666666,Active,High,47019,187.98309548600477,5.879571248423708,4.211063612582148,76.92307692307693,1.0,Middle
North Fairview,7,6,4,2173.80952380952,Active,Low,47019,187.98309548600477,5.879571248423708,4.211063612582148,76.92307692307693,0.6666666666666666,Low
North Fairview,6,3,2,1697.22222222222,Active,Low,47019,187.98309548600477,5.879571248423708,4.211063612582148,76.92307692307693,0.6666666666666666,Middle
North Fairview,6,4,3,3480.55555555555,Active,High,47019,187.98309548600477,5.879571248423708,4.211063612582148,76.92307692307693,0.75,Low
Santa Monica,5,4,2,2267.33333333333,Active,Middle,52203,90.8422899758719,0.7118879499942123,4.061069287205716,81.56424581005587,0.5,Middle
Santa Monica,5,3,3,2803.33333333333,Active,Middle,52203,90.8422899758719,0.7118879499942123,4.061069287205716,81.56424581005587,1.0,Low
Santa Monica,5,3,3,3876.66666666666,Active,High,52203,90.8422899758719,0.7118879499942123,4.061069287205716,81.56424581005587,1.0,Low
Bagbag,1,2,0,12900.0,Delisted,High,66268,70.79821644887755,2.497950597806753,4.783605963662703,85.5813953488372,0.0,High
Santa Monica,3,2,2,2094.44444444444,Active,Low,52203,90.8422899758719,0.7118879499942123,4.061069287205716,81.56424581005587,1.0,Low
Bagbag,3,1,1,10808.3333333333,Graduated,High,66268,70.79821644887755,2.497950597806753,4.783605963662703,85.5813953488372,1.0,High
Santa Monica,4,3,2,3129.16666666666,Active,Middle,52203,90.8422899758719,0.7118879499942123,4.061069287205716,81.56424581005587,0.6666666666666666,Low
Bagbag,7,1,1,6121.42857142857,Active,High,66268,70.79821644887755,2.497950597806753,4.783605963662703,85.5813953488372,1.0,High
San Agustin,6,3,3,7175.0,Active,High,26034,24.863309352517984,2.6779727864326563,8.873012214796036,86.71875,1.0,Middle
San Agustin,5,3,3,3030.0,Active,Middle,26034,24.863309352517984,2.6779727864326563,8.873012214796036,86.71875,1.0,Middle
San Agustin,7,5,3,2857.14285714285,Active,Middle,26034,24.863309352517984,2.6779727864326563,8.873012214796036,86.71875,0.6,Low
San Agustin,5,3,2,4990.0,Active,High,26034,24.863309352517984,2.6779727864326563,8.873012214796036,86.71875,0.6666666666666666,High
San Agustin,8,7,1,2439.58333333333,Active,Middle,26034,24.863309352517984,2.6779727864326563,8.873012214796036,86.71875,0.14285714285714285,Middle
San Agustin,6,4,3,3618.33333333333,Active,High,26034,24.863309352517984,2.6779727864326563,8.873012214796036,86.71875,0.75,Low
San Agustin,8,5,4,2606.25,Active,Middle,26034,24.863309352517984,2.6779727864326563,8.873012214796036,86.71875,0.8,Middle
Pasong Putik Proper,7,4,2,2179.7619047619,Active,Low,40919,96.68813689675062,2.5641668337677963,3.690217258486278,79.58477508650519,0.5,Low
Pasong Putik Proper,5,1,1,1825.0,Delisted,Low,40919,96.68813689675062,2.5641668337677963,3.690217258486278,79.58477508650519,1.0,Low
Bagbag,3,1,0,6500.0,Delisted,High,66268,70.79821644887755,2.497950597806753,4.783605963662703,85.5813953488372,0.0,High
Fairview,5,2,2,3970.0,Active,High,63913,110.71145984438877,3.3973436008606606,5.851704661023579,82.78145695364239,1.0,High
Santa Lucia,8,3,2,7653.125,Graduated,High,28974,54.742576372569964,2.690058479532164,7.24787740733071,82.38636363636364,0.6666666666666666,High
Pasong Putik Proper,6,2,2,4502.77777777777,Active,High,40919,96.68813689675062,2.5641668337677963,3.690217258486278,79.58477508650519,1.0,High
Pasong Putik Proper,6,3,3,2619.44444444444,Active,Middle,40919,96.68813689675062,2.5641668337677963,3.690217258486278,79.58477508650519,1.0,Middle
Fairview,7,3,3,1728.57142857142,Active,Low,63913,110.71145984438877,3.3973436008606606,5.851704661023579,82.78145695364239,1.0,Middle
Fairview,6,2,1,5588.33333333333,Active,High,63913,110.71145984438877,3.3973436008606606,5.851704661023579,82.78145695364239,0.5,High
Gulod,6,2,2,4697.22222222222,Active,High,63651,36.28013531452062,1.773208403952544,4.917440417275455,85.99779492833517,1.0,Middle
Gulod,9,3,2,3787.03703703703,Active,High,63651,36.28013531452062,1.773208403952544,4.917440417275455,85.99779492833517,0.6666666666666666,Middle
Fairview,6,4,4,3308.33333333333,Active,High,63913,110.71145984438877,3.3973436008606606,5.851704661023579,82.78145695364239,1.0,Middle
Gulod,3,1,1,5850.0,Graduated,High,63651,36.28013531452062,1.773208403952544,4.917440417275455,85.99779492833517,1.0,High
Santa Lucia,5,3,3,5855.0,Active,High,28974,54.742576372569964,2.690058479532164,7.24787740733071,82.38636363636364,1.0,High
Fairview,5,2,2,4370.0,Active,High,63913,110.71145984438877,3.3973436008606606,5.851704661023579,82.78145695364239,1.0,High
Santa Lucia,6,6,5,3591.66666666666,Active,High,28974,54.742576372569964,2.690058479532164,7.24787740733071,82.38636363636364,0.8333333333333334,High
Gulod,4,1,1,4225.0,Active,High,63651,36.28013531452062,1.773208403952544,4.917440417275455,85.99779492833517,1.0,High
Fairview,7,3,2,4061.90476190476,Active,High,63913,110.71145984438877,3.3973436008606606,5.851704661023579,82.78145695364239,0.6666666666666666,Middle
Gulod,5,3,3,4423.33333333333,Graduated,High,63651,36.28013531452062,1.773208403952544,4.917440417275455,85.99779492833517,1.0,High
Fairview,5,3,3,5610.0,Active,High,63913,110.71145984438877,3.3973436008606606,5.851704661023579,82.78145695364239,1.0,High
Gulod,7,2,2,3041.42857142857,Active,Middle,63651,36.28013531452062,1.773208403952544,4.917440417275455,85.99779492833517,1.0,Middle
Santa Lucia,5,1,1,5043.33333333333,Active,High,28974,54.742576372569964,2.690058479532164,7.24787740733071,82.38636363636364,1.0,High
Fairview,5,2,2,5074.0,Graduated,High,63913,110.71145984438877,3.3973436008606606,5.851704661023579,82.78145695364239,1.0,High
Gulod,6,1,1,3819.44444444444,Active,High,63651,36.28013531452062,1.773208403952544,4.917440417275455,85.99779492833517,1.0,High
Fairview,6,4,3,5641.66666666666,Graduated,High,63913,110.71145984438877,3.3973436008606606,5.851704661023579,82.78145695364239,0.75,High
Santa Lucia,6,4,3,3508.33333333333,Active,High,28974,54.742576372569964,2.690058479532164,7.24787740733071,82.38636363636364,0.75,High
Fairview,6,1,1,4598.33333333333,Graduated,High,63913,110.71145984438877,3.3973436008606606,5.851704661023579,82.78145695364239,1.0,High
Fairview,5,3,3,4730.0,Graduated,High,63913,110.71145984438877,3.3973436008606606,5.851704661023579,82.78145695364239,1.0,High
Santa Lucia,7,2,2,3316.66666666666,Active,High,28974,54.742576372569964,2.690058479532164,7.24787740733071,82.38636363636364,1.0,High
Santa Lucia,6,2,2,5252.77777777777,Active,High,28974,54.742576372569964,2.690058479532164,7.24787740733071,82.38636363636364,1.0,High
Santa Lucia,7,2,2,4735.71428571428,Active,High,28974,54.742576372569964,2.690058479532164,7.24787740733071,82.38636363636364,1.0,High
Santa Lucia,8,4,4,4633.33333333333,Graduated,High,28974,54.742576372569964,2.690058479532164,7.24787740733071,82.38636363636364,1.0,High
Santa Lucia,5,3,2,5025.0,Active,High,28974,54.742576372569964,2.690058479532164,7.24787740733071,82.38636363636364,0.6666666666666666,High
Santa Lucia,4,4,3,6984.58333333333,Active,High,28974,54.742576372569964,2.690058479532164,7.24787740733071,82.38636363636364,0.75,High
Santa Monica,2,1,1,1497.91666666666,Active,Low,52203,90.8422899758719,0.7118879499942123,4.061069287205716,81.56424581005587,1.0,Middle
Santa Monica,5,1,1,3376.66666666666,Active,High,52203,90.8422899758719,0.7118879499942123,4.061069287205716,81.56424581005587,1.0,Low
Santa Monica,4,2,2,4570.83333333333,Active,High,52203,90.8422899758719,0.7118879499942123,4.061069287205716,81.56424581005587,1.0,Low
Santa Monica,4,2,2,1320.83333333333,Active,Low,52203,90.8422899758719,0.7118879499942123,4.061069287205716,81.56424581005587,1.0,Low
Santa Monica,2,1,1,2775.0,Active,Middle,52203,90.8422899758719,0.7118879499942123,4.061069287205716,81.56424581005587,1.0,Middle
Santa Monica,5,1,0,4400.0,Delisted,High,52203,90.8422899758719,0.7118879499942123,4.061069287205716,81.56424581005587,0.0,Low
Santa Monica,9,3,3,2616.66666666666,Active,Middle,52203,90.8422899758719,0.7118879499942123,4.061069287205716,81.56424581005587,1.0,Middle
Santa Monica,4,2,2,2354.16666666666,Active,Middle,52203,90.8422899758719,0.7118879499942123,4.061069287205716,81.56424581005587,1.0,Low
Santa Monica,4,2,2,3654.16666666666,Active,High,52203,90.8422899758719,0.7118879499942123,4.061069287205716,81.56424581005587,1.0,Low
Santa Monica,4,2,2,6170.83333333333,Delisted,High,52203,90.8422899758719,0.7118879499942123,4.061069287205716,81.56424581005587,1.0,Low
Santa Monica,6,3,3,2416.66666666666,Active,Middle,52203,90.8422899758719,0.7118879499942123,4.061069287205716,81.56424581005587,1.0,Low
Santa Monica,5,1,0,2690.0,Active,Middle,52203,90.8422899758719,0.7118879499942123,4.061069287205716,81.56424581005587,0.0,Low
Bagbag,7,4,3,4714.28571428571,Active,High,66268,70.79821644887755,2.497950597806753,4.783605963662703,85.5813953488372,0.75,Middle
Santa Monica,2,1,1,3705.0,Active,High,52203,90.8422899758719,0.7118879499942123,4.061069287205716,81.56424581005587,1.0,Middle
Gulod,4,2,2,7429.16666666666,Active,High,63651,36.28013531452062,1.773208403952544,4.917440417275455,85.99779492833517,1.0,High
Santa Lucia,5,3,0,5329.33333333333,Delisted,High,28974,54.742576372569964,2.690058479532164,7.24787740733071,82.38636363636364,0.0,High
Gulod,8,3,2,3702.08333333333,Active,High,63651,36.28013531452062,1.773208403952544,4.917440417275455,85.99779492833517,0.6666666666666666,Low
Santa Monica,3,2,2,3594.44444444444,Active,High,52203,90.8422899758719,0.7118879499942123,4.061069287205716,81.56424581005587,1.0,Low
Santa Monica,7,1,1,3571.42857142857,Delisted,High,52203,90.8422899758719,0.7118879499942123,4.061069287205716,81.56424581005587,1.0,Low
Santa Monica,1,1,1,3116.66666666666,Active,Middle,52203,90.8422899758719,0.7118879499942123,4.061069287205716,81.56424581005587,1.0,Middle
Santa Lucia,5,3,3,7036.66666666666,Graduated,High,28974,54.742576372569964,2.690058479532164,7.24787740733071,82.38636363636364,1.0,High
Santa Lucia,7,3,2,3902.38095238095,Graduated,High,28974,54.742576372569964,2.690058479532164,7.24787740733071,82.38636363636364,0.6666666666666666,High
Santa Lucia,3,1,1,6510.0,Active,High,28974,54.742576372569964,2.690058479532164,7.24787740733071,82.38636363636364,1.0,High
Capri,11,5,3,1918.18181818181,Active,Low,12940,10.466108929486087,0.2867550182128187,,84.23236514522821,0.6,Low
Capri,7,5,3,4800.0,Graduated,High,12940,10.466108929486087,0.2867550182128187,,84.23236514522821,0.6,High
Santa Lucia,5,3,0,3950.0,Active,High,28974,54.742576372569964,2.690058479532164,7.24787740733071,82.38636363636364,0.0,High
Santa Lucia,5,2,2,9330.0,Graduated,High,28974,54.742576372569964,2.690058479532164,7.24787740733071,82.38636363636364,1.0,High
San Bartolome,5,2,2,2136.66666666666,Active,Low,51472,38.59658570736173,0.6334558536013138,1.3988187752564503,83.91608391608392,1.0,Middle
Santa Monica,2,3,3,650.0,Active,Low,52203,90.8422899758719,0.7118879499942123,4.061069287205716,81.56424581005587,1.0,Low
Santa Lucia,6,3,3,6536.11111111111,Active,High,28974,54.742576372569964,2.690058479532164,7.24787740733071,82.38636363636364,1.0,High
Santa Monica,3,1,1,3788.88888888888,Delisted,High,52203,90.8422899758719,0.7118879499942123,4.061069287205716,81.56424581005587,1.0,Low
Santa Monica,4,1,1,2112.5,Active,Low,52203,90.8422899758719,0.7118879499942123,4.061069287205716,81.56424581005587,1.0,Low
Santa Monica,4,1,1,1429.16666666666,Active,Low,52203,90.8422899758719,0.7118879499942123,4.061069287205716,81.56424581005587,1.0,Low
Capri,5,3,2,3556.66666666666,Graduated,High,12940,10.466108929486087,0.2867550182128187,,84.23236514522821,0.6666666666666666,High
Capri,5,2,1,3980.0,Graduated,High,12940,10.466108929486087,0.2867550182128187,,84.23236514522821,0.5,High
Capri,6,4,4,1725.0,Active,Low,12940,10.466108929486087,0.2867550182128187,,84.23236514522821,1.0,Low
Gulod,4,2,2,3870.0,Active,High,63651,36.28013531452062,1.773208403952544,4.917440417275455,85.99779492833517,1.0,High
Gulod,4,2,1,3050.0,Active,Middle,63651,36.28013531452062,1.773208403952544,4.917440417275455,85.99779492833517,0.5,High
Gulod,6,1,1,1933.33333333333,Active,Low,63651,36.28013531452062,1.773208403952544,4.917440417275455,85.99779492833517,1.0,High
Gulod,4,2,2,3600.0,Active,High,63651,36.28013531452062,1.773208403952544,4.917440417275455,85.99779492833517,1.0,High
Gulod,5,3,3,2400.0,Active,Middle,63651,36.28013531452062,1.773208403952544,4.917440417275455,85.99779492833517,1.0,Middle
Gulod,5,4,2,2800.0,Active,Middle,63651,36.28013531452062,1.773208403952544,4.917440417275455,85.99779492833517,0.5,Low
Gulod,5,2,2,2580.0,Graduated,Middle,63651,36.28013531452062,1.773208403952544,4.917440417275455,85.99779492833517,1.0,High
Gulod,4,2,2,3600.0,Active,High,63651,36.28013531452062,1.773208403952544,4.917440417275455,85.99779492833517,1.0,High
Nagkaisang Nayon,5,2,2,2000.0,Delisted,Low,54477,41.13943727654283,1.2941373347464717,1.156451346439782,74.24242424242425,1.0,Low
Nagkaisang Nayon,4,2,2,7000.0,Delisted,High,54477,41.13943727654283,1.2941373347464717,1.156451346439782,74.24242424242425,1.0,Low
Nagkaisang Nayon,3,1,1,2000.0,Delisted,Low,54477,41.13943727654283,1.2941373347464717,1.156451346439782,74.24242424242425,1.0,Low
Gulod,5,2,2,3360.0,Active,High,63651,36.28013531452062,1.773208403952544,4.917440417275455,85.99779492833517,1.0,High
Gulod,5,2,1,5063.33333333333,Graduated,High,63651,36.28013531452062,1.773208403952544,4.917440417275455,85.99779492833517,0.5,High
Gulod,4,2,2,4112.5,Active,High,63651,36.28013531452062,1.773208403952544,4.917440417275455,85.99779492833517,1.0,High
Gulod,6,4,3,4236.11111111111,Graduated,High,63651,36.28013531452062,1.773208403952544,4.917440417275455,85.99779492833517,0.75,High
Gulod,3,2,1,5227.77777777777,Graduated,High,63651,36.28013531452062,1.773208403952544,4.917440417275455,85.99779492833517,0.5,High
Gulod,4,1,1,8833.33333333333,Graduated,High,63651,36.28013531452062,1.773208403952544,4.917440417275455,85.99779492833517,1.0,High
Gulod,4,2,2,3129.16666666666,Active,Middle,63651,36.28013531452062,1.773208403952544,4.917440417275455,85.99779492833517,1.0,High
Santa Monica,5,1,1,4043.33333333333,Active,High,52203,90.8422899758719,0.7118879499942123,4.061069287205716,81.56424581005587,1.0,Low
Kaligayahan,7,1,1,3645.23809523809,Graduated,High,62132,109.99053670406921,2.762065429525983,3.2189531964205242,72.42524916943522,1.0,High
Nagkaisang Nayon,5,2,2,3136.66666666666,Active,Middle,54477,41.13943727654283,1.2941373347464717,1.156451346439782,74.24242424242425,1.0,Middle
Kaligayahan,3,1,1,5038.88888888888,Graduated,High,62132,109.99053670406921,2.762065429525983,3.2189531964205242,72.42524916943522,1.0,High
Nagkaisang Nayon,5,2,2,3990.0,Active,High,54477,41.13943727654283,1.2941373347464717,1.156451346439782,74.24242424242425,1.0,Middle
Kaligayahan,3,2,2,8794.44444444444,Graduated,High,62132,109.99053670406921,2.762065429525983,3.2189531964205242,72.42524916943522,1.0,High
Kaligayahan,5,1,1,7163.33333333333,Graduated,High,62132,109.99053670406921,2.762065429525983,3.2189531964205242,72.42524916943522,1.0,High
San Agustin,3,1,1,5183.33333333333,Active,High,26034,24.863309352517984,2.6779727864326563,8.873012214796036,86.71875,1.0,High
Kaligayahan,5,2,1,5263.33333333333,Graduated,High,62132,109.99053670406921,2.762065429525983,3.2189531964205242,72.42524916943522,0.5,High
Kaligayahan,7,3,3,4790.47619047619,Graduated,High,62132,109.99053670406921,2.762065429525983,3.2189531964205242,72.42524916943522,1.0,High
Kaligayahan,3,1,1,4872.22222222222,Graduated,High,62132,109.99053670406921,2.762065429525983,3.2189531964205242,72.42524916943522,1.0,High
Kaligayahan,3,1,1,6705.55555555555,Graduated,High,62132,109.99053670406921,2.762065429525983,3.2189531964205242,72.42524916943522,1.0,High
Kaligayahan,5,2,2,3476.66666666666,Graduated,High,62132,109.99053670406921,2.762065429525983,3.2189531964205242,72.42524916943522,1.0,High
Kaligayahan,5,1,1,6506.66666666666,Graduated,High,62132,109.99053670406921,2.762065429525983,3.2189531964205242,72.42524916943522,1.0,High
Kaligayahan,4,2,1,3133.33333333333,Active,Middle,62132,109.99053670406921,2.762065429525983,3.2189531964205242,72.42524916943522,0.5,High
Kaligayahan,5,3,3,5586.66666666666,Graduated,High,62132,109.99053670406921,2.762065429525983,3.2189531964205242,72.42524916943522,1.0,High
Kaligayahan,2,2,0,11308.3333333333,Graduated,High,62132,109.99053670406921,2.762065429525983,3.2189531964205242,72.42524916943522,0.0,High
Kaligayahan,6,2,2,5941.66666666666,Graduated,High,62132,109.99053670406921,2.762065429525983,3.2189531964205242,72.42524916943522,1.0,High
Kaligayahan,6,3,2,3683.33333333333,Graduated,High,62132,109.99053670406921,2.762065429525983,3.2189531964205242,72.42524916943522,0.6666666666666666,High
Kaligayahan,6,2,2,6547.22222222222,Graduated,High,62132,109.99053670406921,2.762065429525983,3.2189531964205242,72.42524916943522,1.0,High
Kaligayahan,6,1,1,7019.44444444444,Graduated,High,62132,109.99053670406921,2.762065429525983,3.2189531964205242,72.42524916943522,1.0,High
Kaligayahan,8,2,2,6139.58333333333,Graduated,High,62132,109.99053670406921,2.762065429525983,3.2189531964205242,72.42524916943522,1.0,High
Kaligayahan,5,3,3,6278.66666666666,Graduated,High,62132,109.99053670406921,2.762065429525983,3.2189531964205242,72.42524916943522,1.0,High
Kaligayahan,5,1,1,5090.0,Graduated,High,62132,109.99053670406921,2.762065429525983,3.2189531964205242,72.42524916943522,1.0,High
Kaligayahan,5,2,2,4333.33333333333,Graduated,High,62132,109.99053670406921,2.762065429525983,3.2189531964205242,72.42524916943522,1.0,High
Kaligayahan,7,1,1,5659.5238095238,Graduated,High,62132,109.99053670406921,2.762065429525983,3.2189531964205242,72.42524916943522,1.0,High
Kaligayahan,4,2,2,3335.41666666666,Graduated,High,62132,109.99053670406921,2.762065429525983,3.2189531964205242,72.42524916943522,1.0,High
Kaligayahan,4,1,1,8120.83333333333,Graduated,High,62132,109.99053670406921,2.762065429525983,3.2189531964205242,72.42524916943522,1.0,High
North Fairview,6,4,3,5436.11111111111,Graduated,High,47019,187.98309548600477,5.879571248423708,4.211063612582148,76.92307692307693,0.75,High
North Fairview,6,3,3,5536.11111111111,Graduated,High,47019,187.98309548600477,5.879571248423708,4.211063612582148,76.92307692307693,1.0,High
North Fairview,5,3,1,7263.33333333333,Graduated,High,47019,187.98309548600477,5.879571248423708,4.211063612582148,76.92307692307693,0.3333333333333333,High
Capri,6,3,1,19866.6666666666,Active,High,12940,10.466108929486087,0.2867550182128187,,84.23236514522821,0.3333333333333333,Low
Gulod,4,2,1,5988.33333333333,Graduated,High,63651,36.28013531452062,1.773208403952544,4.917440417275455,85.99779492833517,0.5,High
Gulod,3,1,1,7605.55555555555,Graduated,High,63651,36.28013531452062,1.773208403952544,4.917440417275455,85.99779492833517,1.0,High
Gulod,5,1,1,7096.66666666666,Graduated,High,63651,36.28013531452062,1.773208403952544,4.917440417275455,85.99779492833517,1.0,High
Gulod,6,4,4,2141.66666666666,Active,Low,63651,36.28013531452062,1.773208403952544,4.917440417275455,85.99779492833517,1.0,Middle
Gulod,4,2,2,4363.33333333333,Active,High,63651,36.28013531452062,1.773208403952544,4.917440417275455,85.99779492833517,1.0,High
Kaligayahan,4,2,2,4541.66666666666,Graduated,High,62132,109.99053670406921,2.762065429525983,3.2189531964205242,72.42524916943522,1.0,High
Nagkaisang Nayon,3,1,1,3983.33333333333,Active,High,54477,41.13943727654283,1.2941373347464717,1.156451346439782,74.24242424242425,1.0,Middle
Nagkaisang Nayon,7,3,2,2409.5238095238,Active,Middle,54477,41.13943727654283,1.2941373347464717,1.156451346439782,74.24242424242425,0.6666666666666666,Middle
Nagkaisang Nayon,5,3,3,3050.0,Active,Middle,54477,41.13943727654283,1.2941373347464717,1.156451346439782,74.24242424242425,1.0,Middle
Nagkaisang Nayon,6,4,1,4599.44444444444,Active,High,54477,41.13943727654283,1.2941373347464717,1.156451346439782,74.24242424242425,0.25,Low
Nagkaisang Nayon,7,3,3,2792.85714285714,Active,Middle,54477,41.13943727654283,1.2941373347464717,1.156451346439782,74.24242424242425,1.0,Low
North Fairview,7,2,1,2759.5238095238,Active,Middle,47019,187.98309548600477,5.879571248423708,4.211063612582148,76.92307692307693,0.5,Middle
Nagkaisang Nayon,5,2,2,9435.33333333333,Graduated,High,54477,41.13943727654283,1.2941373347464717,1.156451346439782,74.24242424242425,1.0,High
Nagkaisang Nayon,6,2,2,3932.77777777777,Active,High,54477,41.13943727654283,1.2941373347464717,1.156451346439782,74.24242424242425,1.0,Low
Nagkaisang Nayon,5,4,2,3013.33333333333,Active,Middle,54477,41.13943727654283,1.2941373347464717,1.156451346439782,74.24242424242425,0.5,Low
Nagkaisang Nayon,4,2,2,2170.83333333333,Delisted,Low,54477,41.13943727654283,1.2941373347464717,1.156451346439782,74.24242424242425,1.0,Low
North Fairview,5,2,2,1096.66666666666,Active,Low,47019,187.98309548600477,5.879571248423708,4.211063612582148,76.92307692307693,1.0,Middle
Gulod,3,2,2,5783.33333333333,Graduated,High,63651,36.28013531452062,1.773208403952544,4.917440417275455,85.99779492833517,1.0,High
Gulod,4,3,3,2920.83333333333,Active,Middle,63651,36.28013531452062,1.773208403952544,4.917440417275455,85.99779492833517,1.0,High
Gulod,4,2,1,4612.5,Delisted,High,63651,36.28013531452062,1.773208403952544,4.917440417275455,85.99779492833517,0.5,High
North Fairview,7,2,2,6278.57142857142,Graduated,High,47019,187.98309548600477,5.879571248423708,4.211063612582148,76.92307692307693,1.0,High
North Fairview,3,1,1,5111.11111111111,Graduated,High,47019,187.98309548600477,5.879571248423708,4.211063612582148,76.92307692307693,1.0,High
North Fairview,5,4,4,6440.0,Active,High,47019,187.98309548600477,5.879571248423708,4.211063612582148,76.92307692307693,1.0,Middle
North Fairview,4,3,2,2766.66666666666,Active,Middle,47019,187.98309548600477,5.879571248423708,4.211063612582148,76.92307692307693,0.6666666666666666,Middle
North Fairview,9,1,1,5389.25925925925,Graduated,High,47019,187.98309548600477,5.879571248423708,4.211063612582148,76.92307692307693,1.0,High
North Fairview,5,2,2,6086.66666666666,Graduated,High,47019,187.98309548600477,5.879571248423708,4.211063612582148,76.92307692307693,1.0,High
North Fairview,5,2,2,2540.0,Active,Middle,47019,187.98309548600477,5.879571248423708,4.211063612582148,76.92307692307693,1.0,Middle
North Fairview,3,2,2,4588.88888888888,Active,High,47019,187.98309548600477,5.879571248423708,4.211063612582148,76.92307692307693,1.0,Low
Pasong Putik Proper,6,4,2,2127.77777777777,Active,Low,40919,96.68813689675062,2.5641668337677963,3.690217258486278,79.58477508650519,0.5,Low
Pasong Putik Proper,5,2,2,2501.66666666666,Active,Middle,40919,96.68813689675062,2.5641668337677963,3.690217258486278,79.58477508650519,1.0,High
North Fairview,5,3,3,3156.66666666666,Graduated,High,47019,187.98309548600477,5.879571248423708,4.211063612582148,76.92307692307693,1.0,High
Pasong Putik Proper,7,3,2,2409.5238095238,Active,Middle,40919,96.68813689675062,2.5641668337677963,3.690217258486278,79.58477508650519,0.6666666666666666,Low
North Fairview,7,2,2,3076.66666666666,Active,Middle,47019,187.98309548600477,5.879571248423708,4.211063612582148,76.92307692307693,1.0,Middle
Fairview,7,2,0,2056.28571428571,Delisted,Low,63913,110.71145984438877,3.3973436008606606,5.851704661023579,82.78145695364239,0.0,Low
North Fairview,5,2,2,3423.33333333333,Graduated,High,47019,187.98309548600477,5.879571248423708,4.211063612582148,76.92307692307693,1.0,High
Fairview,5,1,1,4990.0,Active,High,63913,110.71145984438877,3.3973436008606606,5.851704661023579,82.78145695364239,1.0,High
North Fairview,4,1,1,4637.5,Graduated,High,47019,187.98309548600477,5.879571248423708,4.211063612582148,76.92307692307693,1.0,High
Fairview,6,3,3,2697.22222222222,Active,Middle,63913,110.71145984438877,3.3973436008606606,5.851704661023579,82.78145695364239,1.0,Middle
Bagbag,4,3,3,2483.33333333333,Active,Middle,66268,70.79821644887755,2.497950597806753,4.783605963662703,85.5813953488372,1.0,High
Fairview,6,1,1,2805.0,Graduated,Middle,63913,110.71145984438877,3.3973436008606606,5.851704661023579,82.78145695364239,1.0,High
Bagbag,5,2,1,2536.66666666666,Active,Middle,66268,70.79821644887755,2.497950597806753,4.783605963662703,85.5813953488372,0.5,Middle
Fairview,10,3,3,1890.0,Active,Low,63913,110.71145984438877,3.3973436008606606,5.851704661023579,82.78145695364239,1.0,Low
Bagbag,3,2,2,4350.0,Graduated,High,66268,70.79821644887755,2.497950597806753,4.783605963662703,85.5813953488372,1.0,High
Bagbag,6,2,2,3363.88888888888,Active,High,66268,70.79821644887755,2.497950597806753,4.783605963662703,85.5813953488372,1.0,Low
Bagbag,5,3,3,2425.0,Active,Middle,66268,70.79821644887755,2.497950597806753,4.783605963662703,85.5813953488372,1.0,Middle
Bagbag,5,2,1,7970.0,Graduated,High,66268,70.79821644887755,2.497950597806753,4.783605963662703,85.5813953488372,0.5,High
Gulod,3,2,0,13516.6666666666,Active,High,63651,36.28013531452062,1.773208403952544,4.917440417275455,85.99779492833517,0.0,Middle
Gulod,3,2,2,6362.22222222222,Graduated,High,63651,36.28013531452062,1.773208403952544,4.917440417275455,85.99779492833517,1.0,High
Gulod,2,1,1,3108.33333333333,Active,Middle,63651,36.28013531452062,1.773208403952544,4.917440417275455,85.99779492833517,1.0,High
Gulod,4,1,1,5670.83333333333,Graduated,High,63651,36.28013531452062,1.773208403952544,4.917440417275455,85.99779492833517,1.0,High
Bagbag,13,4,4,4478.20512820512,Graduated,High,66268,70.79821644887755,2.497950597806753,4.783605963662703,85.5813953488372,1.0,High
Bagbag,6,2,1,2558.33333333333,Active,Middle,66268,70.79821644887755,2.497950597806753,4.783605963662703,85.5813953488372,0.5,Low
Bagbag,5,1,1,15566.6666666666,Graduated,High,66268,70.79821644887755,2.497950597806753,4.783605963662703,85.5813953488372,1.0,High
Bagbag,7,3,3,2935.71428571428,Active,Middle,66268,70.79821644887755,2.497950597806753,4.783605963662703,85.5813953488372,1.0,Middle
Bagbag,6,2,2,2891.66666666666,Active,Middle,66268,70.79821644887755,2.497950597806753,4.783605963662703,85.5813953488372,1.0,Low
Bagbag,7,3,3,2550.0,Active,Middle,66268,70.79821644887755,2.497950597806753,4.783605963662703,85.5813953488372,1.0,Middle
Bagbag,5,3,3,4810.0,Active,High,66268,70.79821644887755,2.497950597806753,4.783605963662703,85.5813953488372,1.0,Middle
Gulod,6,3,0,2583.33333333333,Active,Middle,63651,36.28013531452062,1.773208403952544,4.917440417275455,85.99779492833517,0.0,Low
Gulod,5,3,1,5136.66666666666,Active,High,63651,36.28013531452062,1.773208403952544,4.917440417275455,85.99779492833517,0.3333333333333333,Middle
Gulod,5,1,1,5110.0,Active,High,63651,36.28013531452062,1.773208403952544,4.917440417275455,85.99779492833517,1.0,High
Nagkaisang Nayon,4,2,2,4024.16666666666,Graduated,High,54477,41.13943727654283,1.2941373347464717,1.156451346439782,74.24242424242425,1.0,High
Nagkaisang Nayon,5,2,2,2033.33333333333,Active,Low,54477,41.13943727654283,1.2941373347464717,1.156451346439782,74.24242424242425,1.0,Middle
Nagkaisang Nayon,4,2,2,4503.33333333333,Graduated,High,54477,41.13943727654283,1.2941373347464717,1.156451346439782,74.24242424242425,1.0,High
Nagkaisang Nayon,5,2,2,2650.0,Graduated,Middle,54477,41.13943727654283,1.2941373347464717,1.156451346439782,74.24242424242425,1.0,High
Gulod,4,1,1,7179.16666666666,Delisted,High,63651,36.28013531452062,1.773208403952544,4.917440417275455,85.99779492833517,1.0,High
Nagkaisang Nayon,6,2,2,2030.55555555555,Active,Low,54477,41.13943727654283,1.2941373347464717,1.156451346439782,74.24242424242425,1.0,Low
Gulod,4,2,2,4945.83333333333,Active,High,63651,36.28013531452062,1.773208403952544,4.917440417275455,85.99779492833517,1.0,High
Nagkaisang Nayon,4,1,1,4500.0,Delisted,High,54477,41.13943727654283,1.2941373347464717,1.156451346439782,74.24242424242425,1.0,Middle
Nagkaisang Nayon,4,2,2,2125.0,Active,Low,54477,41.13943727654283,1.2941373347464717,1.156451346439782,74.24242424242425,1.0,Middle
Santa Lucia,9,2,1,2906.48148148148,Active,Middle,28974,54.742576372569964,2.690058479532164,7.24787740733071,82.38636363636364,0.5,Middle
Novaliches Proper,8,3,3,3541.66666666666,Graduated,High,16096,33.267097201523434,4.059994828032066,30.318091451292243,80.2919708029197,1.0,High
Novaliches Proper,6,2,2,2258.33333333333,Active,Middle,16096,33.267097201523434,4.059994828032066,30.318091451292243,80.2919708029197,1.0,Low
Novaliches Proper,8,3,3,3624.58333333333,Active,High,16096,33.267097201523434,4.059994828032066,30.318091451292243,80.2919708029197,1.0,Low
Capri,5,2,1,2420.0,Delisted,Middle,12940,10.466108929486087,0.2867550182128187,,84.23236514522821,0.5,Middle
Novaliches Proper,6,4,3,911.111111111111,Active,Low,16096,33.267097201523434,4.059994828032066,30.318091451292243,80.2919708029197,0.75,Low
Novaliches Proper,7,3,1,5714.28571428571,Graduated,High,16096,33.267097201523434,4.059994828032066,30.318091451292243,80.2919708029197,0.3333333333333333,High
Novaliches Proper,4,3,3,2705.0,Active,Middle,16096,33.267097201523434,4.059994828032066,30.318091451292243,80.2919708029197,1.0,Low
Novaliches Proper,5,2,2,2210.0,Active,Middle,16096,33.267097201523434,4.059994828032066,30.318091451292243,80.2919708029197,1.0,Middle
Gulod,7,2,2,6307.14285714285,Active,High,63651,36.28013531452062,1.773208403952544,4.917440417275455,85.99779492833517,1.0,Middle
Capri,3,3,3,2466.66666666666,Graduated,Middle,12940,10.466108929486087,0.2867550182128187,,84.23236514522821,1.0,Middle
Capri,8,6,5,2768.75,Active,Middle,12940,10.466108929486087,0.2867550182128187,,84.23236514522821,0.8333333333333334,Middle
Capri,4,1,1,3212.5,Graduated,High,12940,10.466108929486087,0.2867550182128187,,84.23236514522821,1.0,High
Kaligayahan,4,1,1,7595.83333333333,Graduated,High,62132,109.99053670406921,2.762065429525983,3.2189531964205242,72.42524916943522,1.0,High
Bagbag,5,5,2,3936.66666666666,Active,High,66268,70.79821644887755,2.497950597806753,4.783605963662703,85.5813953488372,0.4,High
Kaligayahan,4,2,1,7612.5,Active,High,62132,109.99053670406921,2.762065429525983,3.2189531964205242,72.42524916943522,0.5,High
Kaligayahan,4,2,1,4308.33333333333,Active,High,62132,109.99053670406921,2.762065429525983,3.2189531964205242,72.42524916943522,0.5,High
Kaligayahan,5,2,2,3773.33333333333,Active,High,62132,109.99053670406921,2.762065429525983,3.2189531964205242,72.42524916943522,1.0,High
Kaligayahan,5,1,1,4226.66666666666,Graduated,High,62132,109.99053670406921,2.762065429525983,3.2189531964205242,72.42524916943522,1.0,High
Kaligayahan,5,1,1,4433.33333333333,Active,High,62132,109.99053670406921,2.762065429525983,3.2189531964205242,72.42524916943522,1.0,High
Capri,7,2,2,4228.57142857142,Graduated,High,12940,10.466108929486087,0.2867550182128187,,84.23236514522821,1.0,High
Kaligayahan,5,2,2,3686.66666666666,Graduated,High,62132,109.99053670406921,2.762065429525983,3.2189531964205242,72.42524916943522,1.0,High
Kaligayahan,4,3,3,3166.66666666666,Graduated,High,62132,109.99053670406921,2.762065429525983,3.2189531964205242,72.42524916943522,1.0,High
Pasong Putik Proper,7,3,2,1997.61904761904,Graduated,Low,40919,96.68813689675062,2.5641668337677963,3.690217258486278,79.58477508650519,0.6666666666666666,Low
Pasong Putik Proper,5,3,2,6330.0,Graduated,High,40919,96.68813689675062,2.5641668337677963,3.690217258486278,79.58477508650519,0.6666666666666666,High
Pasong Putik Proper,6,2,1,3404.16666666666,Graduated,High,40919,96.68813689675062,2.5641668337677963,3.690217258486278,79.58477508650519,0.5,High
Capri,5,3,3,3820.0,Active,High,12940,10.466108929486087,0.2867550182128187,,84.23236514522821,1.0,High
Capri,5,2,2,2583.33333333333,Graduated,Middle,12940,10.466108929486087,0.2867550182128187,,84.23236514522821,1.0,High
Kaligayahan,5,3,3,3776.66666666666,Graduated,High,62132,109.99053670406921,2.762065429525983,3.2189531964205242,72.42524916943522,1.0,High
Kaligayahan,7,4,3,6028.57142857142,Graduated,High,62132,109.99053670406921,2.762065429525983,3.2189531964205242,72.42524916943522,0.75,High
Capri,5,3,3,5880.0,Graduated,High,12940,10.466108929486087,0.2867550182128187,,84.23236514522821,1.0,High
Kaligayahan,5,1,1,3720.0,Active,High,62132,109.99053670406921,2.762065429525983,3.2189531964205242,72.42524916943522,1.0,High
Pasong Putik Proper,4,3,2,1462.5,Active,Low,40919,96.68813689675062,2.5641668337677963,3.690217258486278,79.58477508650519,0.6666666666666666,High
Pasong Putik Proper,8,2,2,2100.0,Active,Low,40919,96.68813689675062,2.5641668337677963,3.690217258486278,79.58477508650519,1.0,Middle
Bagbag,6,3,2,2833.33333333333,Delisted,Middle,66268,70.79821644887755,2.497950597806753,4.783605963662703,85.5813953488372,0.6666666666666666,Middle
Capri,6,2,2,3902.77777777777,Graduated,High,12940,10.466108929486087,0.2867550182128187,,84.23236514522821,1.0,High
Bagbag,4,1,1,5712.5,Active,High,66268,70.79821644887755,2.497950597806753,4.783605963662703,85.5813953488372,1.0,High
Pasong Putik Proper,3,3,2,12292.2222222222,Graduated,High,40919,96.68813689675062,2.5641668337677963,3.690217258486278,79.58477508650519,0.6666666666666666,High
Bagbag,2,1,1,5825.0,Active,High,66268,70.79821644887755,2.497950597806753,4.783605963662703,85.5813953488372,1.0,High
Pasong Putik Proper,6,3,1,3308.33333333333,Active,High,40919,96.68813689675062,2.5641668337677963,3.690217258486278,79.58477508650519,0.3333333333333333,Low
Bagbag,8,3,1,2789.58333333333,Active,Middle,66268,70.79821644887755,2.497950597806753,4.783605963662703,85.5813953488372,0.3333333333333333,Middle
Pasong Putik Proper,5,3,1,3401.66666666666,Graduated,High,40919,96.68813689675062,2.5641668337677963,3.690217258486278,79.58477508650519,0.3333333333333333,High
Bagbag,4,2,2,4920.83333333333,Active,High,66268,70.79821644887755,2.497950597806753,4.783605963662703,85.5813953488372,1.0,High
Pasong Putik Proper,5,3,3,1580.0,Active,Low,40919,96.68813689675062,2.5641668337677963,3.690217258486278,79.58477508650519,1.0,High
Bagbag,5,3,3,2870.0,Active,Middle,66268,70.79821644887755,2.497950597806753,4.783605963662703,85.5813953488372,1.0,Middle
Capri,7,1,0,9042.85714285714,Graduated,High,12940,10.466108929486087,0.2867550182128187,,84.23236514522821,0.0,High
Bagbag,7,1,1,3864.28571428571,Active,High,66268,70.79821644887755,2.497950597806753,4.783605963662703,85.5813953488372,1.0,High
Bagbag,4,2,1,5762.5,Delisted,High,66268,70.79821644887755,2.497950597806753,4.783605963662703,85.5813953488372,0.5,High
Bagbag,7,3,3,4997.61904761904,Active,High,66268,70.79821644887755,2.497950597806753,4.783605963662703,85.5813953488372,1.0,Middle
Capri,7,4,2,2361.90476190476,Active,Middle,12940,10.466108929486087,0.2867550182128187,,84.23236514522821,0.5,Middle
North Fairview,6,5,3,1200.0,Active,Low,47019,187.98309548600477,5.879571248423708,4.211063612582148,76.92307692307693,0.6,Low
Nagkaisang Nayon,6,2,2,1322.22222222222,Active,Low,54477,41.13943727654283,1.2941373347464717,1.156451346439782,74.24242424242425,1.0,Low
Gulod,6,4,4,1558.33333333333,Active,Low,63651,36.28013531452062,1.773208403952544,4.917440417275455,85.99779492833517,1.0,Middle
Santa Lucia,5,2,2,8633.33333333333,Graduated,High,28974,54.742576372569964,2.690058479532164,7.24787740733071,82.38636363636364,1.0,High
Gulod,5,2,2,9400.0,Graduated,High,63651,36.28013531452062,1.773208403952544,4.917440417275455,85.99779492833517,1.0,High
Santa Lucia,5,3,3,5380.09999999999,Graduated,High,28974,54.742576372569964,2.690058479532164,7.24787740733071,82.38636363636364,1.0,High
Gulod,7,3,3,4900.0,Active,High,63651,36.28013531452062,1.773208403952544,4.917440417275455,85.99779492833517,1.0,Middle
Nagkaisang Nayon,4,1,1,5545.0,Delisted,High,54477,41.13943727654283,1.2941373347464717,1.156451346439782,74.24242424242425,1.0,Middle
Gulod,6,3,3,2725.0,Active,Middle,63651,36.28013531452062,1.773208403952544,4.917440417275455,85.99779492833517,1.0,Middle
Gulod,7,1,1,7169.04761904761,Delisted,High,63651,36.28013531452062,1.773208403952544,4.917440417275455,85.99779492833517,1.0,High
Novaliches Proper,5,4,3,2520.0,Active,Middle,16096,33.267097201523434,4.059994828032066,30.318091451292243,80.2919708029197,0.75,Middle
Capri,6,1,1,6172.22222222222,Graduated,High,12940,10.466108929486087,0.2867550182128187,,84.23236514522821,1.0,High
Novaliches Proper,4,2,2,1650.0,Active,Low,16096,33.267097201523434,4.059994828032066,30.318091451292243,80.2919708029197,1.0,Low
Santa Lucia,5,3,3,3673.33333333333,Active,High,28974,54.742576372569964,2.690058479532164,7.24787740733071,82.38636363636364,1.0,High
Gulod,3,4,1,5250.0,Active,High,63651,36.28013531452062,1.773208403952544,4.917440417275455,85.99779492833517,0.25,Low
Gulod,5,3,3,3643.33333333333,Active,High,63651,36.28013531452062,1.773208403952544,4.917440417275455,85.99779492833517,1.0,Middle
Gulod,5,3,3,4170.0,Active,High,63651,36.28013531452062,1.773208403952544,4.917440417275455,85.99779492833517,1.0,Middle
Capri,9,3,2,3540.74074074074,Graduated,High,12940,10.466108929486087,0.2867550182128187,,84.23236514522821,0.6666666666666666,High
Gulod,3,1,0,9150.0,Delisted,High,63651,36.28013531452062,1.773208403952544,4.917440417275455,85.99779492833517,0.0,High
Capri,13,4,4,3187.6923076923,Graduated,High,12940,10.466108929486087,0.2867550182128187,,84.23236514522821,1.0,High
Capri,7,3,3,4454.7619047619,Graduated,High,12940,10.466108929486087,0.2867550182128187,,84.23236514522821,1.0,High
Santa Monica,5,3,3,1820.0,Active,Low,52203,90.8422899758719,0.7118879499942123,4.061069287205716,81.56424581005587,1.0,Low
Santa Monica,6,4,2,2233.33333333333,Active,Middle,52203,90.8422899758719,0.7118879499942123,4.061069287205716,81.56424581005587,0.5,Middle
Pasong Putik Proper,4,2,2,5383.33333333333,Graduated,High,40919,96.68813689675062,2.5641668337677963,3.690217258486278,79.58477508650519,1.0,High
Pasong Putik Proper,8,1,1,7150.0,Graduated,High,40919,96.68813689675062,2.5641668337677963,3.690217258486278,79.58477508650519,1.0,High
Santa Monica,5,3,3,4646.66666666666,Active,High,52203,90.8422899758719,0.7118879499942123,4.061069287205716,81.56424581005587,1.0,Low
Pasong Putik Proper,8,4,3,2766.66666666666,Graduated,Middle,40919,96.68813689675062,2.5641668337677963,3.690217258486278,79.58477508650519,0.75,Middle
Santa Monica,9,7,6,2287.4074074074,Active,Middle,52203,90.8422899758719,0.7118879499942123,4.061069287205716,81.56424581005587,0.8571428571428571,Middle
Santa Monica,4,2,2,3312.5,Active,High,52203,90.8422899758719,0.7118879499942123,4.061069287205716,81.56424581005587,1.0,Low
Pasong Putik Proper,4,3,3,2762.5,Active,Middle,40919,96.68813689675062,2.5641668337677963,3.690217258486278,79.58477508650519,1.0,High
Bagbag,6,2,1,3644.44444444444,Active,High,66268,70.79821644887755,2.497950597806753,4.783605963662703,85.5813953488372,0.5,Low
Pasong Putik Proper,7,5,3,3419.04761904761,Graduated,High,40919,96.68813689675062,2.5641668337677963,3.690217258486278,79.58477508650519,0.6,Middle
Pasong Putik Proper,7,2,1,2454.7619047619,Delisted,Middle,40919,96.68813689675062,2.5641668337677963,3.690217258486278,79.58477508650519,0.5,Middle
Pasong Putik Proper,9,3,3,2631.48148148148,Active,Middle,40919,96.68813689675062,2.5641668337677963,3.690217258486278,79.58477508650519,1.0,Middle
Pasong Putik Proper,6,3,3,6163.88888888889,Graduated,High,40919,96.68813689675062,2.5641668337677963,3.690217258486278,79.58477508650519,1.0,High
Pasong Putik Proper,11,2,2,1936.36363636363,Active,Low,40919,96.68813689675062,2.5641668337677963,3.690217258486278,79.58477508650519,1.0,Low
Pasong Putik Proper,6,3,3,1822.22222222222,Active,Low,40919,96.68813689675062,2.5641668337677963,3.690217258486278,79.58477508650519,1.0,Middle
Fairview,4,2,2,4332.5,Active,High,63913,110.71145984438877,3.3973436008606606,5.851704661023579,82.78145695364239,1.0,Middle
Fairview,6,3,1,2975.0,Active,Middle,63913,110.71145984438877,3.3973436008606606,5.851704661023579,82.78145695364239,0.3333333333333333,Middle
Gulod,5,2,1,3163.33333333333,Active,High,63651,36.28013531452062,1.773208403952544,4.917440417275455,85.99779492833517,0.5,Low
North Fairview,5,3,3,2886.66666666666,Active,Middle,47019,187.98309548600477,5.879571248423708,4.211063612582148,76.92307692307693,1.0,Middle
Fairview,8,4,3,3006.25,Active,Middle,63913,110.71145984438877,3.3973436008606606,5.851704661023579,82.78145695364239,0.75,Middle
Fairview,5,4,2,4110.0,Active,High,63913,110.71145984438877,3.3973436008606606,5.851704661023579,82.78145695364239,0.5,High
North Fairview,5,3,2,2643.33333333333,Active,Middle,47019,187.98309548600477,5.879571248423708,4.211063612582148,76.92307692307693,0.6666666666666666,Low
North Fairview,4,3,2,2929.16666666666,Active,Middle,47019,187.98309548600477,5.879571248423708,4.211063612582148,76.92307692307693,0.6666666666666666,Middle
North Fairview,7,3,3,1978.57142857142,Active,Low,47019,187.98309548600477,5.879571248423708,4.211063612582148,76.92307692307693,1.0,Middle
Fairview,5,3,2,2876.66666666666,Active,Middle,63913,110.71145984438877,3.3973436008606606,5.851704661023579,82.78145695364239,0.6666666666666666,Middle
North Fairview,5,3,2,4600.0,Active,High,47019,187.98309548600477,5.879571248423708,4.211063612582148,76.92307692307693,0.6666666666666666,Low
Fairview,7,5,4,3350.0,Active,High,63913,110.71145984438877,3.3973436008606606,5.851704661023579,82.78145695364239,0.8,Low
North Fairview,6,4,3,2647.22222222222,Active,Middle,47019,187.98309548600477,5.879571248423708,4.211063612582148,76.92307692307693,0.75,Low
North Fairview,6,2,2,1988.88888888888,Active,Low,47019,187.98309548600477,5.879571248423708,4.211063612582148,76.92307692307693,1.0,Middle
North Fairview,5,3,2,1630.0,Active,Low,47019,187.98309548600477,5.879571248423708,4.211063612582148,76.92307692307693,0.6666666666666666,Low
North Fairview,5,3,3,8746.66666666666,Graduated,High,47019,187.98309548600477,5.879571248423708,4.211063612582148,76.92307692307693,1.0,High
Fairview,8,6,6,2940.83333333333,Active,Middle,63913,110.71145984438877,3.3973436008606606,5.851704661023579,82.78145695364239,1.0,Middle
North Fairview,4,5,4,3670.83333333333,Graduated,High,47019,187.98309548600477,5.879571248423708,4.211063612582148,76.92307692307693,0.8,High
North Fairview,4,3,2,4125.0,Active,High,47019,187.98309548600477,5.879571248423708,4.211063612582148,76.92307692307693,0.6666666666666666,Middle
San Agustin,4,3,3,3470.83333333333,Active,High,26034,24.863309352517984,2.6779727864326563,8.873012214796036,86.71875,1.0,High
Kaligayahan,4,2,2,3695.83333333333,Active,High,62132,109.99053670406921,2.762065429525983,3.2189531964205242,72.42524916943522,1.0,High
Nagkaisang Nayon,5,3,3,2523.33333333333,Active,Middle,54477,41.13943727654283,1.2941373347464717,1.156451346439782,74.24242424242425,1.0,Middle
Nagkaisang Nayon,5,5,5,7523.33333333333,Active,High,54477,41.13943727654283,1.2941373347464717,1.156451346439782,74.24242424242425,1.0,Low
Bagbag,9,4,3,2516.66666666666,Active,Middle,66268,70.79821644887755,2.497950597806753,4.783605963662703,85.5813953488372,0.75,High
Nagkaisang Nayon,4,3,3,5404.16666666666,Graduated,High,54477,41.13943727654283,1.2941373347464717,1.156451346439782,74.24242424242425,1.0,High
Bagbag,4,2,2,6462.5,Graduated,High,66268,70.79821644887755,2.497950597806753,4.783605963662703,85.5813953488372,1.0,High
Bagbag,3,5,4,4786.11111111111,Active,High,66268,70.79821644887755,2.497950597806753,4.783605963662703,85.5813953488372,0.8,High
Nagkaisang Nayon,5,2,2,3346.66666666666,Active,High,54477,41.13943727654283,1.2941373347464717,1.156451346439782,74.24242424242425,1.0,Middle
Bagbag,5,2,2,3380.0,Graduated,High,66268,70.79821644887755,2.497950597806753,4.783605963662703,85.5813953488372,1.0,High
Bagbag,6,2,2,1991.66666666666,Active,Low,66268,70.79821644887755,2.497950597806753,4.783605963662703,85.5813953488372,1.0,Low
Gulod,5,3,3,5211.33333333333,Active,High,63651,36.28013531452062,1.773208403952544,4.917440417275455,85.99779492833517,1.0,Middle
Santa Monica,5,2,2,8560.0,Graduated,High,52203,90.8422899758719,0.7118879499942123,4.061069287205716,81.56424581005587,1.0,High
Nagkaisang Nayon,4,2,2,5920.83333333333,Graduated,High,54477,41.13943727654283,1.2941373347464717,1.156451346439782,74.24242424242425,1.0,High
Gulod,7,1,1,3864.28571428571,Active,High,63651,36.28013531452062,1.773208403952544,4.917440417275455,85.99779492833517,1.0,High
Santa Lucia,5,2,2,8740.0,Graduated,High,28974,54.742576372569964,2.690058479532164,7.24787740733071,82.38636363636364,1.0,High
Santa Monica,7,2,1,9054.28571428571,Active,High,52203,90.8422899758719,0.7118879499942123,4.061069287205716,81.56424581005587,0.5,Low
Pasong Putik Proper,4,1,1,3270.83333333333,Graduated,High,40919,96.68813689675062,2.5641668337677963,3.690217258486278,79.58477508650519,1.0,High
Pasong Putik Proper,4,3,2,5165.83333333333,Graduated,High,40919,96.68813689675062,2.5641668337677963,3.690217258486278,79.58477508650519,0.6666666666666666,High
Pasong Putik Proper,6,3,2,3402.33333333333,Graduated,High,40919,96.68813689675062,2.5641668337677963,3.690217258486278,79.58477508650519,0.6666666666666666,High
Gulod,6,3,3,1813.88888888888,Active,Low,63651,36.28013531452062,1.773208403952544,4.917440417275455,85.99779492833517,1.0,Middle
Fairview,5,4,3,2730.0,Active,Middle,63913,110.71145984438877,3.3973436008606606,5.851704661023579,82.78145695364239,0.75,Middle
Pasong Putik Proper,8,3,2,2482.91666666666,Delisted,Middle,40919,96.68813689675062,2.5641668337677963,3.690217258486278,79.58477508650519,0.6666666666666666,Middle
Fairview,7,3,3,5058.57142857142,Active,High,63913,110.71145984438877,3.3973436008606606,5.851704661023579,82.78145695364239,1.0,Middle
Bagbag,5,2,2,1056.66666666666,Active,Low,66268,70.79821644887755,2.497950597806753,4.783605963662703,85.5813953488372,1.0,High
San Agustin,7,3,3,876.190476190476,Delisted,Low,26034,24.863309352517984,2.6779727864326563,8.873012214796036,86.71875,1.0,Low
Gulod,7,2,1,3678.57142857142,Active,High,63651,36.28013531452062,1.773208403952544,4.917440417275455,85.99779492833517,0.5,Middle
Fairview,5,2,2,2430.0,Active,Middle,63913,110.71145984438877,3.3973436008606606,5.851704661023579,82.78145695364239,1.0,High
Santa Monica,8,1,0,3875.0,Graduated,High,52203,90.8422899758719,0.7118879499942123,4.061069287205716,81.56424581005587,0.0,High
Fairview,5,4,4,2200.0,Active,Middle,63913,110.71145984438877,3.3973436008606606,5.851704661023579,82.78145695364239,1.0,Middle
Pasong Putik Proper,5,3,3,2823.33333333333,Active,Middle,40919,96.68813689675062,2.5641668337677963,3.690217258486278,79.58477508650519,1.0,High
Gulod,4,2,2,2579.16666666666,Active,Middle,63651,36.28013531452062,1.773208403952544,4.917440417275455,85.99779492833517,1.0,High
Fairview,6,3,2,2516.66666666666,Active,Middle,63913,110.71145984438877,3.3973436008606606,5.851704661023579,82.78145695364239,0.6666666666666666,Middle
Pasong Putik Proper,7,3,3,4302.38095238095,Graduated,High,40919,96.68813689675062,2.5641668337677963,3.690217258486278,79.58477508650519,1.0,High
Capri,5,2,2,4224.0,Graduated,High,12940,10.466108929486087,0.2867550182128187,,84.23236514522821,1.0,High
Fairview,4,2,1,2962.5,Active,Middle,63913,110.71145984438877,3.3973436008606606,5.851704661023579,82.78145695364239,0.5,High
Pasong Putik Proper,6,4,4,3788.88888888888,Graduated,High,40919,96.68813689675062,2.5641668337677963,3.690217258486278,79.58477508650519,1.0,High
Santa Monica,3,2,0,2150.0,Active,Low,52203,90.8422899758719,0.7118879499942123,4.061069287205716,81.56424581005587,0.0,Low
Capri,6,3,2,4458.33333333333,Graduated,High,12940,10.466108929486087,0.2867550182128187,,84.23236514522821,0.6666666666666666,High
Nagkaisang Nayon,6,3,2,3936.11111111111,Active,High,54477,41.13943727654283,1.2941373347464717,1.156451346439782,74.24242424242425,0.6666666666666666,Middle
Santa Monica,8,2,2,2500.0,Active,Middle,52203,90.8422899758719,0.7118879499942123,4.061069287205716,81.56424581005587,1.0,Low
Santa Monica,6,2,2,3427.77777777777,Graduated,High,52203,90.8422899758719,0.7118879499942123,4.061069287205716,81.56424581005587,1.0,High
Pasong Putik Proper,5,3,3,2520.0,Graduated,Middle,40919,96.68813689675062,2.5641668337677963,3.690217258486278,79.58477508650519,1.0,High
Fairview,5,3,3,4566.66666666666,Active,High,63913,110.71145984438877,3.3973436008606606,5.851704661023579,82.78145695364239,1.0,High
Nagkaisang Nayon,5,3,2,3150.0,Active,High,54477,41.13943727654283,1.2941373347464717,1.156451346439782,74.24242424242425,0.6666666666666666,Middle
Capri,13,4,2,3041.15384615384,Graduated,Middle,12940,10.466108929486087,0.2867550182128187,,84.23236514522821,0.5,Middle
Santa Monica,4,2,1,4866.66666666666,Graduated,High,52203,90.8422899758719,0.7118879499942123,4.061069287205716,81.56424581005587,0.5,High
Gulod,5,2,2,7223.33333333333,Active,High,63651,36.28013531452062,1.773208403952544,4.917440417275455,85.99779492833517,1.0,High
Fairview,3,3,1,4616.66666666666,Active,High,63913,110.71145984438877,3.3973436008606606,5.851704661023579,82.78145695364239,0.3333333333333333,Low
Gulod,8,1,1,4085.41666666666,Delisted,High,63651,36.28013531452062,1.773208403952544,4.917440417275455,85.99779492833517,1.0,High
North Fairview,4,3,2,4147.5,Active,High,47019,187.98309548600477,5.879571248423708,4.211063612582148,76.92307692307693,0.6666666666666666,Middle
North Fairview,6,3,2,3764.16666666666,Active,High,47019,187.98309548600477,5.879571248423708,4.211063612582148,76.92307692307693,0.6666666666666666,Middle
North Fairview,6,3,3,3050.0,Active,Middle,47019,187.98309548600477,5.879571248423708,4.211063612582148,76.92307692307693,1.0,Middle
North Fairview,4,3,3,3525.0,Active,High,47019,187.98309548600477,5.879571248423708,4.211063612582148,76.92307692307693,1.0,Middle
Fairview,4,4,2,3912.5,Active,High,63913,110.71145984438877,3.3973436008606606,5.851704661023579,82.78145695364239,0.5,Middle
North Fairview,5,3,3,4311.33333333333,Active,High,47019,187.98309548600477,5.879571248423708,4.211063612582148,76.92307692307693,1.0,Middle
North Fairview,5,3,3,3644.66666666666,Active,High,47019,187.98309548600477,5.879571248423708,4.211063612582148,76.92307692307693,1.0,Middle
Fairview,5,3,3,3743.33333333333,Active,High,63913,110.71145984438877,3.3973436008606606,5.851704661023579,82.78145695364239,1.0,High
North Fairview,8,2,2,6593.33333333333,Active,High,47019,187.98309548600477,5.879571248423708,4.211063612582148,76.92307692307693,1.0,Middle
North Fairview,4,2,2,3575.0,Active,High,47019,187.98309548600477,5.879571248423708,4.211063612582148,76.92307692307693,1.0,Middle
North Fairview,5,3,3,2860.0,Active,Middle,47019,187.98309548600477,5.879571248423708,4.211063612582148,76.92307692307693,1.0,Middle
North Fairview,7,3,2,4879.04761904761,Active,High,47019,187.98309548600477,5.879571248423708,4.211063612582148,76.92307692307693,0.6666666666666666,Middle
North Fairview,5,3,3,3690.0,Active,High,47019,187.98309548600477,5.879571248423708,4.211063612582148,76.92307692307693,1.0,Middle
North Fairview,5,3,3,3164.66666666666,Active,High,47019,187.98309548600477,5.879571248423708,4.211063612582148,76.92307692307693,1.0,Middle
Santa Monica,6,3,2,4730.55555555555,Active,High,52203,90.8422899758719,0.7118879499942123,4.061069287205716,81.56424581005587,0.6666666666666666,Low
Bagbag,6,2,0,3475.0,Graduated,High,66268,70.79821644887755,2.497950597806753,4.783605963662703,85.5813953488372,0.0,High
Santa Monica,4,1,1,5249.16666666666,Graduated,High,52203,90.8422899758719,0.7118879499942123,4.061069287205716,81.56424581005587,1.0,High
Bagbag,9,4,4,1242.59259259259,Active,Low,66268,70.79821644887755,2.497950597806753,4.783605963662703,85.5813953488372,1.0,Low
Santa Monica,5,3,3,3386.66666666666,Active,High,52203,90.8422899758719,0.7118879499942123,4.061069287205716,81.56424581005587,1.0,Low
Santa Monica,3,1,0,5338.88888888888,Delisted,High,52203,90.8422899758719,0.7118879499942123,4.061069287205716,81.56424581005587,0.0,Low
Santa Monica,5,3,3,2720.0,Active,Middle,52203,90.8422899758719,0.7118879499942123,4.061069287205716,81.56424581005587,1.0,Low
Santa Monica,4,1,0,3968.33333333333,Active,High,52203,90.8422899758719,0.7118879499942123,4.061069287205716,81.56424581005587,0.0,Low
Santa Monica,4,1,1,4120.0,Active,High,52203,90.8422899758719,0.7118879499942123,4.061069287205716,81.56424581005587,1.0,Low
Nagkaisang Nayon,3,1,1,4227.77777777777,Graduated,High,54477,41.13943727654283,1.2941373347464717,1.156451346439782,74.24242424242425,1.0,High
Nagkaisang Nayon,5,1,1,4136.66666666666,Graduated,High,54477,41.13943727654283,1.2941373347464717,1.156451346439782,74.24242424242425,1.0,High
Gulod,5,2,2,3536.66666666666,Active,High,63651,36.28013531452062,1.773208403952544,4.917440417275455,85.99779492833517,1.0,High
Nagkaisang Nayon,7,1,1,2350.0,Active,Middle,54477,41.13943727654283,1.2941373347464717,1.156451346439782,74.24242424242425,1.0,Middle
North Fairview,6,5,4,2750.0,Active,Middle,47019,187.98309548600477,5.879571248423708,4.211063612582148,76.92307692307693,0.8,Middle
North Fairview,5,4,3,1766.66666666666,Active,Low,47019,187.98309548600477,5.879571248423708,4.211063612582148,76.92307692307693,0.75,Low
Gulod,5,4,3,960.0,Active,Low,63651,36.28013531452062,1.773208403952544,4.917440417275455,85.99779492833517,0.75,Low
Gulod,5,2,1,7070.0,Graduated,High,63651,36.28013531452062,1.773208403952544,4.917440417275455,85.99779492833517,0.5,High
San Agustin,6,3,3,3105.55555555555,Active,Middle,26034,24.863309352517984,2.6779727864326563,8.873012214796036,86.71875,1.0,Middle
San Agustin,3,1,1,4394.44444444444,Active,High,26034,24.863309352517984,2.6779727864326563,8.873012214796036,86.71875,1.0,High
San Agustin,2,1,1,4716.66666666666,Active,High,26034,24.863309352517984,2.6779727864326563,8.873012214796036,86.71875,1.0,High
North Fairview,5,3,3,2663.33333333333,Active,Middle,47019,187.98309548600477,5.879571248423708,4.211063612582148,76.92307692307693,1.0,Middle
Santa Monica,5,3,2,2316.66666666666,Active,Middle,52203,90.8422899758719,0.7118879499942123,4.061069287205716,81.56424581005587,0.6666666666666666,Low
Santa Monica,5,3,3,3419.33333333333,Active,High,52203,90.8422899758719,0.7118879499942123,4.061069287205716,81.56424581005587,1.0,Low
Santa Monica,9,7,3,2300.0,Active,Middle,52203,90.8422899758719,0.7118879499942123,4.061069287205716,81.56424581005587,0.42857142857142855,Middle
Pasong Putik Proper,2,2,1,7762.5,Delisted,High,40919,96.68813689675062,2.5641668337677963,3.690217258486278,79.58477508650519,0.5,High
Pasong Putik Proper,6,1,1,2215.27777777777,Active,Middle,40919,96.68813689675062,2.5641668337677963,3.690217258486278,79.58477508650519,1.0,High
Santa Monica,4,2,1,2062.5,Active,Low,52203,90.8422899758719,0.7118879499942123,4.061069287205716,81.56424581005587,0.5,Low
Pasong Putik Proper,5,3,3,5265.0,Graduated,High,40919,96.68813689675062,2.5641668337677963,3.690217258486278,79.58477508650519,1.0,High
Pasong Putik Proper,6,3,2,5460.55555555555,Graduated,High,40919,96.68813689675062,2.5641668337677963,3.690217258486278,79.58477508650519,0.6666666666666666,High
Gulod,7,2,1,5133.33333333333,Active,High,63651,36.28013531452062,1.773208403952544,4.917440417275455,85.99779492833517,0.5,Middle
Gulod,2,1,1,4900.0,Active,High,63651,36.28013531452062,1.773208403952544,4.917440417275455,85.99779492833517,1.0,High
Gulod,5,3,3,3856.66666666666,Active,High,63651,36.28013531452062,1.773208403952544,4.917440417275455,85.99779492833517,1.0,Middle
North Fairview,6,4,3,1888.88888888888,Active,Low,47019,187.98309548600477,5.879571248423708,4.211063612582148,76.92307692307693,0.75,Low
Gulod,5,3,3,3563.33333333333,Active,High,63651,36.28013531452062,1.773208403952544,4.917440417275455,85.99779492833517,1.0,Middle
North Fairview,6,2,1,2175.0,Active,Low,47019,187.98309548600477,5.879571248423708,4.211063612582148,76.92307692307693,0.5,Low
Gulod,7,3,3,2838.09523809523,Active,Middle,63651,36.28013531452062,1.773208403952544,4.917440417275455,85.99779492833517,1.0,Middle
Gulod,5,3,2,4496.66666666666,Active,High,63651,36.28013531452062,1.773208403952544,4.917440417275455,85.99779492833517,0.6666666666666666,High
Pasong Putik Proper,2,2,1,17435.8333333333,Graduated,High,40919,96.68813689675062,2.5641668337677963,3.690217258486278,79.58477508650519,0.5,High
Santa Monica,7,4,3,2319.04761904761,Active,Middle,52203,90.8422899758719,0.7118879499942123,4.061069287205716,81.56424581005587,0.75,Low
Gulod,5,4,3,3530.0,Active,High,63651,36.28013531452062,1.773208403952544,4.917440417275455,85.99779492833517,0.75,Low
Pasong Putik Proper,2,2,2,9737.5,Graduated,High,40919,96.68813689675062,2.5641668337677963,3.690217258486278,79.58477508650519,1.0,High
Gulod,7,4,2,2192.85714285714,Active,Low,63651,36.28013531452062,1.773208403952544,4.917440417275455,85.99779492833517,0.5,Low
North Fairview,5,3,3,2700.0,Active,Middle,47019,187.98309548600477,5.879571248423708,4.211063612582148,76.92307692307693,1.0,Middle
Pasong Putik Proper,10,3,3,1693.3,Active,Low,40919,96.68813689675062,2.5641668337677963,3.690217258486278,79.58477508650519,1.0,Low
Gulod,7,5,4,2930.95238095238,Active,Middle,63651,36.28013531452062,1.773208403952544,4.917440417275455,85.99779492833517,0.8,Middle
Bagbag,4,1,1,8262.5,Graduated,High,66268,70.79821644887755,2.497950597806753,4.783605963662703,85.5813953488372,1.0,High
Bagbag,2,2,1,6895.83333333333,Graduated,High,66268,70.79821644887755,2.497950597806753,4.783605963662703,85.5813953488372,0.5,High
Gulod,9,4,2,4390.74074074074,Active,High,63651,36.28013531452062,1.773208403952544,4.917440417275455,85.99779492833517,0.5,Low
North Fairview,5,3,3,2890.0,Active,Middle,47019,187.98309548600477,5.879571248423708,4.211063612582148,76.92307692307693,1.0,Middle
Pasong Putik Proper,14,4,3,3007.85714285714,Active,Middle,40919,96.68813689675062,2.5641668337677963,3.690217258486278,79.58477508650519,0.75,Middle
Bagbag,4,2,1,4662.5,Graduated,High,66268,70.79821644887755,2.497950597806753,4.783605963662703,85.5813953488372,0.5,High
Kaligayahan,7,1,1,2400.0,Active,Middle,62132,109.99053670406921,2.762065429525983,3.2189531964205242,72.42524916943522,1.0,Middle
Gulod,4,2,2,6495.83333333333,Active,High,63651,36.28013531452062,1.773208403952544,4.917440417275455,85.99779492833517,1.0,High
Kaligayahan,6,3,2,5018.33333333333,Active,High,62132,109.99053670406921,2.762065429525983,3.2189531964205242,72.42524916943522,0.6666666666666666,Low
North Fairview,6,4,3,2588.88888888888,Active,Middle,47019,187.98309548600477,5.879571248423708,4.211063612582148,76.92307692307693,0.75,Low
Gulod,6,4,4,3080.55555555555,Active,Middle,63651,36.28013531452062,1.773208403952544,4.917440417275455,85.99779492833517,1.0,Middle
Kaligayahan,7,2,2,4238.09523809523,Active,High,62132,109.99053670406921,2.762065429525983,3.2189531964205242,72.42524916943522,1.0,Middle
North Fairview,5,2,2,3840.0,Active,High,47019,187.98309548600477,5.879571248423708,4.211063612582148,76.92307692307693,1.0,Middle
Bagbag,2,2,0,8450.0,Graduated,High,66268,70.79821644887755,2.497950597806753,4.783605963662703,85.5813953488372,0.0,High
Kaligayahan,6,1,1,3788.88888888888,Active,High,62132,109.99053670406921,2.762065429525983,3.2189531964205242,72.42524916943522,1.0,Middle
Santa Monica,6,4,3,2283.33333333333,Active,Middle,52203,90.8422899758719,0.7118879499942123,4.061069287205716,81.56424581005587,0.75,Low
Gulod,5,2,2,1970.0,Active,Low,63651,36.28013531452062,1.773208403952544,4.917440417275455,85.99779492833517,1.0,High
Bagbag,4,3,3,2943.75,Active,Middle,66268,70.79821644887755,2.497950597806753,4.783605963662703,85.5813953488372,1.0,High
Gulod,5,3,3,2770.0,Active,Middle,63651,36.28013531452062,1.773208403952544,4.917440417275455,85.99779492833517,1.0,Middle
Gulod,5,1,1,10543.3333333333,Graduated,High,63651,36.28013531452062,1.773208403952544,4.917440417275455,85.99779492833517,1.0,High
Gulod,5,5,3,2830.0,Active,Middle,63651,36.28013531452062,1.773208403952544,4.917440417275455,85.99779492833517,0.6,Low
Santa Monica,6,2,2,3791.66666666666,Active,High,52203,90.8422899758719,0.7118879499942123,4.061069287205716,81.56424581005587,1.0,Low
Gulod,9,2,2,4455.55555555555,Active,High,63651,36.28013531452062,1.773208403952544,4.917440417275455,85.99779492833517,1.0,Middle
Santa Monica,6,4,3,933.333333333333,Active,Low,52203,90.8422899758719,0.7118879499942123,4.061069287205716,81.56424581005587,0.75,Low
Kaligayahan,7,1,1,4965.95238095238,Active,High,62132,109.99053670406921,2.762065429525983,3.2189531964205242,72.42524916943522,1.0,Middle
Santa Monica,6,4,3,2553.88888888888,Active,Middle,52203,90.8422899758719,0.7118879499942123,4.061069287205716,81.56424581005587,0.75,Low
San Agustin,6,1,1,8769.44444444444,Graduated,High,26034,24.863309352517984,2.6779727864326563,8.873012214796036,86.71875,1.0,High
San Agustin,6,3,1,2244.44444444444,Active,Middle,26034,24.863309352517984,2.6779727864326563,8.873012214796036,86.71875,0.3333333333333333,Middle
Santa Monica,8,3,3,4655.83333333333,Active,High,52203,90.8422899758719,0.7118879499942123,4.061069287205716,81.56424581005587,1.0,Low
Kaligayahan,4,2,2,1175.0,Active,Low,62132,109.99053670406921,2.762065429525983,3.2189531964205242,72.42524916943522,1.0,High
Kaligayahan,5,3,3,3066.66666666666,Active,Middle,62132,109.99053670406921,2.762065429525983,3.2189531964205242,72.42524916943522,1.0,Middle
San Agustin,4,1,1,4512.5,Graduated,High,26034,24.863309352517984,2.6779727864326563,8.873012214796036,86.71875,1.0,High
Novaliches Proper,7,4,1,1821.42857142857,Active,Low,16096,33.267097201523434,4.059994828032066,30.318091451292243,80.2919708029197,0.25,Low
San Agustin,12,3,2,2975.0,Active,Middle,26034,24.863309352517984,2.6779727864326563,8.873012214796036,86.71875,0.6666666666666666,Middle
San Agustin,5,1,1,3930.0,Active,High,26034,24.863309352517984,2.6779727864326563,8.873012214796036,86.71875,1.0,High
Kaligayahan,5,2,1,4206.66666666666,Active,High,62132,109.99053670406921,2.762065429525983,3.2189531964205242,72.42524916943522,0.5,Middle
San Agustin,4,2,2,4982.5,Active,High,26034,24.863309352517984,2.6779727864326563,8.873012214796036,86.71875,1.0,High
Kaligayahan,4,2,2,4333.33333333333,Active,High,62132,109.99053670406921,2.762065429525983,3.2189531964205242,72.42524916943522,1.0,High
Kaligayahan,5,3,3,3166.66666666666,Active,High,62132,109.99053670406921,2.762065429525983,3.2189531964205242,72.42524916943522,1.0,Middle
North Fairview,5,3,2,3313.33333333333,Active,High,47019,187.98309548600477,5.879571248423708,4.211063612582148,76.92307692307693,0.6666666666666666,Low
North Fairview,5,2,2,2510.0,Active,Middle,47019,187.98309548600477,5.879571248423708,4.211063612582148,76.92307692307693,1.0,Middle
North Fairview,3,1,1,4305.55555555555,Graduated,High,47019,187.98309548600477,5.879571248423708,4.211063612582148,76.92307692307693,1.0,High
Gulod,4,1,1,2137.5,Active,Low,63651,36.28013531452062,1.773208403952544,4.917440417275455,85.99779492833517,1.0,High
North Fairview,5,3,2,1530.0,Active,Low,47019,187.98309548600477,5.879571248423708,4.211063612582148,76.92307692307693,0.6666666666666666,Low
North Fairview,4,2,2,1487.5,Active,Low,47019,187.98309548600477,5.879571248423708,4.211063612582148,76.92307692307693,1.0,Middle
North Fairview,8,4,4,2031.25,Active,Low,47019,187.98309548600477,5.879571248423708,4.211063612582148,76.92307692307693,1.0,Low
North Fairview,10,7,3,1498.33333333333,Active,Low,47019,187.98309548600477,5.879571248423708,4.211063612582148,76.92307692307693,0.42857142857142855,Low
Santa Monica,8,7,4,2068.75,Active,Low,52203,90.8422899758719,0.7118879499942123,4.061069287205716,81.56424581005587,0.5714285714285714,Low
Gulod,5,3,3,5990.0,Graduated,High,63651,36.28013531452062,1.773208403952544,4.917440417275455,85.99779492833517,1.0,High
Gulod,4,2,2,3170.83333333333,Active,High,63651,36.28013531452062,1.773208403952544,4.917440417275455,85.99779492833517,1.0,High
San Agustin,4,2,1,4450.0,Active,High,26034,24.863309352517984,2.6779727864326563,8.873012214796036,86.71875,0.5,High
Nagkaisang Nayon,3,2,2,5866.66666666666,Active,High,54477,41.13943727654283,1.2941373347464717,1.156451346439782,74.24242424242425,1.0,Middle
Gulod,3,2,2,4705.55555555555,Active,High,63651,36.28013531452062,1.773208403952544,4.917440417275455,85.99779492833517,1.0,High
San Agustin,6,2,1,2966.66666666666,Delisted,Middle,26034,24.863309352517984,2.6779727864326563,8.873012214796036,86.71875,0.5,Middle
San Agustin,7,4,4,3669.04761904761,Active,High,26034,24.863309352517984,2.6779727864326563,8.873012214796036,86.71875,1.0,Middle
San Agustin,5,3,3,3773.33333333333,Active,High,26034,24.863309352517984,2.6779727864326563,8.873012214796036,86.71875,1.0,Middle
San Agustin,7,3,3,8321.42857142857,Active,High,26034,24.863309352517984,2.6779727864326563,8.873012214796036,86.71875,1.0,Middle
Capri,4,2,2,5687.5,Active,High,12940,10.466108929486087,0.2867550182128187,,84.23236514522821,1.0,High
Bagbag,5,2,2,3513.33333333333,Active,High,66268,70.79821644887755,2.497950597806753,4.783605963662703,85.5813953488372,1.0,High
Bagbag,8,6,3,2206.25,Active,Middle,66268,70.79821644887755,2.497950597806753,4.783605963662703,85.5813953488372,0.5,Middle
Santa Monica,4,2,2,1550.0,Delisted,Low,52203,90.8422899758719,0.7118879499942123,4.061069287205716,81.56424581005587,1.0,Low
Santa Monica,6,2,2,3266.66666666666,Active,High,52203,90.8422899758719,0.7118879499942123,4.061069287205716,81.56424581005587,1.0,Low
Santa Monica,5,2,1,1373.33333333333,Active,Low,52203,90.8422899758719,0.7118879499942123,4.061069287205716,81.56424581005587,0.5,Low
Santa Monica,7,2,2,1442.85714285714,Active,Low,52203,90.8422899758719,0.7118879499942123,4.061069287205716,81.56424581005587,1.0,Low
Santa Monica,4,2,2,1141.66666666666,Active,Low,52203,90.8422899758719,0.7118879499942123,4.061069287205716,81.56424581005587,1.0,Low
Kaligayahan,5,3,3,3220.0,Active,High,62132,109.99053670406921,2.762065429525983,3.2189531964205242,72.42524916943522,1.0,Middle
Fairview,4,3,2,3000.0,Active,Middle,63913,110.71145984438877,3.3973436008606606,5.851704661023579,82.78145695364239,0.6666666666666666,Middle
Fairview,4,2,1,5091.66666666666,Active,High,63913,110.71145984438877,3.3973436008606606,5.851704661023579,82.78145695364239,0.5,High
Fairview,6,3,3,1958.33333333333,Active,Low,63913,110.71145984438877,3.3973436008606606,5.851704661023579,82.78145695364239,1.0,Middle
Gulod,4,2,2,4487.5,Active,High,63651,36.28013531452062,1.773208403952544,4.917440417275455,85.99779492833517,1.0,High
Gulod,5,3,1,5036.66666666666,Active,High,63651,36.28013531452062,1.773208403952544,4.917440417275455,85.99779492833517,0.3333333333333333,Middle
Gulod,3,3,3,1633.33333333333,Active,Low,63651,36.28013531452062,1.773208403952544,4.917440417275455,85.99779492833517,1.0,High
Capri,6,5,4,3702.77777777777,Graduated,High,12940,10.466108929486087,0.2867550182128187,,84.23236514522821,0.8,High
Capri,5,4,2,2420.0,Active,Middle,12940,10.466108929486087,0.2867550182128187,,84.23236514522821,0.5,Middle
Capri,6,3,3,4966.66666666666,Graduated,High,12940,10.466108929486087,0.2867550182128187,,84.23236514522821,1.0,Low
Bagbag,6,4,3,3308.33333333333,Active,High,66268,70.79821644887755,2.497950597806753,4.783605963662703,85.5813953488372,0.75,Middle
Bagbag,5,3,3,3863.33333333333,Active,High,66268,70.79821644887755,2.497950597806753,4.783605963662703,85.5813953488372,1.0,Middle
Santa Lucia,4,2,2,3000.0,Active,Middle,28974,54.742576372569964,2.690058479532164,7.24787740733071,82.38636363636364,1.0,Middle
Bagbag,7,4,2,4758.33333333333,Active,High,66268,70.79821644887755,2.497950597806753,4.783605963662703,85.5813953488372,0.5,High
Bagbag,7,5,3,1642.85714285714,Active,Low,66268,70.79821644887755,2.497950597806753,4.783605963662703,85.5813953488372,0.6,Low
Bagbag,6,4,4,2666.66666666666,Delisted,Middle,66268,70.79821644887755,2.497950597806753,4.783605963662703,85.5813953488372,1.0,Middle
Gulod,4,2,2,5628.125,Active,High,63651,36.28013531452062,1.773208403952544,4.917440417275455,85.99779492833517,1.0,High
Santa Lucia,9,2,2,2655.55555555555,Active,Middle,28974,54.742576372569964,2.690058479532164,7.24787740733071,82.38636363636364,1.0,Middle
Gulod,5,3,3,3143.33333333333,Active,High,63651,36.28013531452062,1.773208403952544,4.917440417275455,85.99779492833517,1.0,Middle
Gulod,4,1,1,4637.5,Active,High,63651,36.28013531452062,1.773208403952544,4.917440417275455,85.99779492833517,1.0,High
Nagkaisang Nayon,6,4,2,5450.0,Active,High,54477,41.13943727654283,1.2941373347464717,1.156451346439782,74.24242424242425,0.5,Low
San Agustin,4,3,2,4066.66666666666,Active,High,26034,24.863309352517984,2.6779727864326563,8.873012214796036,86.71875,0.6666666666666666,High
Santa Monica,6,4,3,1435.27777777777,Active,Low,52203,90.8422899758719,0.7118879499942123,4.061069287205716,81.56424581005587,0.75,Low
Santa Monica,5,2,0,1140.0,Active,Low,52203,90.8422899758719,0.7118879499942123,4.061069287205716,81.56424581005587,0.0,Low
Gulod,6,4,3,2769.44444444444,Active,Middle,63651,36.28013531452062,1.773208403952544,4.917440417275455,85.99779492833517,0.75,Middle
San Agustin,5,1,1,6516.66666666666,Graduated,High,26034,24.863309352517984,2.6779727864326563,8.873012214796036,86.71875,1.0,High
Santa Monica,5,2,2,1520.0,Active,Low,52203,90.8422899758719,0.7118879499942123,4.061069287205716,81.56424581005587,1.0,Low
San Agustin,3,1,1,3888.88888888888,Delisted,High,26034,24.863309352517984,2.6779727864326563,8.873012214796036,86.71875,1.0,High
Santa Monica,4,2,1,5115.0,Active,High,52203,90.8422899758719,0.7118879499942123,4.061069287205716,81.56424581005587,0.5,Low
Santa Monica,5,3,3,4544.0,Active,High,52203,90.8422899758719,0.7118879499942123,4.061069287205716,81.56424581005587,1.0,Low
Santa Monica,5,3,2,3713.33333333333,Active,High,52203,90.8422899758719,0.7118879499942123,4.061069287205716,81.56424581005587,0.6666666666666666,Low
Gulod,4,1,1,3887.5,Active,High,63651,36.28013531452062,1.773208403952544,4.917440417275455,85.99779492833517,1.0,High
Santa Monica,3,2,1,10050.0,Graduated,High,52203,90.8422899758719,0.7118879499942123,4.061069287205716,81.56424581005587,0.5,High
Gulod,5,3,3,1423.33333333333,Active,Low,63651,36.28013531452062,1.773208403952544,4.917440417275455,85.99779492833517,1.0,Middle
Santa Monica,8,1,1,716.666666666666,Active,Low,52203,90.8422899758719,0.7118879499942123,4.061069287205716,81.56424581005587,1.0,Low
Santa Monica,3,1,1,1955.55555555555,Active,Low,52203,90.8422899758719,0.7118879499942123,4.061069287205716,81.56424581005587,1.0,Low
Nagkaisang Nayon,5,3,3,3076.66666666666,Active,Middle,54477,41.13943727654283,1.2941373347464717,1.156451346439782,74.24242424242425,1.0,Middle
Santa Monica,6,3,3,1088.05555555555,Active,Low,52203,90.8422899758719,0.7118879499942123,4.061069287205716,81.56424581005587,1.0,Low
Gulod,5,4,2,4310.0,Active,High,63651,36.28013531452062,1.773208403952544,4.917440417275455,85.99779492833517,0.5,Low
San Agustin,4,2,2,2445.83333333333,Active,Middle,26034,24.863309352517984,2.6779727864326563,8.873012214796036,86.71875,1.0,High
Santa Monica,5,2,2,1466.66666666666,Active,Low,52203,90.8422899758719,0.7118879499942123,4.061069287205716,81.56424581005587,1.0,Low
San Agustin,5,2,2,3466.0,Active,High,26034,24.863309352517984,2.6779727864326563,8.873012214796036,86.71875,1.0,High
San Agustin,3,2,1,4350.0,Active,High,26034,24.863309352517984,2.6779727864326563,8.873012214796036,86.71875,0.5,High
San Agustin,6,5,5,3625.0,Graduated,High,26034,24.863309352517984,2.6779727864326563,8.873012214796036,86.71875,1.0,High
San Agustin,4,1,1,11161.6666666666,Graduated,High,26034,24.863309352517984,2.6779727864326563,8.873012214796036,86.71875,1.0,High
San Agustin,4,2,2,5457.5,Active,High,26034,24.863309352517984,2.6779727864326563,8.873012214796036,86.71875,1.0,High
Gulod,7,3,0,3788.09523809523,Active,High,63651,36.28013531452062,1.773208403952544,4.917440417275455,85.99779492833517,0.0,High
Gulod,7,2,2,3954.7619047619,Active,High,63651,36.28013531452062,1.773208403952544,4.917440417275455,85.99779492833517,1.0,Middle
Gulod,4,3,2,3129.16666666666,Active,Middle,63651,36.28013531452062,1.773208403952544,4.917440417275455,85.99779492833517,0.6666666666666666,High
San Agustin,5,1,1,5460.0,Delisted,High,26034,24.863309352517984,2.6779727864326563,8.873012214796036,86.71875,1.0,Middle
Gulod,4,1,1,3327.5,Delisted,High,63651,36.28013531452062,1.773208403952544,4.917440417275455,85.99779492833517,1.0,High
Santa Monica,5,3,3,3670.0,Graduated,High,52203,90.8422899758719,0.7118879499942123,4.061069287205716,81.56424581005587,1.0,Low
Santa Monica,6,2,2,2824.44444444444,Active,Middle,52203,90.8422899758719,0.7118879499942123,4.061069287205716,81.56424581005587,1.0,Low
Santa Monica,6,2,1,1583.33333333333,Active,Low,52203,90.8422899758719,0.7118879499942123,4.061069287205716,81.56424581005587,0.5,Low
Santa Monica,5,2,2,7118.0,Active,High,52203,90.8422899758719,0.7118879499942123,4.061069287205716,81.56424581005587,1.0,Low
Santa Monica,6,3,2,1852.77777777777,Active,Low,52203,90.8422899758719,0.7118879499942123,4.061069287205716,81.56424581005587,0.6666666666666666,Low
Santa Monica,4,2,1,17175.0,Graduated,High,52203,90.8422899758719,0.7118879499942123,4.061069287205716,81.56424581005587,0.5,High
Gulod,6,2,2,2391.66666666666,Active,Middle,63651,36.28013531452062,1.773208403952544,4.917440417275455,85.99779492833517,1.0,Middle
Gulod,5,3,2,3563.33333333333,Active,High,63651,36.28013531452062,1.773208403952544,4.917440417275455,85.99779492833517,0.6666666666666666,High
Santa Monica,6,3,3,997.222222222222,Active,Low,52203,90.8422899758719,0.7118879499942123,4.061069287205716,81.56424581005587,1.0,Low
Santa Monica,4,1,1,4612.5,Graduated,High,52203,90.8422899758719,0.7118879499942123,4.061069287205716,81.56424581005587,1.0,High
Pasong Putik Proper,3,4,4,1956.66666666666,Active,Low,40919,96.68813689675062,2.5641668337677963,3.690217258486278,79.58477508650519,1.0,Low
North Fairview,6,4,1,5816.66666666666,Active,High,47019,187.98309548600477,5.879571248423708,4.211063612582148,76.92307692307693,0.25,High
North Fairview,3,8,1,1661.11111111111,Active,Low,47019,187.98309548600477,5.879571248423708,4.211063612582148,76.92307692307693,0.125,Low
North Fairview,5,2,2,4234.16666666666,Active,High,47019,187.98309548600477,5.879571248423708,4.211063612582148,76.92307692307693,1.0,Middle
North Fairview,4,2,2,1962.5,Active,Low,47019,187.98309548600477,5.879571248423708,4.211063612582148,76.92307692307693,1.0,Middle
North Fairview,6,2,1,4397.22222222222,Active,High,47019,187.98309548600477,5.879571248423708,4.211063612582148,76.92307692307693,0.5,Low
Bagbag,6,3,2,3072.22222222222,Active,Middle,66268,70.79821644887755,2.497950597806753,4.783605963662703,85.5813953488372,0.6666666666666666,Middle
North Fairview,11,6,3,5824.24242424242,Graduated,High,47019,187.98309548600477,5.879571248423708,4.211063612582148,76.92307692307693,0.5,High
North Fairview,6,2,1,7872.22222222222,Active,High,47019,187.98309548600477,5.879571248423708,4.211063612582148,76.92307692307693,0.5,Low
Bagbag,5,2,2,1880.0,Active,Low,66268,70.79821644887755,2.497950597806753,4.783605963662703,85.5813953488372,1.0,High
Santa Lucia,9,3,2,1255.55555555555,Delisted,Low,28974,54.742576372569964,2.690058479532164,7.24787740733071,82.38636363636364,0.6666666666666666,Low
Santa Monica,7,5,4,1878.57142857142,Active,Low,52203,90.8422899758719,0.7118879499942123,4.061069287205716,81.56424581005587,0.8,Low
Santa Monica,7,3,2,1664.28571428571,Active,Low,52203,90.8422899758719,0.7118879499942123,4.061069287205716,81.56424581005587,0.6666666666666666,Low
Santa Monica,4,2,2,6261.66666666666,Active,High,52203,90.8422899758719,0.7118879499942123,4.061069287205716,81.56424581005587,1.0,Low
Santa Monica,6,4,3,2416.66666666666,Active,Middle,52203,90.8422899758719,0.7118879499942123,4.061069287205716,81.56424581005587,0.75,Low
Bagbag,6,6,3,2238.88888888888,Active,Middle,66268,70.79821644887755,2.497950597806753,4.783605963662703,85.5813953488372,0.5,Middle
Santa Monica,8,3,3,1056.25,Active,Low,52203,90.8422899758719,0.7118879499942123,4.061069287205716,81.56424581005587,1.0,Low
Santa Monica,5,2,1,3546.66666666666,Active,High,52203,90.8422899758719,0.7118879499942123,4.061069287205716,81.56424581005587,0.5,Low
Santa Lucia,8,3,3,3047.5,Active,Middle,28974,54.742576372569964,2.690058479532164,7.24787740733071,82.38636363636364,1.0,High
Santa Monica,6,3,3,2594.44444444444,Active,Middle,52203,90.8422899758719,0.7118879499942123,4.061069287205716,81.56424581005587,1.0,Low
Santa Monica,9,1,1,2747.77777777777,Active,Middle,52203,90.8422899758719,0.7118879499942123,4.061069287205716,81.56424581005587,1.0,Middle
Santa Monica,3,2,2,950.0,Active,Low,52203,90.8422899758719,0.7118879499942123,4.061069287205716,81.56424581005587,1.0,Low
Santa Lucia,4,2,1,5812.5,Active,High,28974,54.742576372569964,2.690058479532164,7.24787740733071,82.38636363636364,0.5,High
Santa Monica,6,4,3,2208.33333333333,Active,Middle,52203,90.8422899758719,0.7118879499942123,4.061069287205716,81.56424581005587,0.75,Low
Santa Monica,5,2,2,3432.66666666666,Active,High,52203,90.8422899758719,0.7118879499942123,4.061069287205716,81.56424581005587,1.0,Low
Santa Monica,6,4,3,2061.11111111111,Active,Low,52203,90.8422899758719,0.7118879499942123,4.061069287205716,81.56424581005587,0.75,Low
Bagbag,5,4,4,2513.33333333333,Active,Middle,66268,70.79821644887755,2.497950597806753,4.783605963662703,85.5813953488372,1.0,Middle
Santa Monica,3,1,1,5411.11111111111,Active,High,52203,90.8422899758719,0.7118879499942123,4.061069287205716,81.56424581005587,1.0,Low
Santa Monica,4,2,2,3995.83333333333,Active,High,52203,90.8422899758719,0.7118879499942123,4.061069287205716,81.56424581005587,1.0,Low
Santa Monica,6,3,3,2652.77777777777,Active,Middle,52203,90.8422899758719,0.7118879499942123,4.061069287205716,81.56424581005587,1.0,Low
Santa Monica,6,1,1,4166.66666666666,Active,High,52203,90.8422899758719,0.7118879499942123,4.061069287205716,81.56424581005587,1.0,Low
Bagbag,5,2,2,3093.33333333333,Active,Middle,66268,70.79821644887755,2.497950597806753,4.783605963662703,85.5813953488372,1.0,High
Santa Monica,4,2,2,1737.5,Active,Low,52203,90.8422899758719,0.7118879499942123,4.061069287205716,81.56424581005587,1.0,Low
Santa Monica,6,2,2,6074.44444444444,Active,High,52203,90.8422899758719,0.7118879499942123,4.061069287205716,81.56424581005587,1.0,Low
Santa Lucia,3,1,1,6238.88888888889,Graduated,High,28974,54.742576372569964,2.690058479532164,7.24787740733071,82.38636363636364,1.0,High
Santa Lucia,4,1,1,5542.5,Graduated,High,28974,54.742576372569964,2.690058479532164,7.24787740733071,82.38636363636364,1.0,High
Santa Monica,7,3,2,1000.95238095238,Active,Low,52203,90.8422899758719,0.7118879499942123,4.061069287205716,81.56424581005587,0.6666666666666666,Low
Greater Lagro,5,3,2,2306.66666666666,Active,Middle,24104,22.779136104319477,2.269930841359413,17.465980750082974,90.0,0.6666666666666666,Middle
Greater Lagro,7,5,4,1935.71428571428,Active,Low,24104,22.779136104319477,2.269930841359413,17.465980750082974,90.0,0.8,Low
North Fairview,4,3,2,2637.5,Active,Middle,47019,187.98309548600477,5.879571248423708,4.211063612582148,76.92307692307693,0.6666666666666666,Middle
Greater Lagro,4,2,1,3337.5,Active,High,24104,22.779136104319477,2.269930841359413,17.465980750082974,90.0,0.5,High
Greater Lagro,8,5,2,1560.41666666666,Active,Low,24104,22.779136104319477,2.269930841359413,17.465980750082974,90.0,0.4,Low
Greater Lagro,6,4,4,1994.44444444444,Active,Low,24104,22.779136104319477,2.269930841359413,17.465980750082974,90.0,1.0,Low
Greater Lagro,6,1,0,6891.66666666666,Active,High,24104,22.779136104319477,2.269930841359413,17.465980750082974,90.0,0.0,High
North Fairview,4,2,2,3737.5,Active,High,47019,187.98309548600477,5.879571248423708,4.211063612582148,76.92307692307693,1.0,Middle
North Fairview,5,3,2,3090.0,Active,Middle,47019,187.98309548600477,5.879571248423708,4.211063612582148,76.92307692307693,0.6666666666666666,Low
Greater Lagro,7,1,1,7542.85714285714,Delisted,High,24104,22.779136104319477,2.269930841359413,17.465980750082974,90.0,1.0,High
Greater Lagro,5,1,1,6096.66666666666,Active,High,24104,22.779136104319477,2.269930841359413,17.465980750082974,90.0,1.0,High
North Fairview,6,4,3,4241.66666666666,Active,High,47019,187.98309548600477,5.879571248423708,4.211063612582148,76.92307692307693,0.75,Low
North Fairview,5,1,1,3390.0,Graduated,High,47019,187.98309548600477,5.879571248423708,4.211063612582148,76.92307692307693,1.0,High
Greater Lagro,6,3,3,2258.33333333333,Active,Middle,24104,22.779136104319477,2.269930841359413,17.465980750082974,90.0,1.0,Middle
North Fairview,7,4,2,2350.0,Active,Middle,47019,187.98309548600477,5.879571248423708,4.211063612582148,76.92307692307693,0.5,Middle
Greater Lagro,7,4,3,5935.71428571428,Active,High,24104,22.779136104319477,2.269930841359413,17.465980750082974,90.0,0.75,Low
Greater Lagro,5,3,3,2376.66666666666,Active,Middle,24104,22.779136104319477,2.269930841359413,17.465980750082974,90.0,1.0,Middle
Santa Lucia,4,2,2,2850.0,Active,Middle,28974,54.742576372569964,2.690058479532164,7.24787740733071,82.38636363636364,1.0,Middle
Greater Lagro,6,4,3,2713.88888888888,Active,Middle,24104,22.779136104319477,2.269930841359413,17.465980750082974,90.0,0.75,Low
Greater Lagro,9,6,3,3150.0,Active,High,24104,22.779136104319477,2.269930841359413,17.465980750082974,90.0,0.5,High
Santa Lucia,7,4,3,2621.42857142857,Active,Middle,28974,54.742576372569964,2.690058479532164,7.24787740733071,82.38636363636364,0.75,Middle
Gulod,4,2,0,4787.5,Active,High,63651,36.28013531452062,1.773208403952544,4.917440417275455,85.99779492833517,0.0,High
Santa Monica,5,3,3,2010.0,Active,Low,52203,90.8422899758719,0.7118879499942123,4.061069287205716,81.56424581005587,1.0,Low
Santa Monica,5,3,3,1290.0,Active,Low,52203,90.8422899758719,0.7118879499942123,4.061069287205716,81.56424581005587,1.0,Low
Santa Monica,3,3,2,3605.55555555555,Active,High,52203,90.8422899758719,0.7118879499942123,4.061069287205716,81.56424581005587,0.6666666666666666,Low
Gulod,6,4,4,3063.88888888888,Active,Middle,63651,36.28013531452062,1.773208403952544,4.917440417275455,85.99779492833517,1.0,Middle
Gulod,4,2,2,4371.66666666666,Graduated,High,63651,36.28013531452062,1.773208403952544,4.917440417275455,85.99779492833517,1.0,High
Gulod,5,3,2,3490.0,Graduated,High,63651,36.28013531452062,1.773208403952544,4.917440417275455,85.99779492833517,0.6666666666666666,High
Gulod,4,2,2,5812.5,Active,High,63651,36.28013531452062,1.773208403952544,4.917440417275455,85.99779492833517,1.0,High
Gulod,4,1,1,6862.5,Graduated,High,63651,36.28013531452062,1.773208403952544,4.917440417275455,85.99779492833517,1.0,High
Gulod,5,2,2,9090.0,Graduated,High,63651,36.28013531452062,1.773208403952544,4.917440417275455,85.99779492833517,1.0,High
Gulod,3,2,2,4816.66666666666,Graduated,High,63651,36.28013531452062,1.773208403952544,4.917440417275455,85.99779492833517,1.0,High
Gulod,5,2,2,3690.0,Graduated,High,63651,36.28013531452062,1.773208403952544,4.917440417275455,85.99779492833517,1.0,High
Gulod,4,3,3,4305.0,Graduated,High,63651,36.28013531452062,1.773208403952544,4.917440417275455,85.99779492833517,1.0,High
Gulod,8,4,3,3806.25,Graduated,High,63651,36.28013531452062,1.773208403952544,4.917440417275455,85.99779492833517,0.75,High
Gulod,5,4,2,4890.0,Graduated,High,63651,36.28013531452062,1.773208403952544,4.917440417275455,85.99779492833517,0.5,High
Gulod,5,2,1,4890.0,Graduated,High,63651,36.28013531452062,1.773208403952544,4.917440417275455,85.99779492833517,0.5,High
Gulod,4,2,2,4537.5,Graduated,High,63651,36.28013531452062,1.773208403952544,4.917440417275455,85.99779492833517,1.0,High
Gulod,5,3,3,4090.0,Graduated,High,63651,36.28013531452062,1.773208403952544,4.917440417275455,85.99779492833517,1.0,High
Bagbag,5,2,1,3394.0,Active,High,66268,70.79821644887755,2.497950597806753,4.783605963662703,85.5813953488372,0.5,Middle
Bagbag,5,3,3,5150.0,Active,High,66268,70.79821644887755,2.497950597806753,4.783605963662703,85.5813953488372,1.0,Middle
San Agustin,9,5,3,2082.96296296296,Active,Low,26034,24.863309352517984,2.6779727864326563,8.873012214796036,86.71875,0.6,Low
Bagbag,4,2,2,3775.0,Active,High,66268,70.79821644887755,2.497950597806753,4.783605963662703,85.5813953488372,1.0,High
Bagbag,5,3,3,2400.0,Active,Middle,66268,70.79821644887755,2.497950597806753,4.783605963662703,85.5813953488372,1.0,Middle
Gulod,5,3,1,2490.0,Active,Middle,63651,36.28013531452062,1.773208403952544,4.917440417275455,85.99779492833517,0.3333333333333333,Middle
Gulod,4,2,1,3612.5,Graduated,High,63651,36.28013531452062,1.773208403952544,4.917440417275455,85.99779492833517,0.5,High
Gulod,3,1,1,2872.22222222222,Active,Middle,63651,36.28013531452062,1.773208403952544,4.917440417275455,85.99779492833517,1.0,High
Bagbag,6,4,2,5730.55555555555,Active,High,66268,70.79821644887755,2.497950597806753,4.783605963662703,85.5813953488372,0.5,Middle
Gulod,4,2,2,6362.5,Graduated,High,63651,36.28013531452062,1.773208403952544,4.917440417275455,85.99779492833517,1.0,High
Gulod,4,1,1,8820.0,Graduated,High,63651,36.28013531452062,1.773208403952544,4.917440417275455,85.99779492833517,1.0,High
Gulod,5,3,3,7873.0,Graduated,High,63651,36.28013531452062,1.773208403952544,4.917440417275455,85.99779492833517,1.0,High
Gulod,5,3,3,7056.0,Graduated,High,63651,36.28013531452062,1.773208403952544,4.917440417275455,85.99779492833517,1.0,High
Gulod,5,3,3,2490.0,Active,Middle,63651,36.28013531452062,1.773208403952544,4.917440417275455,85.99779492833517,1.0,Middle
Santa Monica,5,2,2,1186.66666666666,Active,Low,52203,90.8422899758719,0.7118879499942123,4.061069287205716,81.56424581005587,1.0,Low
Santa Monica,6,2,2,1358.33333333333,Active,Low,52203,90.8422899758719,0.7118879499942123,4.061069287205716,81.56424581005587,1.0,Low
Santa Monica,5,2,2,1203.33333333333,Active,Low,52203,90.8422899758719,0.7118879499942123,4.061069287205716,81.56424581005587,1.0,Low
Santa Monica,4,2,2,887.5,Active,Low,52203,90.8422899758719,0.7118879499942123,4.061069287205716,81.56424581005587,1.0,Low
Santa Monica,4,1,1,2183.33333333333,Active,Low,52203,90.8422899758719,0.7118879499942123,4.061069287205716,81.56424581005587,1.0,Low
Gulod,5,3,3,7056.0,Graduated,High,63651,36.28013531452062,1.773208403952544,4.917440417275455,85.99779492833517,1.0,High
Gulod,4,1,1,4466.25,Graduated,High,63651,36.28013531452062,1.773208403952544,4.917440417275455,85.99779492833517,1.0,High
Gulod,5,3,3,3623.0,Graduated,High,63651,36.28013531452062,1.773208403952544,4.917440417275455,85.99779492833517,1.0,High
Santa Monica,4,1,1,1045.83333333333,Active,Low,52203,90.8422899758719,0.7118879499942123,4.061069287205716,81.56424581005587,1.0,Low
Gulod,4,1,1,5858.75,Graduated,High,63651,36.28013531452062,1.773208403952544,4.917440417275455,85.99779492833517,1.0,High
Santa Monica,3,1,0,1450.0,Delisted,Low,52203,90.8422899758719,0.7118879499942123,4.061069287205716,81.56424581005587,0.0,Low
Santa Monica,2,2,1,2008.33333333333,Active,Low,52203,90.8422899758719,0.7118879499942123,4.061069287205716,81.56424581005587,0.5,Low
Santa Monica,4,1,1,7207.5,Active,High,52203,90.8422899758719,0.7118879499942123,4.061069287205716,81.56424581005587,1.0,Low
Santa Monica,5,2,2,4963.33333333333,Graduated,High,52203,90.8422899758719,0.7118879499942123,4.061069287205716,81.56424581005587,1.0,High
Santa Monica,3,2,1,1394.44444444444,Active,Low,52203,90.8422899758719,0.7118879499942123,4.061069287205716,81.56424581005587,0.5,Low
Santa Monica,6,2,1,1358.33333333333,Inactive,Low,52203,90.8422899758719,0.7118879499942123,4.061069287205716,81.56424581005587,0.5,Low
Santa Monica,7,4,2,2997.14285714285,Active,Middle,52203,90.8422899758719,0.7118879499942123,4.061069287205716,81.56424581005587,0.5,Low
Santa Monica,4,2,2,1162.5,Active,Low,52203,90.8422899758719,0.7118879499942123,4.061069287205716,81.56424581005587,1.0,Low
Santa Monica,8,5,4,2208.33333333333,Active,Middle,52203,90.8422899758719,0.7118879499942123,4.061069287205716,81.56424581005587,0.8,Low
Santa Monica,6,1,1,1383.33333333333,Active,Low,52203,90.8422899758719,0.7118879499942123,4.061069287205716,81.56424581005587,1.0,Low
Santa Monica,5,3,1,2173.33333333333,Delisted,Low,52203,90.8422899758719,0.7118879499942123,4.061069287205716,81.56424581005587,0.3333333333333333,Low
Santa Monica,4,3,2,1162.5,Active,Low,52203,90.8422899758719,0.7118879499942123,4.061069287205716,81.56424581005587,0.6666666666666666,Low
Santa Monica,6,2,2,1302.77777777777,Active,Low,52203,90.8422899758719,0.7118879499942123,4.061069287205716,81.56424581005587,1.0,Low
Santa Monica,6,2,2,5019.44444444444,Active,High,52203,90.8422899758719,0.7118879499942123,4.061069287205716,81.56424581005587,1.0,Low
Santa Monica,5,2,1,2733.33333333333,Active,Middle,52203,90.8422899758719,0.7118879499942123,4.061069287205716,81.56424581005587,0.5,Low
San Agustin,7,2,2,3373.80952380952,Active,High,26034,24.863309352517984,2.6779727864326563,8.873012214796036,86.71875,1.0,Low
San Agustin,9,1,1,4577.77777777777,Delisted,High,26034,24.863309352517984,2.6779727864326563,8.873012214796036,86.71875,1.0,High
San Agustin,5,3,3,3140.0,Active,Middle,26034,24.863309352517984,2.6779727864326563,8.873012214796036,86.71875,1.0,Middle
San Agustin,6,2,2,3119.44444444444,Active,Middle,26034,24.863309352517984,2.6779727864326563,8.873012214796036,86.71875,1.0,Middle
San Agustin,7,3,3,3959.5238095238,Graduated,High,26034,24.863309352517984,2.6779727864326563,8.873012214796036,86.71875,1.0,High
Gulod,4,2,2,3862.5,Graduated,High,63651,36.28013531452062,1.773208403952544,4.917440417275455,85.99779492833517,1.0,High
Gulod,5,2,1,10090.0,Graduated,High,63651,36.28013531452062,1.773208403952544,4.917440417275455,85.99779492833517,0.5,High
Gulod,4,3,3,4154.16666666666,Graduated,High,63651,36.28013531452062,1.773208403952544,4.917440417275455,85.99779492833517,1.0,High
Bagbag,5,3,3,4270.0,Active,High,66268,70.79821644887755,2.497950597806753,4.783605963662703,85.5813953488372,1.0,Middle
Gulod,7,5,3,2721.42857142857,Active,Middle,63651,36.28013531452062,1.773208403952544,4.917440417275455,85.99779492833517,0.6,Middle
Gulod,5,2,2,6761.33333333333,Graduated,High,63651,36.28013531452062,1.773208403952544,4.917440417275455,85.99779492833517,1.0,High
Nagkaisang Nayon,6,4,3,3075.0,Active,Middle,54477,41.13943727654283,1.2941373347464717,1.156451346439782,74.24242424242425,0.75,Middle
Bagbag,4,4,4,6000.0,Active,High,66268,70.79821644887755,2.497950597806753,4.783605963662703,85.5813953488372,1.0,Middle
Capri,5,3,3,3870.0,Active,High,12940,10.466108929486087,0.2867550182128187,,84.23236514522821,1.0,High
Gulod,4,1,1,4784.16666666666,Graduated,High,63651,36.28013531452062,1.773208403952544,4.917440417275455,85.99779492833517,1.0,High
Nagkaisang Nayon,7,5,4,2064.28571428571,Active,Low,54477,41.13943727654283,1.2941373347464717,1.156451346439782,74.24242424242425,0.8,Low
Santa Lucia,4,2,2,6042.5,Graduated,High,28974,54.742576372569964,2.690058479532164,7.24787740733071,82.38636363636364,1.0,High
Nagkaisang Nayon,6,4,4,3041.66666666666,Active,Middle,54477,41.13943727654283,1.2941373347464717,1.156451346439782,74.24242424242425,1.0,Low
Gulod,5,1,1,6290.0,Graduated,High,63651,36.28013531452062,1.773208403952544,4.917440417275455,85.99779492833517,1.0,High
Nagkaisang Nayon,5,3,3,3186.0,Active,High,54477,41.13943727654283,1.2941373347464717,1.156451346439782,74.24242424242425,1.0,Middle
Nagkaisang Nayon,5,3,3,4090.0,Active,High,54477,41.13943727654283,1.2941373347464717,1.156451346439782,74.24242424242425,1.0,Middle
Santa Lucia,4,2,2,21887.5,Graduated,High,28974,54.742576372569964,2.690058479532164,7.24787740733071,82.38636363636364,1.0,High
Capri,5,3,3,1500.0,Active,Low,12940,10.466108929486087,0.2867550182128187,,84.23236514522821,1.0,High
Bagbag,5,3,2,3936.66666666666,Active,High,66268,70.79821644887755,2.497950597806753,4.783605963662703,85.5813953488372,0.6666666666666666,Middle
Bagbag,4,3,2,4429.16666666666,Active,High,66268,70.79821644887755,2.497950597806753,4.783605963662703,85.5813953488372,0.6666666666666666,Middle
Santa Lucia,7,3,2,5435.71428571428,Active,High,28974,54.742576372569964,2.690058479532164,7.24787740733071,82.38636363636364,0.6666666666666666,Middle
Capri,6,4,3,3750.0,Active,High,12940,10.466108929486087,0.2867550182128187,,84.23236514522821,0.75,Middle
Capri,6,3,3,1336.11111111111,Active,Low,12940,10.466108929486087,0.2867550182128187,,84.23236514522821,1.0,Low
San Agustin,7,2,2,4200.0,Active,High,26034,24.863309352517984,2.6779727864326563,8.873012214796036,86.71875,1.0,Low
San Agustin,7,2,2,2135.71428571428,Active,Low,26034,24.863309352517984,2.6779727864326563,8.873012214796036,86.71875,1.0,Low
San Agustin,7,3,3,2683.33333333333,Active,Middle,26034,24.863309352517984,2.6779727864326563,8.873012214796036,86.71875,1.0,Middle
San Agustin,6,4,3,2391.66666666666,Active,Middle,26034,24.863309352517984,2.6779727864326563,8.873012214796036,86.71875,0.75,Low
San Agustin,6,4,3,2194.44444444444,Active,Low,26034,24.863309352517984,2.6779727864326563,8.873012214796036,86.71875,0.75,Low
Gulod,5,3,3,4206.66666666666,Graduated,High,63651,36.28013531452062,1.773208403952544,4.917440417275455,85.99779492833517,1.0,High
Gulod,4,1,0,3054.16666666666,Active,Middle,63651,36.28013531452062,1.773208403952544,4.917440417275455,85.99779492833517,0.0,Low
Gulod,5,3,3,5660.66666666666,Graduated,High,63651,36.28013531452062,1.773208403952544,4.917440417275455,85.99779492833517,1.0,High
Gulod,4,2,0,3712.5,Graduated,High,63651,36.28013531452062,1.773208403952544,4.917440417275455,85.99779492833517,0.0,High
Gulod,5,2,2,2156.66666666666,Active,Low,63651,36.28013531452062,1.773208403952544,4.917440417275455,85.99779492833517,1.0,High
San Agustin,2,1,1,8766.66666666666,Active,High,26034,24.863309352517984,2.6779727864326563,8.873012214796036,86.71875,1.0,High
Gulod,4,2,2,1395.83333333333,Active,Low,63651,36.28013531452062,1.773208403952544,4.917440417275455,85.99779492833517,1.0,High
Gulod,4,2,2,2679.16666666666,Active,Middle,63651,36.28013531452062,1.773208403952544,4.917440417275455,85.99779492833517,1.0,High
San Agustin,4,2,2,4883.33333333333,Active,High,26034,24.863309352517984,2.6779727864326563,8.873012214796036,86.71875,1.0,High
Gulod,5,3,3,2590.0,Active,Middle,63651,36.28013531452062,1.773208403952544,4.917440417275455,85.99779492833517,1.0,Middle
Gulod,4,2,2,3212.5,Graduated,High,63651,36.28013531452062,1.773208403952544,4.917440417275455,85.99779492833517,1.0,High
San Agustin,7,5,4,4126.19047619047,Graduated,High,26034,24.863309352517984,2.6779727864326563,8.873012214796036,86.71875,0.8,High
Gulod,6,2,1,2519.44444444444,Active,Middle,63651,36.28013531452062,1.773208403952544,4.917440417275455,85.99779492833517,0.5,Low
Gulod,4,2,2,3362.5,Graduated,High,63651,36.28013531452062,1.773208403952544,4.917440417275455,85.99779492833517,1.0,High
San Agustin,7,4,2,1192.85714285714,Active,Low,26034,24.863309352517984,2.6779727864326563,8.873012214796036,86.71875,0.5,Low
Gulod,4,1,1,2547.5,Active,Middle,63651,36.28013531452062,1.773208403952544,4.917440417275455,85.99779492833517,1.0,High
Gulod,6,2,2,1691.66666666666,Active,Low,63651,36.28013531452062,1.773208403952544,4.917440417275455,85.99779492833517,1.0,Middle
San Agustin,3,2,1,5155.55555555555,Active,High,26034,24.863309352517984,2.6779727864326563,8.873012214796036,86.71875,0.5,High
San Agustin,6,6,3,4041.66666666666,Active,High,26034,24.863309352517984,2.6779727864326563,8.873012214796036,86.71875,0.5,High
San Agustin,2,1,1,3666.66666666666,Active,High,26034,24.863309352517984,2.6779727864326563,8.873012214796036,86.71875,1.0,High
San Agustin,5,2,0,1640.0,Active,Low,26034,24.863309352517984,2.6779727864326563,8.873012214796036,86.71875,0.0,Low
San Agustin,7,3,2,3557.14285714285,Active,High,26034,24.863309352517984,2.6779727864326563,8.873012214796036,86.71875,0.6666666666666666,Middle
Fairview,4,2,1,4324.16666666666,Active,High,63913,110.71145984438877,3.3973436008606606,5.851704661023579,82.78145695364239,0.5,High
San Agustin,8,2,2,7703.75,Graduated,High,26034,24.863309352517984,2.6779727864326563,8.873012214796036,86.71875,1.0,High
San Agustin,3,2,2,5438.88888888888,Active,High,26034,24.863309352517984,2.6779727864326563,8.873012214796036,86.71875,1.0,High
Fairview,6,3,3,2891.66666666666,Active,Middle,63913,110.71145984438877,3.3973436008606606,5.851704661023579,82.78145695364239,1.0,Middle
Fairview,5,1,0,2736.66666666666,Active,Middle,63913,110.71145984438877,3.3973436008606606,5.851704661023579,82.78145695364239,0.0,Middle
San Agustin,8,1,1,6001.25,Graduated,High,26034,24.863309352517984,2.6779727864326563,8.873012214796036,86.71875,1.0,High
Fairview,7,3,3,3809.04761904761,Active,High,63913,110.71145984438877,3.3973436008606606,5.851704661023579,82.78145695364239,1.0,Middle
Fairview,4,2,2,2754.16666666666,Active,Middle,63913,110.71145984438877,3.3973436008606606,5.851704661023579,82.78145695364239,1.0,Middle
Santa Lucia,4,2,2,6529.16666666666,Graduated,High,28974,54.742576372569964,2.690058479532164,7.24787740733071,82.38636363636364,1.0,High
Fairview,6,3,3,4358.33333333333,Active,High,63913,110.71145984438877,3.3973436008606606,5.851704661023579,82.78145695364239,1.0,Middle
Santa Lucia,5,3,3,4665.0,Active,High,28974,54.742576372569964,2.690058479532164,7.24787740733071,82.38636363636364,1.0,High
Santa Lucia,3,1,1,4072.22222222222,Active,High,28974,54.742576372569964,2.690058479532164,7.24787740733071,82.38636363636364,1.0,High
Santa Lucia,7,4,3,2746.42857142857,Active,Middle,28974,54.742576372569964,2.690058479532164,7.24787740733071,82.38636363636364,0.75,Middle
Santa Lucia,4,2,2,5147.91666666666,Active,High,28974,54.742576372569964,2.690058479532164,7.24787740733071,82.38636363636364,1.0,Middle
Santa Lucia,5,3,3,3110.0,Active,Middle,28974,54.742576372569964,2.690058479532164,7.24787740733071,82.38636363636364,1.0,High
Santa Lucia,3,2,2,7105.55555555555,Active,High,28974,54.742576372569964,2.690058479532164,7.24787740733071,82.38636363636364,1.0,High
Santa Lucia,5,3,3,2636.66666666666,Active,Middle,28974,54.742576372569964,2.690058479532164,7.24787740733071,82.38636363636364,1.0,High
Santa Lucia,7,2,2,2813.09523809523,Active,Middle,28974,54.742576372569964,2.690058479532164,7.24787740733071,82.38636363636364,1.0,High
Santa Lucia,7,1,1,4189.28571428571,Active,High,28974,54.742576372569964,2.690058479532164,7.24787740733071,82.38636363636364,1.0,High
Santa Lucia,4,1,1,5587.5,Graduated,High,28974,54.742576372569964,2.690058479532164,7.24787740733071,82.38636363636364,1.0,High
Santa Lucia,7,3,3,2611.90476190476,Active,Middle,28974,54.742576372569964,2.690058479532164,7.24787740733071,82.38636363636364,1.0,High
Santa Lucia,7,5,3,3284.5238095238,Active,High,28974,54.742576372569964,2.690058479532164,7.24787740733071,82.38636363636364,0.6,Middle
Santa Lucia,5,2,2,7340.0,Graduated,High,28974,54.742576372569964,2.690058479532164,7.24787740733071,82.38636363636364,1.0,High
Santa Lucia,3,1,1,5466.66666666666,Active,High,28974,54.742576372569964,2.690058479532164,7.24787740733071,82.38636363636364,1.0,High
Bagbag,6,2,2,3613.88888888888,Active,High,66268,70.79821644887755,2.497950597806753,4.783605963662703,85.5813953488372,1.0,Low
North Fairview,4,1,1,6370.0,Delisted,High,47019,187.98309548600477,5.879571248423708,4.211063612582148,76.92307692307693,1.0,High
Santa Lucia,4,1,1,3345.0,Graduated,High,28974,54.742576372569964,2.690058479532164,7.24787740733071,82.38636363636364,1.0,High
Bagbag,5,3,2,1513.33333333333,Active,Low,66268,70.79821644887755,2.497950597806753,4.783605963662703,85.5813953488372,0.6666666666666666,Middle
Santa Monica,4,2,2,4782.5,Active,High,52203,90.8422899758719,0.7118879499942123,4.061069287205716,81.56424581005587,1.0,Low
Santa Monica,10,3,3,2681.66666666666,Active,Middle,52203,90.8422899758719,0.7118879499942123,4.061069287205716,81.56424581005587,1.0,Middle
Bagbag,7,1,1,4309.52380952381,Active,High,66268,70.79821644887755,2.497950597806753,4.783605963662703,85.5813953488372,1.0,High
Bagbag,8,2,1,2725.0,Active,Middle,66268,70.79821644887755,2.497950597806753,4.783605963662703,85.5813953488372,0.5,Middle
Bagbag,7,2,2,2033.33333333333,Active,Low,66268,70.79821644887755,2.497950597806753,4.783605963662703,85.5813953488372,1.0,Middle
Nagkaisang Nayon,3,1,1,5816.66666666666,Graduated,High,54477,41.13943727654283,1.2941373347464717,1.156451346439782,74.24242424242425,1.0,High
Nagkaisang Nayon,3,1,1,5150.0,Active,High,54477,41.13943727654283,1.2941373347464717,1.156451346439782,74.24242424242425,1.0,Middle
Nagkaisang Nayon,5,3,2,2866.66666666666,Delisted,Middle,54477,41.13943727654283,1.2941373347464717,1.156451346439782,74.24242424242425,0.6666666666666666,Middle
Nagkaisang Nayon,3,2,1,4283.33333333333,Active,High,54477,41.13943727654283,1.2941373347464717,1.156451346439782,74.24242424242425,0.5,High
Nagkaisang Nayon,4,2,2,6737.5,Graduated,High,54477,41.13943727654283,1.2941373347464717,1.156451346439782,74.24242424242425,1.0,High
Nagkaisang Nayon,3,2,2,7411.11111111111,Graduated,High,54477,41.13943727654283,1.2941373347464717,1.156451346439782,74.24242424242425,1.0,High
Bagbag,9,2,2,6470.37037037036,Active,High,66268,70.79821644887755,2.497950597806753,4.783605963662703,85.5813953488372,1.0,Middle
Nagkaisang Nayon,7,3,2,4775.71428571428,Active,High,54477,41.13943727654283,1.2941373347464717,1.156451346439782,74.24242424242425,0.6666666666666666,Middle
Nagkaisang Nayon,7,1,1,3136.19047619047,Delisted,Middle,54477,41.13943727654283,1.2941373347464717,1.156451346439782,74.24242424242425,1.0,Middle
Nagkaisang Nayon,3,1,1,4116.66666666666,Graduated,High,54477,41.13943727654283,1.2941373347464717,1.156451346439782,74.24242424242425,1.0,High
Nagkaisang Nayon,5,3,2,4290.0,Active,High,54477,41.13943727654283,1.2941373347464717,1.156451346439782,74.24242424242425,0.6666666666666666,Middle
Nagkaisang Nayon,7,3,3,1492.85714285714,Active,Low,54477,41.13943727654283,1.2941373347464717,1.156451346439782,74.24242424242425,1.0,Low
Nagkaisang Nayon,6,4,3,5485.0,Active,High,54477,41.13943727654283,1.2941373347464717,1.156451346439782,74.24242424242425,0.75,Middle
Bagbag,5,2,2,2813.33333333333,Active,Middle,66268,70.79821644887755,2.497950597806753,4.783605963662703,85.5813953488372,1.0,High
San Bartolome,4,1,0,6052.5,Active,High,51472,38.59658570736173,0.6334558536013138,1.3988187752564503,83.91608391608392,0.0,High
Capri,6,3,1,1241.66666666666,Active,Low,12940,10.466108929486087,0.2867550182128187,,84.23236514522821,0.3333333333333333,Low
Bagbag,5,2,1,5846.66666666666,Active,High,66268,70.79821644887755,2.497950597806753,4.783605963662703,85.5813953488372,0.5,Middle
Capri,6,3,3,3261.11111111111,Active,High,12940,10.466108929486087,0.2867550182128187,,84.23236514522821,1.0,Low
San Bartolome,6,3,3,2275.0,Active,Middle,51472,38.59658570736173,0.6334558536013138,1.3988187752564503,83.91608391608392,1.0,Low
San Bartolome,5,4,2,2670.0,Active,Middle,51472,38.59658570736173,0.6334558536013138,1.3988187752564503,83.91608391608392,0.5,Middle
San Bartolome,6,2,1,2905.55555555555,Active,Middle,51472,38.59658570736173,0.6334558536013138,1.3988187752564503,83.91608391608392,0.5,Low
Capri,10,6,3,2971.66666666666,Active,Middle,12940,10.466108929486087,0.2867550182128187,,84.23236514522821,0.5,Middle
San Bartolome,5,3,3,6803.33333333333,Active,High,51472,38.59658570736173,0.6334558536013138,1.3988187752564503,83.91608391608392,1.0,Low
Pasong Putik Proper,6,3,3,2900.0,Active,Middle,40919,96.68813689675062,2.5641668337677963,3.690217258486278,79.58477508650519,1.0,Middle
San Bartolome,6,3,2,2750.0,Active,Middle,51472,38.59658570736173,0.6334558536013138,1.3988187752564503,83.91608391608392,0.6666666666666666,Middle
Capri,4,3,3,4362.5,Active,High,12940,10.466108929486087,0.2867550182128187,,84.23236514522821,1.0,High
Nagkaisang Nayon,6,4,4,2241.66666666666,Active,Middle,54477,41.13943727654283,1.2941373347464717,1.156451346439782,74.24242424242425,1.0,Low
Nagkaisang Nayon,4,4,2,962.5,Active,Low,54477,41.13943727654283,1.2941373347464717,1.156451346439782,74.24242424242425,0.5,Low
San Bartolome,5,3,3,1036.66666666666,Active,Low,51472,38.59658570736173,0.6334558536013138,1.3988187752564503,83.91608391608392,1.0,Low
Nagkaisang Nayon,7,4,2,2921.42857142857,Active,Middle,54477,41.13943727654283,1.2941373347464717,1.156451346439782,74.24242424242425,0.5,Low
Nagkaisang Nayon,4,2,2,3862.5,Active,High,54477,41.13943727654283,1.2941373347464717,1.156451346439782,74.24242424242425,1.0,Middle
Nagkaisang Nayon,8,6,5,2154.16666666666,Active,Low,54477,41.13943727654283,1.2941373347464717,1.156451346439782,74.24242424242425,0.8333333333333334,Low
Nagkaisang Nayon,7,6,4,1102.38095238095,Active,Low,54477,41.13943727654283,1.2941373347464717,1.156451346439782,74.24242424242425,0.6666666666666666,Low
Nagkaisang Nayon,4,3,3,1279.16666666666,Active,Low,54477,41.13943727654283,1.2941373347464717,1.156451346439782,74.24242424242425,1.0,Low
Nagkaisang Nayon,5,3,3,1283.33333333333,Active,Low,54477,41.13943727654283,1.2941373347464717,1.156451346439782,74.24242424242425,1.0,Middle
Nagkaisang Nayon,7,5,3,3850.0,Active,High,54477,41.13943727654283,1.2941373347464717,1.156451346439782,74.24242424242425,0.6,Middle
Capri,4,2,2,3383.33333333333,Active,High,12940,10.466108929486087,0.2867550182128187,,84.23236514522821,1.0,High
North Fairview,3,3,2,1872.22222222222,Active,Low,47019,187.98309548600477,5.879571248423708,4.211063612582148,76.92307692307693,0.6666666666666666,Low
North Fairview,4,2,2,4112.5,Graduated,High,47019,187.98309548600477,5.879571248423708,4.211063612582148,76.92307692307693,1.0,High
Capri,7,5,4,1278.57142857142,Active,Low,12940,10.466108929486087,0.2867550182128187,,84.23236514522821,0.8,Low
Gulod,6,6,4,3780.55555555555,Active,High,63651,36.28013531452062,1.773208403952544,4.917440417275455,85.99779492833517,0.6666666666666666,Middle
North Fairview,6,4,4,825.0,Active,Low,47019,187.98309548600477,5.879571248423708,4.211063612582148,76.92307692307693,1.0,Middle
San Bartolome,6,4,3,6141.66666666666,Active,High,51472,38.59658570736173,0.6334558536013138,1.3988187752564503,83.91608391608392,0.75,Low
Nagkaisang Nayon,6,4,3,2575.0,Active,Middle,54477,41.13943727654283,1.2941373347464717,1.156451346439782,74.24242424242425,0.75,Middle
Nagkaisang Nayon,4,2,2,2612.5,Active,Middle,54477,41.13943727654283,1.2941373347464717,1.156451346439782,74.24242424242425,1.0,Middle
Nagkaisang Nayon,7,4,2,1092.85714285714,Active,Low,54477,41.13943727654283,1.2941373347464717,1.156451346439782,74.24242424242425,0.5,Low
Nagkaisang Nayon,7,3,3,1730.95238095238,Active,Low,54477,41.13943727654283,1.2941373347464717,1.156451346439782,74.24242424242425,1.0,Low
San Bartolome,7,4,4,2657.14285714285,Active,Middle,51472,38.59658570736173,0.6334558536013138,1.3988187752564503,83.91608391608392,1.0,Middle
San Bartolome,5,3,3,2816.66666666666,Active,Middle,51472,38.59658570736173,0.6334558536013138,1.3988187752564503,83.91608391608392,1.0,Low
Pasong Putik Proper,7,4,4,2721.42857142857,Active,Middle,40919,96.68813689675062,2.5641668337677963,3.690217258486278,79.58477508650519,1.0,Middle
Bagbag,5,2,2,4340.0,Active,High,66268,70.79821644887755,2.497950597806753,4.783605963662703,85.5813953488372,1.0,High
San Bartolome,8,3,3,4578.75,Active,High,51472,38.59658570736173,0.6334558536013138,1.3988187752564503,83.91608391608392,1.0,Low
San Bartolome,4,1,1,8760.83333333333,Active,High,51472,38.59658570736173,0.6334558536013138,1.3988187752564503,83.91608391608392,1.0,High
San Bartolome,3,2,2,3561.11111111111,Active,High,51472,38.59658570736173,0.6334558536013138,1.3988187752564503,83.91608391608392,1.0,Middle
San Bartolome,4,2,1,8099.16666666666,Active,High,51472,38.59658570736173,0.6334558536013138,1.3988187752564503,83.91608391608392,0.5,High
San Agustin,3,1,1,5844.44444444444,Active,High,26034,24.863309352517984,2.6779727864326563,8.873012214796036,86.71875,1.0,High
Capri,6,5,2,2925.0,Active,Middle,12940,10.466108929486087,0.2867550182128187,,84.23236514522821,0.4,Middle
Capri,6,2,2,2102.77777777777,Active,Low,12940,10.466108929486087,0.2867550182128187,,84.23236514522821,1.0,Low
Capri,4,3,2,3720.83333333333,Active,High,12940,10.466108929486087,0.2867550182128187,,84.23236514522821,0.6666666666666666,Middle
Capri,5,2,2,2863.33333333333,Active,Middle,12940,10.466108929486087,0.2867550182128187,,84.23236514522821,1.0,Low
Capri,5,3,3,3264.66666666666,Active,High,12940,10.466108929486087,0.2867550182128187,,84.23236514522821,1.0,High
Capri,4,2,2,2312.5,Active,Middle,12940,10.466108929486087,0.2867550182128187,,84.23236514522821,1.0,High
Capri,5,3,3,4416.66666666666,Active,High,12940,10.466108929486087,0.2867550182128187,,84.23236514522821,1.0,High
Capri,5,3,3,3516.66666666666,Active,High,12940,10.466108929486087,0.2867550182128187,,84.23236514522821,1.0,High
Capri,4,1,1,2962.5,Active,Middle,12940,10.466108929486087,0.2867550182128187,,84.23236514522821,1.0,Middle
Capri,7,4,4,2369.04761904761,Active,Middle,12940,10.466108929486087,0.2867550182128187,,84.23236514522821,1.0,Middle
Capri,5,2,2,2616.66666666666,Active,Middle,12940,10.466108929486087,0.2867550182128187,,84.23236514522821,1.0,Low
San Bartolome,8,2,2,1356.25,Active,Low,51472,38.59658570736173,0.6334558536013138,1.3988187752564503,83.91608391608392,1.0,Low
San Bartolome,5,2,2,3156.66666666666,Active,High,51472,38.59658570736173,0.6334558536013138,1.3988187752564503,83.91608391608392,1.0,Middle
San Bartolome,4,2,2,3515.58333333333,Active,High,51472,38.59658570736173,0.6334558536013138,1.3988187752564503,83.91608391608392,1.0,High
San Bartolome,4,1,1,1537.5,Active,Low,51472,38.59658570736173,0.6334558536013138,1.3988187752564503,83.91608391608392,1.0,High
Nagkaisang Nayon,6,4,3,2075.0,Active,Low,54477,41.13943727654283,1.2941373347464717,1.156451346439782,74.24242424242425,0.75,Middle
Nagkaisang Nayon,5,3,2,2490.0,Active,Middle,54477,41.13943727654283,1.2941373347464717,1.156451346439782,74.24242424242425,0.6666666666666666,Middle
Nagkaisang Nayon,6,4,3,1341.66666666666,Active,Low,54477,41.13943727654283,1.2941373347464717,1.156451346439782,74.24242424242425,0.75,Middle
Nagkaisang Nayon,9,6,4,1461.11111111111,Active,Low,54477,41.13943727654283,1.2941373347464717,1.156451346439782,74.24242424242425,0.6666666666666666,Low
Nagkaisang Nayon,6,4,4,1941.66666666666,Active,Low,54477,41.13943727654283,1.2941373347464717,1.156451346439782,74.24242424242425,1.0,Low
Nagkaisang Nayon,5,4,4,1690.0,Active,Low,54477,41.13943727654283,1.2941373347464717,1.156451346439782,74.24242424242425,1.0,Low
Pasong Putik Proper,7,6,3,2185.71428571428,Active,Low,40919,96.68813689675062,2.5641668337677963,3.690217258486278,79.58477508650519,0.5,Low
Nagkaisang Nayon,7,4,4,2492.85714285714,Active,Middle,54477,41.13943727654283,1.2941373347464717,1.156451346439782,74.24242424242425,1.0,Low
Nagkaisang Nayon,5,3,3,2670.0,Active,Middle,54477,41.13943727654283,1.2941373347464717,1.156451346439782,74.24242424242425,1.0,Middle
Nagkaisang Nayon,7,3,3,2064.28571428571,Active,Low,54477,41.13943727654283,1.2941373347464717,1.156451346439782,74.24242424242425,1.0,Low
Nagkaisang Nayon,6,5,3,6241.66666666666,Active,High,54477,41.13943727654283,1.2941373347464717,1.156451346439782,74.24242424242425,0.6,Middle
Nagkaisang Nayon,6,4,2,2075.0,Active,Low,54477,41.13943727654283,1.2941373347464717,1.156451346439782,74.24242424242425,0.5,Low
San Bartolome,5,2,2,4236.66666666666,Active,High,51472,38.59658570736173,0.6334558536013138,1.3988187752564503,83.91608391608392,1.0,Middle
Pasong Putik Proper,5,4,2,4026.66666666666,Active,High,40919,96.68813689675062,2.5641668337677963,3.690217258486278,79.58477508650519,0.5,Low
San Bartolome,6,4,4,2547.22222222222,Active,Middle,51472,38.59658570736173,0.6334558536013138,1.3988187752564503,83.91608391608392,1.0,Middle
Santa Monica,7,3,3,1435.71428571428,Active,Low,52203,90.8422899758719,0.7118879499942123,4.061069287205716,81.56424581005587,1.0,Low
San Bartolome,6,2,2,3225.0,Active,High,51472,38.59658570736173,0.6334558536013138,1.3988187752564503,83.91608391608392,1.0,Middle
San Bartolome,3,2,2,2650.0,Active,Middle,51472,38.59658570736173,0.6334558536013138,1.3988187752564503,83.91608391608392,1.0,Middle
Capri,5,3,3,6476.66666666666,Active,High,12940,10.466108929486087,0.2867550182128187,,84.23236514522821,1.0,High
San Bartolome,4,2,1,5370.83333333333,Active,High,51472,38.59658570736173,0.6334558536013138,1.3988187752564503,83.91608391608392,0.5,High
Santa Monica,7,3,3,1276.19047619047,Active,Low,52203,90.8422899758719,0.7118879499942123,4.061069287205716,81.56424581005587,1.0,Low
Pasong Putik Proper,7,3,3,3150.0,Active,High,40919,96.68813689675062,2.5641668337677963,3.690217258486278,79.58477508650519,1.0,Middle
Capri,8,4,4,3585.41666666666,Active,High,12940,10.466108929486087,0.2867550182128187,,84.23236514522821,1.0,Middle
San Bartolome,5,3,3,5576.66666666666,Active,High,51472,38.59658570736173,0.6334558536013138,1.3988187752564503,83.91608391608392,1.0,Low
Pasong Putik Proper,8,2,2,3930.20833333333,Active,High,40919,96.68813689675062,2.5641668337677963,3.690217258486278,79.58477508650519,1.0,Middle
San Bartolome,6,4,4,3036.11111111111,Active,Middle,51472,38.59658570736173,0.6334558536013138,1.3988187752564503,83.91608391608392,1.0,Middle
Pasong Putik Proper,5,3,3,5830.0,Active,High,40919,96.68813689675062,2.5641668337677963,3.690217258486278,79.58477508650519,1.0,High
Santa Lucia,6,1,1,7650.0,Active,High,28974,54.742576372569964,2.690058479532164,7.24787740733071,82.38636363636364,1.0,High
Santa Lucia,5,2,1,4546.66666666666,Active,High,28974,54.742576372569964,2.690058479532164,7.24787740733071,82.38636363636364,0.5,High
Santa Lucia,4,2,1,3500.0,Active,High,28974,54.742576372569964,2.690058479532164,7.24787740733071,82.38636363636364,0.5,High
Santa Monica,6,3,3,3291.66666666666,Graduated,High,52203,90.8422899758719,0.7118879499942123,4.061069287205716,81.56424581005587,1.0,Low
Capri,8,4,3,2385.41666666666,Active,Middle,12940,10.466108929486087,0.2867550182128187,,84.23236514522821,0.75,Low
Santa Lucia,5,2,2,3000.0,Inactive,Middle,28974,54.742576372569964,2.690058479532164,7.24787740733071,82.38636363636364,1.0,High
Santa Lucia,5,3,3,4280.0,Active,High,28974,54.742576372569964,2.690058479532164,7.24787740733071,82.38636363636364,1.0,High
Capri,5,3,3,5400.0,Active,High,12940,10.466108929486087,0.2867550182128187,,84.23236514522821,1.0,High
Capri,5,2,2,2626.66666666666,Active,Middle,12940,10.466108929486087,0.2867550182128187,,84.23236514522821,1.0,Low
Capri,10,4,3,3343.66666666666,Active,High,12940,10.466108929486087,0.2867550182128187,,84.23236514522821,0.75,High
San Agustin,6,3,3,3025.0,Active,Middle,26034,24.863309352517984,2.6779727864326563,8.873012214796036,86.71875,1.0,Middle
San Agustin,3,1,1,6705.55555555555,Active,High,26034,24.863309352517984,2.6779727864326563,8.873012214796036,86.71875,1.0,High
Gulod,4,2,2,2937.5,Active,Middle,63651,36.28013531452062,1.773208403952544,4.917440417275455,85.99779492833517,1.0,High
Gulod,6,3,3,3121.66666666666,Active,Middle,63651,36.28013531452062,1.773208403952544,4.917440417275455,85.99779492833517,1.0,Middle
Gulod,2,1,1,10875.0,Active,High,63651,36.28013531452062,1.773208403952544,4.917440417275455,85.99779492833517,1.0,High
Gulod,4,2,2,7375.0,Active,High,63651,36.28013531452062,1.773208403952544,4.917440417275455,85.99779492833517,1.0,High
Gulod,3,4,1,2616.66666666666,Active,Middle,63651,36.28013531452062,1.773208403952544,4.917440417275455,85.99779492833517,0.25,Low
Gulod,4,2,2,4837.5,Active,High,63651,36.28013531452062,1.773208403952544,4.917440417275455,85.99779492833517,1.0,High
Gulod,4,2,2,4837.5,Active,High,63651,36.28013531452062,1.773208403952544,4.917440417275455,85.99779492833517,1.0,High
Gulod,3,2,1,3450.0,Delisted,High,63651,36.28013531452062,1.773208403952544,4.917440417275455,85.99779492833517,0.5,High
Gulod,5,3,3,6305.0,Active,High,63651,36.28013531452062,1.773208403952544,4.917440417275455,85.99779492833517,1.0,Middle
Gulod,7,2,1,3600.0,Active,High,63651,36.28013531452062,1.773208403952544,4.917440417275455,85.99779492833517,0.5,Middle
Gulod,3,2,2,6000.0,Active,High,63651,36.28013531452062,1.773208403952544,4.917440417275455,85.99779492833517,1.0,High
Gulod,4,3,3,2500.0,Active,Middle,63651,36.28013531452062,1.773208403952544,4.917440417275455,85.99779492833517,1.0,High
Gulod,5,2,1,7840.0,Active,High,63651,36.28013531452062,1.773208403952544,4.917440417275455,85.99779492833517,0.5,Low
San Agustin,5,5,5,2056.66666666666,Active,Low,26034,24.863309352517984,2.6779727864326563,8.873012214796036,86.71875,1.0,Low
San Agustin,5,3,3,2220.0,Active,Middle,26034,24.863309352517984,2.6779727864326563,8.873012214796036,86.71875,1.0,Middle
San Agustin,6,4,2,3150.0,Active,High,26034,24.863309352517984,2.6779727864326563,8.873012214796036,86.71875,0.5,Middle
San Agustin,6,3,2,2169.44444444444,Active,Low,26034,24.863309352517984,2.6779727864326563,8.873012214796036,86.71875,0.6666666666666666,High
Santa Monica,4,3,3,3029.16666666666,Active,Middle,52203,90.8422899758719,0.7118879499942123,4.061069287205716,81.56424581005587,1.0,Low
San Agustin,3,2,2,5205.55555555555,Active,High,26034,24.863309352517984,2.6779727864326563,8.873012214796036,86.71875,1.0,High
Santa Monica,7,3,3,3480.95238095238,Active,High,52203,90.8422899758719,0.7118879499942123,4.061069287205716,81.56424581005587,1.0,Low
San Agustin,5,2,2,3233.33333333333,Active,High,26034,24.863309352517984,2.6779727864326563,8.873012214796036,86.71875,1.0,High
Santa Monica,4,2,2,3612.5,Active,High,52203,90.8422899758719,0.7118879499942123,4.061069287205716,81.56424581005587,1.0,Low
Santa Monica,7,2,1,2921.42857142857,Active,Middle,52203,90.8422899758719,0.7118879499942123,4.061069287205716,81.56424581005587,0.5,Low
Santa Monica,2,1,1,3225.0,Active,High,52203,90.8422899758719,0.7118879499942123,4.061069287205716,81.56424581005587,1.0,Middle
San Agustin,5,2,2,3090.0,Active,Middle,26034,24.863309352517984,2.6779727864326563,8.873012214796036,86.71875,1.0,High
Santa Monica,5,2,2,2090.0,Active,Low,52203,90.8422899758719,0.7118879499942123,4.061069287205716,81.56424581005587,1.0,Low
San Agustin,4,3,2,6533.33333333333,Active,High,26034,24.863309352517984,2.6779727864326563,8.873012214796036,86.71875,0.6666666666666666,High
San Agustin,3,1,1,5150.0,Active,High,26034,24.863309352517984,2.6779727864326563,8.873012214796036,86.71875,1.0,High
Gulod,4,1,1,6620.0,Delisted,High,63651,36.28013531452062,1.773208403952544,4.917440417275455,85.99779492833517,1.0,High
Gulod,4,1,0,5850.0,Active,High,63651,36.28013531452062,1.773208403952544,4.917440417275455,85.99779492833517,0.0,Low
Gulod,3,1,1,6300.0,Active,High,63651,36.28013531452062,1.773208403952544,4.917440417275455,85.99779492833517,1.0,High
Gulod,5,3,3,7400.0,Delisted,High,63651,36.28013531452062,1.773208403952544,4.917440417275455,85.99779492833517,1.0,Middle
Capri,5,3,3,3180.0,Active,High,12940,10.466108929486087,0.2867550182128187,,84.23236514522821,1.0,High
Santa Monica,4,2,1,1595.83333333333,Active,Low,52203,90.8422899758719,0.7118879499942123,4.061069287205716,81.56424581005587,0.5,Low
Santa Monica,5,3,3,976.666666666666,Active,Low,52203,90.8422899758719,0.7118879499942123,4.061069287205716,81.56424581005587,1.0,Low
Santa Monica,10,2,1,3390.0,Active,High,52203,90.8422899758719,0.7118879499942123,4.061069287205716,81.56424581005587,0.5,Middle
Santa Monica,4,1,1,3250.0,Graduated,High,52203,90.8422899758719,0.7118879499942123,4.061069287205716,81.56424581005587,1.0,High
Santa Monica,4,2,2,1087.5,Delisted,Low,52203,90.8422899758719,0.7118879499942123,4.061069287205716,81.56424581005587,1.0,Low
Gulod,3,1,1,1000.0,Active,Low,63651,36.28013531452062,1.773208403952544,4.917440417275455,85.99779492833517,1.0,High
Capri,4,1,1,3093.75,Active,Middle,12940,10.466108929486087,0.2867550182128187,,84.23236514522821,1.0,Middle
Santa Lucia,6,2,2,5854.16666666666,Graduated,High,28974,54.742576372569964,2.690058479532164,7.24787740733071,82.38636363636364,1.0,High
Capri,6,4,3,2680.55555555555,Active,Middle,12940,10.466108929486087,0.2867550182128187,,84.23236514522821,0.75,Middle
Santa Lucia,3,2,2,8077.77777777777,Delisted,High,28974,54.742576372569964,2.690058479532164,7.24787740733071,82.38636363636364,1.0,High
North Fairview,6,4,4,3155.55555555555,Active,High,47019,187.98309548600477,5.879571248423708,4.211063612582148,76.92307692307693,1.0,Middle
North Fairview,6,4,4,3388.88888888888,Active,High,47019,187.98309548600477,5.879571248423708,4.211063612582148,76.92307692307693,1.0,Middle
Santa Lucia,3,1,0,9761.11111111111,Active,High,28974,54.742576372569964,2.690058479532164,7.24787740733071,82.38636363636364,0.0,High
North Fairview,9,4,3,94142.5925925925,Active,High,47019,187.98309548600477,5.879571248423708,4.211063612582148,76.92307692307693,0.75,Middle
Capri,4,3,3,3883.33333333333,Active,High,12940,10.466108929486087,0.2867550182128187,,84.23236514522821,1.0,High
North Fairview,5,3,3,5496.0,Active,High,47019,187.98309548600477,5.879571248423708,4.211063612582148,76.92307692307693,1.0,Middle
Capri,6,4,3,2997.22222222222,Active,Middle,12940,10.466108929486087,0.2867550182128187,,84.23236514522821,0.75,Middle
North Fairview,10,5,4,3516.66666666666,Active,High,47019,187.98309548600477,5.879571248423708,4.211063612582148,76.92307692307693,0.8,Low
North Fairview,7,4,3,2492.85714285714,Active,Middle,47019,187.98309548600477,5.879571248423708,4.211063612582148,76.92307692307693,0.75,Low
North Fairview,6,4,3,2641.66666666666,Active,Middle,47019,187.98309548600477,5.879571248423708,4.211063612582148,76.92307692307693,0.75,Low
Capri,4,2,2,4282.5,Active,High,12940,10.466108929486087,0.2867550182128187,,84.23236514522821,1.0,High
North Fairview,4,1,1,1912.5,Active,Low,47019,187.98309548600477,5.879571248423708,4.211063612582148,76.92307692307693,1.0,Low
North Fairview,8,7,3,2806.25,Active,Middle,47019,187.98309548600477,5.879571248423708,4.211063612582148,76.92307692307693,0.42857142857142855,Middle
North Fairview,5,3,3,2256.66666666666,Active,Middle,47019,187.98309548600477,5.879571248423708,4.211063612582148,76.92307692307693,1.0,Middle
North Fairview,6,3,3,2756.66666666666,Active,Middle,47019,187.98309548600477,5.879571248423708,4.211063612582148,76.92307692307693,1.0,Middle
North Fairview,3,1,1,9333.33333333333,Graduated,High,47019,187.98309548600477,5.879571248423708,4.211063612582148,76.92307692307693,1.0,High
North Fairview,3,2,2,3650.0,Graduated,High,47019,187.98309548600477,5.879571248423708,4.211063612582148,76.92307692307693,1.0,High
North Fairview,7,5,5,2807.14285714285,Active,Middle,47019,187.98309548600477,5.879571248423708,4.211063612582148,76.92307692307693,1.0,Low
North Fairview,7,3,2,4816.66666666666,Active,High,47019,187.98309548600477,5.879571248423708,4.211063612582148,76.92307692307693,0.6666666666666666,Middle
North Fairview,3,2,2,3383.33333333333,Active,High,47019,187.98309548600477,5.879571248423708,4.211063612582148,76.92307692307693,1.0,Low
North Fairview,5,3,3,4738.0,Active,High,47019,187.98309548600477,5.879571248423708,4.211063612582148,76.92307692307693,1.0,Middle
North Fairview,5,2,1,9266.66666666666,Graduated,High,47019,187.98309548600477,5.879571248423708,4.211063612582148,76.92307692307693,0.5,High
Capri,7,5,4,2750.0,Active,Middle,12940,10.466108929486087,0.2867550182128187,,84.23236514522821,0.8,Low
Santa Lucia,5,3,2,4416.66666666666,Active,High,28974,54.742576372569964,2.690058479532164,7.24787740733071,82.38636363636364,0.6666666666666666,High
North Fairview,6,3,1,7455.55555555555,Active,High,47019,187.98309548600477,5.879571248423708,4.211063612582148,76.92307692307693,0.3333333333333333,Middle
Capri,5,3,3,4650.0,Active,High,12940,10.466108929486087,0.2867550182128187,,84.23236514522821,1.0,High
North Fairview,5,1,1,5650.0,Active,High,47019,187.98309548600477,5.879571248423708,4.211063612582148,76.92307692307693,1.0,Low
North Fairview,6,2,2,2963.88888888888,Active,Middle,47019,187.98309548600477,5.879571248423708,4.211063612582148,76.92307692307693,1.0,Middle
Capri,5,3,2,3530.0,Graduated,High,12940,10.466108929486087,0.2867550182128187,,84.23236514522821,0.6666666666666666,High
North Fairview,4,1,1,4554.16666666666,Delisted,High,47019,187.98309548600477,5.879571248423708,4.211063612582148,76.92307692307693,1.0,High
North Fairview,5,3,3,3248.0,Active,High,47019,187.98309548600477,5.879571248423708,4.211063612582148,76.92307692307693,1.0,Middle
Bagbag,7,4,3,3826.19047619047,Active,High,66268,70.79821644887755,2.497950597806753,4.783605963662703,85.5813953488372,0.75,Middle
Capri,5,3,3,1830.0,Active,Low,12940,10.466108929486087,0.2867550182128187,,84.23236514522821,1.0,High
Capri,7,5,4,2123.80952380952,Active,Low,12940,10.466108929486087,0.2867550182128187,,84.23236514522821,0.8,Low
Capri,5,3,3,2653.33333333333,Active,Middle,12940,10.466108929486087,0.2867550182128187,,84.23236514522821,1.0,High
Capri,4,1,1,4387.5,Active,High,12940,10.466108929486087,0.2867550182128187,,84.23236514522821,1.0,Middle
Gulod,4,2,2,3620.83333333333,Active,High,63651,36.28013531452062,1.773208403952544,4.917440417275455,85.99779492833517,1.0,High
Gulod,4,3,3,6737.5,Active,High,63651,36.28013531452062,1.773208403952544,4.917440417275455,85.99779492833517,1.0,High
North Fairview,6,4,3,2286.11111111111,Active,Middle,47019,187.98309548600477,5.879571248423708,4.211063612582148,76.92307692307693,0.75,Low
North Fairview,5,3,3,1756.66666666666,Active,Low,47019,187.98309548600477,5.879571248423708,4.211063612582148,76.92307692307693,1.0,Middle
Capri,5,3,3,4443.33333333333,Active,High,12940,10.466108929486087,0.2867550182128187,,84.23236514522821,1.0,High
Fairview,5,2,2,3636.66666666666,Active,High,63913,110.71145984438877,3.3973436008606606,5.851704661023579,82.78145695364239,1.0,High
North Fairview,5,2,2,3190.0,Graduated,High,47019,187.98309548600477,5.879571248423708,4.211063612582148,76.92307692307693,1.0,High
Fairview,5,2,1,3710.0,Active,High,63913,110.71145984438877,3.3973436008606606,5.851704661023579,82.78145695364239,0.5,High
North Fairview,6,3,3,3241.66666666666,Graduated,High,47019,187.98309548600477,5.879571248423708,4.211063612582148,76.92307692307693,1.0,High
Fairview,6,3,1,5958.33333333333,Delisted,High,63913,110.71145984438877,3.3973436008606606,5.851704661023579,82.78145695364239,0.3333333333333333,High
Capri,6,4,3,3391.66666666666,Active,High,12940,10.466108929486087,0.2867550182128187,,84.23236514522821,0.75,Middle
North Fairview,5,1,1,4790.0,Graduated,High,47019,187.98309548600477,5.879571248423708,4.211063612582148,76.92307692307693,1.0,High
North Fairview,4,2,2,3308.33333333333,Active,High,47019,187.98309548600477,5.879571248423708,4.211063612582148,76.92307692307693,1.0,Middle
Pasong Putik Proper,6,2,2,4266.66666666666,Graduated,High,40919,96.68813689675062,2.5641668337677963,3.690217258486278,79.58477508650519,1.0,High
Fairview,6,3,2,4327.22222222222,Active,High,63913,110.71145984438877,3.3973436008606606,5.851704661023579,82.78145695364239,0.6666666666666666,Middle
North Fairview,4,4,2,5625.0,Active,High,47019,187.98309548600477,5.879571248423708,4.211063612582148,76.92307692307693,0.5,Middle
Pasong Putik Proper,5,3,2,21470.0,Graduated,High,40919,96.68813689675062,2.5641668337677963,3.690217258486278,79.58477508650519,0.6666666666666666,High
North Fairview,4,3,3,2862.5,Active,Middle,47019,187.98309548600477,5.879571248423708,4.211063612582148,76.92307692307693,1.0,Middle
Pasong Putik Proper,8,4,3,3835.41666666666,Active,High,40919,96.68813689675062,2.5641668337677963,3.690217258486278,79.58477508650519,0.75,Middle
Pasong Putik Proper,6,4,3,4030.55555555555,Active,High,40919,96.68813689675062,2.5641668337677963,3.690217258486278,79.58477508650519,0.75,Middle
Pasong Putik Proper,5,2,2,5203.33333333333,Active,High,40919,96.68813689675062,2.5641668337677963,3.690217258486278,79.58477508650519,1.0,High
North Fairview,5,3,2,4890.0,Graduated,High,47019,187.98309548600477,5.879571248423708,4.211063612582148,76.92307692307693,0.6666666666666666,High
Pasong Putik Proper,5,5,3,650.0,Active,Low,40919,96.68813689675062,2.5641668337677963,3.690217258486278,79.58477508650519,0.6,Low
North Fairview,5,2,2,3023.33333333333,Active,Middle,47019,187.98309548600477,5.879571248423708,4.211063612582148,76.92307692307693,1.0,Middle
North Fairview,8,2,2,2927.91666666666,Active,Middle,47019,187.98309548600477,5.879571248423708,4.211063612582148,76.92307692307693,1.0,Middle
Pasong Putik Proper,8,5,4,943.75,Active,Low,40919,96.68813689675062,2.5641668337677963,3.690217258486278,79.58477508650519,0.8,Low
Santa Monica,7,2,1,580.952380952381,Active,Low,52203,90.8422899758719,0.7118879499942123,4.061069287205716,81.56424581005587,0.5,Low
Capri,7,5,3,2388.09523809523,Active,Middle,12940,10.466108929486087,0.2867550182128187,,84.23236514522821,0.6,Middle
Santa Monica,9,5,4,1962.96296296296,Active,Low,52203,90.8422899758719,0.7118879499942123,4.061069287205716,81.56424581005587,0.8,Low
North Fairview,4,2,2,4891.66666666666,Active,High,47019,187.98309548600477,5.879571248423708,4.211063612582148,76.92307692307693,1.0,Middle
San Agustin,7,3,1,3438.09523809523,Active,High,26034,24.863309352517984,2.6779727864326563,8.873012214796036,86.71875,0.3333333333333333,Middle
Pasong Putik Proper,5,5,3,813.333333333333,Active,Low,40919,96.68813689675062,2.5641668337677963,3.690217258486278,79.58477508650519,0.6,Low
Santa Monica,5,2,2,1436.66666666666,Active,Low,52203,90.8422899758719,0.7118879499942123,4.061069287205716,81.56424581005587,1.0,Low
North Fairview,6,3,3,2355.55555555555,Active,Middle,47019,187.98309548600477,5.879571248423708,4.211063612582148,76.92307692307693,1.0,Middle
Pasong Putik Proper,9,3,1,7529.25925925925,Graduated,High,40919,96.68813689675062,2.5641668337677963,3.690217258486278,79.58477508650519,0.3333333333333333,High
Santa Monica,4,2,1,1004.16666666666,Active,Low,52203,90.8422899758719,0.7118879499942123,4.061069287205716,81.56424581005587,0.5,Low
North Fairview,6,2,0,3453.88888888888,Active,High,47019,187.98309548600477,5.879571248423708,4.211063612582148,76.92307692307693,0.0,High
San Agustin,5,2,2,3373.33333333333,Active,High,26034,24.863309352517984,2.6779727864326563,8.873012214796036,86.71875,1.0,High
North Fairview,3,2,1,2700.0,Active,Middle,47019,187.98309548600477,5.879571248423708,4.211063612582148,76.92307692307693,0.5,Low
Santa Monica,6,2,2,684.722222222222,Active,Low,52203,90.8422899758719,0.7118879499942123,4.061069287205716,81.56424581005587,1.0,Low
North Fairview,6,3,3,3352.77777777777,Active,High,47019,187.98309548600477,5.879571248423708,4.211063612582148,76.92307692307693,1.0,Middle
Santa Monica,5,3,3,2920.0,Active,Middle,52203,90.8422899758719,0.7118879499942123,4.061069287205716,81.56424581005587,1.0,Low
San Agustin,4,2,2,4016.66666666666,Active,High,26034,24.863309352517984,2.6779727864326563,8.873012214796036,86.71875,1.0,High
Santa Monica,6,3,2,3091.11111111111,Active,Middle,52203,90.8422899758719,0.7118879499942123,4.061069287205716,81.56424581005587,0.6666666666666666,Low
Santa Monica,5,3,3,4610.0,Active,High,52203,90.8422899758719,0.7118879499942123,4.061069287205716,81.56424581005587,1.0,Low
Capri,9,5,4,3225.92592592592,Active,High,12940,10.466108929486087,0.2867550182128187,,84.23236514522821,0.8,High
Santa Monica,5,3,3,3113.33333333333,Active,Middle,52203,90.8422899758719,0.7118879499942123,4.061069287205716,81.56424581005587,1.0,Low
San Agustin,8,6,4,2029.16666666666,Active,Low,26034,24.863309352517984,2.6779727864326563,8.873012214796036,86.71875,0.6666666666666666,Low
Capri,6,5,3,2263.88888888888,Active,Middle,12940,10.466108929486087,0.2867550182128187,,84.23236514522821,0.6,Middle
San Agustin,6,3,3,1844.44444444444,Active,Low,26034,24.863309352517984,2.6779727864326563,8.873012214796036,86.71875,1.0,Middle
Santa Monica,6,2,2,4241.66666666666,Graduated,High,52203,90.8422899758719,0.7118879499942123,4.061069287205716,81.56424581005587,1.0,High
Santa Monica,5,3,3,3690.0,Active,High,52203,90.8422899758719,0.7118879499942123,4.061069287205716,81.56424581005587,1.0,Low
Santa Monica,7,3,3,3223.33333333333,Active,High,52203,90.8422899758719,0.7118879499942123,4.061069287205716,81.56424581005587,1.0,Low
Santa Monica,7,1,1,2100.0,Active,Low,52203,90.8422899758719,0.7118879499942123,4.061069287205716,81.56424581005587,1.0,Low
Santa Monica,4,3,3,2111.66666666666,Active,Low,52203,90.8422899758719,0.7118879499942123,4.061069287205716,81.56424581005587,1.0,Low
Santa Monica,5,3,3,3610.0,Active,High,52203,90.8422899758719,0.7118879499942123,4.061069287205716,81.56424581005587,1.0,Low
Novaliches Proper,4,3,1,620.833333333333,Active,Low,16096,33.267097201523434,4.059994828032066,30.318091451292243,80.2919708029197,0.3333333333333333,Low
Novaliches Proper,3,2,1,1111.11111111111,Active,Low,16096,33.267097201523434,4.059994828032066,30.318091451292243,80.2919708029197,0.5,Low
Santa Monica,6,1,1,1777.77777777777,Active,Low,52203,90.8422899758719,0.7118879499942123,4.061069287205716,81.56424581005587,1.0,Low
Santa Monica,5,3,2,2823.33333333333,Active,Middle,52203,90.8422899758719,0.7118879499942123,4.061069287205716,81.56424581005587,0.6666666666666666,Low
Novaliches Proper,5,3,3,3074.26666666666,Active,Middle,16096,33.267097201523434,4.059994828032066,30.318091451292243,80.2919708029197,1.0,Middle
Kaligayahan,6,3,1,5395.83333333333,Active,High,62132,109.99053670406921,2.762065429525983,3.2189531964205242,72.42524916943522,0.3333333333333333,Middle
Kaligayahan,7,2,1,2430.0,Active,Middle,62132,109.99053670406921,2.762065429525983,3.2189531964205242,72.42524916943522,0.5,Middle
Kaligayahan,3,1,1,5255.55555555555,Delisted,High,62132,109.99053670406921,2.762065429525983,3.2189531964205242,72.42524916943522,1.0,High
Novaliches Proper,6,3,0,2641.66666666666,Active,Middle,16096,33.267097201523434,4.059994828032066,30.318091451292243,80.2919708029197,0.0,Middle
San Agustin,6,4,2,2941.66666666666,Active,Middle,26034,24.863309352517984,2.6779727864326563,8.873012214796036,86.71875,0.5,Middle
North Fairview,7,4,3,5375.71428571428,Graduated,High,47019,187.98309548600477,5.879571248423708,4.211063612582148,76.92307692307693,0.75,High
San Agustin,6,4,3,2222.22222222222,Active,Middle,26034,24.863309352517984,2.6779727864326563,8.873012214796036,86.71875,0.75,Low
Bagbag,6,4,3,4633.33333333333,Active,High,66268,70.79821644887755,2.497950597806753,4.783605963662703,85.5813953488372,0.75,Middle
Novaliches Proper,6,4,3,2205.55555555555,Active,Middle,16096,33.267097201523434,4.059994828032066,30.318091451292243,80.2919708029197,0.75,Low
Bagbag,2,2,2,6925.0,Active,High,66268,70.79821644887755,2.497950597806753,4.783605963662703,85.5813953488372,1.0,High
Bagbag,6,4,2,3811.11111111111,Active,High,66268,70.79821644887755,2.497950597806753,4.783605963662703,85.5813953488372,0.5,Middle
Novaliches Proper,7,2,1,4316.66666666666,Active,High,16096,33.267097201523434,4.059994828032066,30.318091451292243,80.2919708029197,0.5,Low
Bagbag,7,5,3,1861.90476190476,Active,Low,66268,70.79821644887755,2.497950597806753,4.783605963662703,85.5813953488372,0.6,Low
Bagbag,5,3,3,1068.66666666666,Active,Low,66268,70.79821644887755,2.497950597806753,4.783605963662703,85.5813953488372,1.0,Middle
Bagbag,6,3,2,5991.66666666666,Active,High,66268,70.79821644887755,2.497950597806753,4.783605963662703,85.5813953488372,0.6666666666666666,Middle
Bagbag,6,2,2,7113.88888888889,Active,High,66268,70.79821644887755,2.497950597806753,4.783605963662703,85.5813953488372,1.0,Low
Bagbag,5,3,3,3423.33333333333,Active,High,66268,70.79821644887755,2.497950597806753,4.783605963662703,85.5813953488372,1.0,Middle
North Fairview,5,3,3,2893.33333333333,Active,Middle,47019,187.98309548600477,5.879571248423708,4.211063612582148,76.92307692307693,1.0,Middle
North Fairview,6,2,2,3116.66666666666,Active,Middle,47019,187.98309548600477,5.879571248423708,4.211063612582148,76.92307692307693,1.0,Middle
San Bartolome,5,1,1,7343.33333333333,Active,High,51472,38.59658570736173,0.6334558536013138,1.3988187752564503,83.91608391608392,1.0,Low
San Bartolome,6,2,2,6269.44444444444,Active,High,51472,38.59658570736173,0.6334558536013138,1.3988187752564503,83.91608391608392,1.0,Middle
San Bartolome,4,3,3,6612.5,Active,High,51472,38.59658570736173,0.6334558536013138,1.3988187752564503,83.91608391608392,1.0,Middle
Santa Monica,11,2,1,2431.81818181818,Inactive,Middle,52203,90.8422899758719,0.7118879499942123,4.061069287205716,81.56424581005587,0.5,Middle
Santa Monica,6,1,1,4758.33333333333,Graduated,High,52203,90.8422899758719,0.7118879499942123,4.061069287205716,81.56424581005587,1.0,High
Santa Monica,6,3,3,2075.0,Active,Low,52203,90.8422899758719,0.7118879499942123,4.061069287205716,81.56424581005587,1.0,Low
Santa Monica,6,1,1,6941.66666666666,Active,High,52203,90.8422899758719,0.7118879499942123,4.061069287205716,81.56424581005587,1.0,Low
Capri,5,5,2,3586.66666666666,Active,High,12940,10.466108929486087,0.2867550182128187,,84.23236514522821,0.4,High
Capri,5,2,2,3176.66666666666,Active,High,12940,10.466108929486087,0.2867550182128187,,84.23236514522821,1.0,Low
San Bartolome,3,1,0,4422.22222222222,Delisted,High,51472,38.59658570736173,0.6334558536013138,1.3988187752564503,83.91608391608392,0.0,High
Capri,8,6,3,2133.33333333333,Active,Low,12940,10.466108929486087,0.2867550182128187,,84.23236514522821,0.5,Low
Capri,9,7,3,1977.77777777777,Active,Low,12940,10.466108929486087,0.2867550182128187,,84.23236514522821,0.42857142857142855,Low
Capri,9,6,3,3994.44444444444,Active,High,12940,10.466108929486087,0.2867550182128187,,84.23236514522821,0.5,Low
Bagbag,5,3,2,3021.66666666666,Active,Middle,66268,70.79821644887755,2.497950597806753,4.783605963662703,85.5813953488372,0.6666666666666666,Middle
Bagbag,7,3,1,7566.66666666666,Active,High,66268,70.79821644887755,2.497950597806753,4.783605963662703,85.5813953488372,0.3333333333333333,Middle
Bagbag,6,4,4,2950.0,Active,Middle,66268,70.79821644887755,2.497950597806753,4.783605963662703,85.5813953488372,1.0,Middle
Pasong Putik Proper,3,3,2,8838.88888888888,Active,High,40919,96.68813689675062,2.5641668337677963,3.690217258486278,79.58477508650519,0.6666666666666666,High
Pasong Putik Proper,7,3,3,3574.28571428571,Active,High,40919,96.68813689675062,2.5641668337677963,3.690217258486278,79.58477508650519,1.0,Middle
Bagbag,5,3,3,2560.0,Active,Middle,66268,70.79821644887755,2.497950597806753,4.783605963662703,85.5813953488372,1.0,Middle
Bagbag,6,4,3,2363.88888888888,Active,Middle,66268,70.79821644887755,2.497950597806753,4.783605963662703,85.5813953488372,0.75,Middle
Fairview,3,2,1,2988.88888888888,Active,Middle,63913,110.71145984438877,3.3973436008606606,5.851704661023579,82.78145695364239,0.5,High
Santa Monica,3,2,2,2300.0,Active,Middle,52203,90.8422899758719,0.7118879499942123,4.061069287205716,81.56424581005587,1.0,Low
Bagbag,5,3,3,3450.0,Active,High,66268,70.79821644887755,2.497950597806753,4.783605963662703,85.5813953488372,1.0,Middle
Santa Monica,3,1,1,1133.33333333333,Active,Low,52203,90.8422899758719,0.7118879499942123,4.061069287205716,81.56424581005587,1.0,Low
Bagbag,5,4,3,2910.0,Active,Middle,66268,70.79821644887755,2.497950597806753,4.783605963662703,85.5813953488372,0.75,Middle
Bagbag,3,1,1,7350.0,Active,High,66268,70.79821644887755,2.497950597806753,4.783605963662703,85.5813953488372,1.0,High
Bagbag,12,4,3,4872.22222222222,Active,High,66268,70.79821644887755,2.497950597806753,4.783605963662703,85.5813953488372,0.75,High
Santa Monica,5,2,2,1480.0,Active,Low,52203,90.8422899758719,0.7118879499942123,4.061069287205716,81.56424581005587,1.0,Low
Gulod,6,3,3,2816.66666666666,Active,Middle,63651,36.28013531452062,1.773208403952544,4.917440417275455,85.99779492833517,1.0,Middle
Gulod,4,1,1,7737.5,Active,High,63651,36.28013531452062,1.773208403952544,4.917440417275455,85.99779492833517,1.0,High
Santa Monica,5,2,1,711.666666666666,Active,Low,52203,90.8422899758719,0.7118879499942123,4.061069287205716,81.56424581005587,0.5,Low
Pasong Putik Proper,3,2,1,5794.44444444444,Active,High,40919,96.68813689675062,2.5641668337677963,3.690217258486278,79.58477508650519,0.5,High
Pasong Putik Proper,9,1,1,5230.18518518518,Graduated,High,40919,96.68813689675062,2.5641668337677963,3.690217258486278,79.58477508650519,1.0,High
Pasong Putik Proper,12,4,4,3263.61111111111,Graduated,High,40919,96.68813689675062,2.5641668337677963,3.690217258486278,79.58477508650519,1.0,High
Capri,6,3,3,1336.11111111111,Active,Low,12940,10.466108929486087,0.2867550182128187,,84.23236514522821,1.0,Low
Novaliches Proper,6,2,2,2177.77777777777,Active,Low,16096,33.267097201523434,4.059994828032066,30.318091451292243,80.2919708029197,1.0,Low
Pasong Putik Proper,6,3,3,1425.0,Active,Low,40919,96.68813689675062,2.5641668337677963,3.690217258486278,79.58477508650519,1.0,Middle
Pasong Putik Proper,5,2,0,4013.33333333333,Active,High,40919,96.68813689675062,2.5641668337677963,3.690217258486278,79.58477508650519,0.0,Middle
Novaliches Proper,6,3,2,2122.22222222222,Active,Low,16096,33.267097201523434,4.059994828032066,30.318091451292243,80.2919708029197,0.6666666666666666,Low
Novaliches Proper,5,2,2,3342.66666666666,Active,High,16096,33.267097201523434,4.059994828032066,30.318091451292243,80.2919708029197,1.0,Middle
Capri,11,4,3,2189.39393939393,Active,Low,12940,10.466108929486087,0.2867550182128187,,84.23236514522821,0.75,Low
Capri,5,3,3,3330.0,Active,High,12940,10.466108929486087,0.2867550182128187,,84.23236514522821,1.0,High
Santa Monica,4,1,1,1733.33333333333,Active,Low,52203,90.8422899758719,0.7118879499942123,4.061069287205716,81.56424581005587,1.0,Low
Santa Monica,5,4,3,4480.0,Graduated,High,52203,90.8422899758719,0.7118879499942123,4.061069287205716,81.56424581005587,0.75,Low
Santa Monica,3,2,1,1333.33333333333,Active,Low,52203,90.8422899758719,0.7118879499942123,4.061069287205716,81.56424581005587,0.5,Low
Santa Monica,3,2,2,1744.44444444444,Active,Low,52203,90.8422899758719,0.7118879499942123,4.061069287205716,81.56424581005587,1.0,Low
Santa Monica,5,1,1,1520.0,Active,Low,52203,90.8422899758719,0.7118879499942123,4.061069287205716,81.56424581005587,1.0,Low
Gulod,6,2,2,2986.11111111111,Active,Middle,63651,36.28013531452062,1.773208403952544,4.917440417275455,85.99779492833517,1.0,Middle
San Bartolome,9,6,4,5792.59259259259,Active,High,51472,38.59658570736173,0.6334558536013138,1.3988187752564503,83.91608391608392,0.6666666666666666,High
Gulod,7,2,2,2521.42857142857,Active,Middle,63651,36.28013531452062,1.773208403952544,4.917440417275455,85.99779492833517,1.0,Middle
Nagkaisang Nayon,6,4,3,3169.44444444444,Active,High,54477,41.13943727654283,1.2941373347464717,1.156451346439782,74.24242424242425,0.75,Middle
Gulod,7,3,2,2580.95238095238,Active,Middle,63651,36.28013531452062,1.773208403952544,4.917440417275455,85.99779492833517,0.6666666666666666,Middle
Gulod,5,4,3,400.333333333333,Active,Low,63651,36.28013531452062,1.773208403952544,4.917440417275455,85.99779492833517,0.75,Low
Gulod,5,3,3,3536.66666666666,Graduated,High,63651,36.28013531452062,1.773208403952544,4.917440417275455,85.99779492833517,1.0,High
Gulod,5,5,4,3666.66666666666,Graduated,High,63651,36.28013531452062,1.773208403952544,4.917440417275455,85.99779492833517,0.8,High
Pasong Putik Proper,7,5,4,4073.80952380952,Graduated,High,40919,96.68813689675062,2.5641668337677963,3.690217258486278,79.58477508650519,0.8,High
Gulod,4,2,2,2029.16666666666,Active,Low,63651,36.28013531452062,1.773208403952544,4.917440417275455,85.99779492833517,1.0,High
Nagkaisang Nayon,7,4,2,2283.33333333333,Active,Middle,54477,41.13943727654283,1.2941373347464717,1.156451346439782,74.24242424242425,0.5,Low
Gulod,3,1,1,5872.22222222222,Active,High,63651,36.28013531452062,1.773208403952544,4.917440417275455,85.99779492833517,1.0,High
Nagkaisang Nayon,7,4,2,4859.52380952381,Active,High,54477,41.13943727654283,1.2941373347464717,1.156451346439782,74.24242424242425,0.5,Low
Nagkaisang Nayon,6,3,3,6173.33333333333,Active,High,54477,41.13943727654283,1.2941373347464717,1.156451346439782,74.24242424242425,1.0,Middle
Nagkaisang Nayon,4,3,1,5130.0,Active,High,54477,41.13943727654283,1.2941373347464717,1.156451346439782,74.24242424242425,0.3333333333333333,High
Bagbag,3,4,4,2000.0,Active,Low,66268,70.79821644887755,2.497950597806753,4.783605963662703,85.5813953488372,1.0,Low
Pasong Putik Proper,5,4,3,4090.0,Active,High,40919,96.68813689675062,2.5641668337677963,3.690217258486278,79.58477508650519,0.75,Low
Bagbag,4,3,1,5204.16666666666,Delisted,High,66268,70.79821644887755,2.497950597806753,4.783605963662703,85.5813953488372,0.3333333333333333,High
Bagbag,5,3,3,9130.0,Active,High,66268,70.79821644887755,2.497950597806753,4.783605963662703,85.5813953488372,1.0,Middle
Bagbag,6,1,1,8113.88888888889,Graduated,High,66268,70.79821644887755,2.497950597806753,4.783605963662703,85.5813953488372,1.0,High
Bagbag,2,2,1,6025.0,Active,High,66268,70.79821644887755,2.497950597806753,4.783605963662703,85.5813953488372,0.5,High
Pasong Putik Proper,8,3,1,2520.83333333333,Active,Middle,40919,96.68813689675062,2.5641668337677963,3.690217258486278,79.58477508650519,0.3333333333333333,Middle
Bagbag,3,1,0,2283.33333333333,Active,Middle,66268,70.79821644887755,2.497950597806753,4.783605963662703,85.5813953488372,0.0,High
Bagbag,5,3,2,3690.0,Active,High,66268,70.79821644887755,2.497950597806753,4.783605963662703,85.5813953488372,0.6666666666666666,Middle
Pasong Putik Proper,5,4,3,3123.33333333333,Active,Middle,40919,96.68813689675062,2.5641668337677963,3.690217258486278,79.58477508650519,0.75,Low
San Bartolome,5,3,3,4690.0,Active,High,51472,38.59658570736173,0.6334558536013138,1.3988187752564503,83.91608391608392,1.0,Low
San Bartolome,5,1,1,7790.0,Active,High,51472,38.59658570736173,0.6334558536013138,1.3988187752564503,83.91608391608392,1.0,Low
San Bartolome,7,4,3,1595.23809523809,Active,Low,51472,38.59658570736173,0.6334558536013138,1.3988187752564503,83.91608391608392,0.75,Low
San Bartolome,4,2,2,8412.16666666666,Graduated,High,51472,38.59658570736173,0.6334558536013138,1.3988187752564503,83.91608391608392,1.0,High
San Agustin,4,2,2,3500.0,Active,High,26034,24.863309352517984,2.6779727864326563,8.873012214796036,86.71875,1.0,High
Nagkaisang Nayon,10,2,2,2545.0,Active,Middle,54477,41.13943727654283,1.2941373347464717,1.156451346439782,74.24242424242425,1.0,Middle
Nagkaisang Nayon,5,3,2,6136.66666666666,Active,High,54477,41.13943727654283,1.2941373347464717,1.156451346439782,74.24242424242425,0.6666666666666666,Middle
San Bartolome,6,4,2,808.333333333333,Active,Low,51472,38.59658570736173,0.6334558536013138,1.3988187752564503,83.91608391608392,0.5,Low
Santa Monica,4,1,0,8762.5,Delisted,High,52203,90.8422899758719,0.7118879499942123,4.061069287205716,81.56424581005587,0.0,Low
Nagkaisang Nayon,7,5,4,2064.28571428571,Active,Low,54477,41.13943727654283,1.2941373347464717,1.156451346439782,74.24242424242425,0.8,Low
Santa Monica,6,3,2,6741.66666666666,Active,High,52203,90.8422899758719,0.7118879499942123,4.061069287205716,81.56424581005587,0.6666666666666666,Low
Nagkaisang Nayon,7,5,3,2521.42857142857,Active,Middle,54477,41.13943727654283,1.2941373347464717,1.156451346439782,74.24242424242425,0.6,Middle
Santa Monica,5,3,1,8320.0,Active,High,52203,90.8422899758719,0.7118879499942123,4.061069287205716,81.56424581005587,0.3333333333333333,Low
Nagkaisang Nayon,6,4,2,2641.66666666666,Active,Middle,54477,41.13943727654283,1.2941373347464717,1.156451346439782,74.24242424242425,0.5,Low
Santa Monica,6,2,2,3275.0,Delisted,High,52203,90.8422899758719,0.7118879499942123,4.061069287205716,81.56424581005587,1.0,Low
Nagkaisang Nayon,6,4,3,2947.22222222222,Active,Middle,54477,41.13943727654283,1.2941373347464717,1.156451346439782,74.24242424242425,0.75,Middle
Gulod,5,2,2,5050.0,Active,High,63651,36.28013531452062,1.773208403952544,4.917440417275455,85.99779492833517,1.0,High
Santa Monica,7,4,3,1830.0,Active,Low,52203,90.8422899758719,0.7118879499942123,4.061069287205716,81.56424581005587,0.75,Low
Santa Monica,6,2,2,3408.33333333333,Active,High,52203,90.8422899758719,0.7118879499942123,4.061069287205716,81.56424581005587,1.0,Low
Nagkaisang Nayon,5,2,2,8843.33333333333,Active,High,54477,41.13943727654283,1.2941373347464717,1.156451346439782,74.24242424242425,1.0,Middle
Nagkaisang Nayon,6,4,3,2241.66666666666,Active,Middle,54477,41.13943727654283,1.2941373347464717,1.156451346439782,74.24242424242425,0.75,Middle
Nagkaisang Nayon,5,3,3,2290.0,Active,Middle,54477,41.13943727654283,1.2941373347464717,1.156451346439782,74.24242424242425,1.0,Middle
Gulod,6,2,2,4497.22222222222,Active,High,63651,36.28013531452062,1.773208403952544,4.917440417275455,85.99779492833517,1.0,Middle
Nagkaisang Nayon,6,5,4,2780.0,Active,Middle,54477,41.13943727654283,1.2941373347464717,1.156451346439782,74.24242424242425,0.8,Middle
Nagkaisang Nayon,6,2,1,1441.66666666666,Active,Low,54477,41.13943727654283,1.2941373347464717,1.156451346439782,74.24242424242425,0.5,Low
Nagkaisang Nayon,5,3,3,2843.33333333333,Active,Middle,54477,41.13943727654283,1.2941373347464717,1.156451346439782,74.24242424242425,1.0,Middle
Novaliches Proper,6,3,0,2333.33333333333,Active,Middle,16096,33.267097201523434,4.059994828032066,30.318091451292243,80.2919708029197,0.0,Middle
Nagkaisang Nayon,8,4,3,2118.75,Active,Low,54477,41.13943727654283,1.2941373347464717,1.156451346439782,74.24242424242425,0.75,Low
Nagkaisang Nayon,6,4,4,1908.33333333333,Active,Low,54477,41.13943727654283,1.2941373347464717,1.156451346439782,74.24242424242425,1.0,Low
Nagkaisang Nayon,7,3,3,3778.57142857142,Active,High,54477,41.13943727654283,1.2941373347464717,1.156451346439782,74.24242424242425,1.0,Low
Santa Monica,7,2,2,5492.85714285714,Active,High,52203,90.8422899758719,0.7118879499942123,4.061069287205716,81.56424581005587,1.0,Low
Nagkaisang Nayon,5,3,2,2670.0,Active,Middle,54477,41.13943727654283,1.2941373347464717,1.156451346439782,74.24242424242425,0.6666666666666666,Middle
Nagkaisang Nayon,5,3,3,2154.0,Active,Low,54477,41.13943727654283,1.2941373347464717,1.156451346439782,74.24242424242425,1.0,Middle
Gulod,11,3,3,11178.7878787878,Graduated,High,63651,36.28013531452062,1.773208403952544,4.917440417275455,85.99779492833517,1.0,High
Nagkaisang Nayon,5,1,1,4862.66666666666,Delisted,High,54477,41.13943727654283,1.2941373347464717,1.156451346439782,74.24242424242425,1.0,Middle
Nagkaisang Nayon,6,2,2,3655.0,Graduated,High,54477,41.13943727654283,1.2941373347464717,1.156451346439782,74.24242424242425,1.0,High
Nagkaisang Nayon,9,6,4,3433.33333333333,Graduated,High,54477,41.13943727654283,1.2941373347464717,1.156451346439782,74.24242424242425,0.6666666666666666,High
Novaliches Proper,7,4,3,4323.80952380952,Active,High,16096,33.267097201523434,4.059994828032066,30.318091451292243,80.2919708029197,0.75,Low
Santa Monica,6,4,3,2408.33333333333,Active,Middle,52203,90.8422899758719,0.7118879499942123,4.061069287205716,81.56424581005587,0.75,Low
Santa Monica,4,1,1,2987.5,Active,Middle,52203,90.8422899758719,0.7118879499942123,4.061069287205716,81.56424581005587,1.0,Low
San Agustin,3,3,2,4194.44444444444,Active,High,26034,24.863309352517984,2.6779727864326563,8.873012214796036,86.71875,0.6666666666666666,High
Pasong Putik Proper,4,2,1,3929.16666666666,Active,High,40919,96.68813689675062,2.5641668337677963,3.690217258486278,79.58477508650519,0.5,High
Santa Monica,6,2,2,3555.55555555555,Active,High,52203,90.8422899758719,0.7118879499942123,4.061069287205716,81.56424581005587,1.0,Low
Santa Monica,5,3,3,9600.0,Active,High,52203,90.8422899758719,0.7118879499942123,4.061069287205716,81.56424581005587,1.0,Low
Santa Monica,5,2,2,2890.0,Active,Middle,52203,90.8422899758719,0.7118879499942123,4.061069287205716,81.56424581005587,1.0,Low
Santa Monica,7,2,2,2914.28571428571,Delisted,Middle,52203,90.8422899758719,0.7118879499942123,4.061069287205716,81.56424581005587,1.0,Low
San Agustin,4,1,1,2500.0,Delisted,Middle,26034,24.863309352517984,2.6779727864326563,8.873012214796036,86.71875,1.0,Middle
Nagkaisang Nayon,4,3,2,3862.5,Active,High,54477,41.13943727654283,1.2941373347464717,1.156451346439782,74.24242424242425,0.6666666666666666,Middle
Nagkaisang Nayon,5,1,1,4218.0,Graduated,High,54477,41.13943727654283,1.2941373347464717,1.156451346439782,74.24242424242425,1.0,High
Nagkaisang Nayon,7,4,4,5028.57142857142,Graduated,High,54477,41.13943727654283,1.2941373347464717,1.156451346439782,74.24242424242425,1.0,High
Nagkaisang Nayon,5,2,2,3490.0,Active,High,54477,41.13943727654283,1.2941373347464717,1.156451346439782,74.24242424242425,1.0,Middle
Nagkaisang Nayon,11,4,2,4066.36363636363,Active,High,54477,41.13943727654283,1.2941373347464717,1.156451346439782,74.24242424242425,0.5,High
Gulod,4,2,2,7487.5,Active,High,63651,36.28013531452062,1.773208403952544,4.917440417275455,85.99779492833517,1.0,High
Kaligayahan,7,5,3,3769.04761904761,Active,High,62132,109.99053670406921,2.762065429525983,3.2189531964205242,72.42524916943522,0.6,Low
Gulod,3,2,2,6208.33333333333,Graduated,High,63651,36.28013531452062,1.773208403952544,4.917440417275455,85.99779492833517,1.0,High
Bagbag,5,1,1,3510.0,Active,High,66268,70.79821644887755,2.497950597806753,4.783605963662703,85.5813953488372,1.0,High
Bagbag,8,4,4,4504.16666666666,Active,High,66268,70.79821644887755,2.497950597806753,4.783605963662703,85.5813953488372,1.0,Low
Gulod,5,3,3,2246.66666666666,Active,Middle,63651,36.28013531452062,1.773208403952544,4.917440417275455,85.99779492833517,1.0,Middle
Gulod,3,1,1,5361.11111111111,Active,High,63651,36.28013531452062,1.773208403952544,4.917440417275455,85.99779492833517,1.0,High
Gulod,4,3,3,6062.5,Active,High,63651,36.28013531452062,1.773208403952544,4.917440417275455,85.99779492833517,1.0,High
Santa Monica,19,3,3,2336.84210526315,Active,Middle,52203,90.8422899758719,0.7118879499942123,4.061069287205716,81.56424581005587,1.0,Middle
Novaliches Proper,6,3,3,958.333333333333,Active,Low,16096,33.267097201523434,4.059994828032066,30.318091451292243,80.2919708029197,1.0,Low
Novaliches Proper,4,5,4,6745.83333333333,Active,High,16096,33.267097201523434,4.059994828032066,30.318091451292243,80.2919708029197,0.8,High
Novaliches Proper,5,2,2,5496.0,Delisted,High,16096,33.267097201523434,4.059994828032066,30.318091451292243,80.2919708029197,1.0,High
Novaliches Proper,4,2,2,4187.5,Active,High,16096,33.267097201523434,4.059994828032066,30.318091451292243,80.2919708029197,1.0,Low
Kaligayahan,8,1,0,5250.0,Inactive,High,62132,109.99053670406921,2.762065429525983,3.2189531964205242,72.42524916943522,0.0,High
Gulod,6,2,2,2363.88888888888,Active,Middle,63651,36.28013531452062,1.773208403952544,4.917440417275455,85.99779492833517,1.0,Middle
Santa Lucia,5,6,3,1856.66666666666,Active,Low,28974,54.742576372569964,2.690058479532164,7.24787740733071,82.38636363636364,0.5,Low
Novaliches Proper,7,4,3,2547.61904761904,Active,Middle,16096,33.267097201523434,4.059994828032066,30.318091451292243,80.2919708029197,0.75,Low
North Fairview,4,2,2,4529.16666666666,Active,High,47019,187.98309548600477,5.879571248423708,4.211063612582148,76.92307692307693,1.0,Middle
North Fairview,4,2,2,5886.66666666666,Delisted,High,47019,187.98309548600477,5.879571248423708,4.211063612582148,76.92307692307693,1.0,Low
North Fairview,6,3,3,5700.0,Active,High,47019,187.98309548600477,5.879571248423708,4.211063612582148,76.92307692307693,1.0,Middle
North Fairview,6,4,4,4415.0,Active,High,47019,187.98309548600477,5.879571248423708,4.211063612582148,76.92307692307693,1.0,Middle
North Fairview,5,3,3,4433.33333333333,Active,High,47019,187.98309548600477,5.879571248423708,4.211063612582148,76.92307692307693,1.0,Middle
North Fairview,6,4,3,3202.77777777777,Active,High,47019,187.98309548600477,5.879571248423708,4.211063612582148,76.92307692307693,0.75,Low
North Fairview,5,2,1,2110.0,Active,Low,47019,187.98309548600477,5.879571248423708,4.211063612582148,76.92307692307693,0.5,Low
Santa Monica,4,2,2,625.0,Active,Low,52203,90.8422899758719,0.7118879499942123,4.061069287205716,81.56424581005587,1.0,Low
Kaligayahan,4,2,2,2779.16666666666,Graduated,Middle,62132,109.99053670406921,2.762065429525983,3.2189531964205242,72.42524916943522,1.0,High
Bagbag,9,4,3,5051.85185185185,Active,High,66268,70.79821644887755,2.497950597806753,4.783605963662703,85.5813953488372,0.75,High
Nagkaisang Nayon,5,2,2,3170.0,Active,High,54477,41.13943727654283,1.2941373347464717,1.156451346439782,74.24242424242425,1.0,Middle
Nagkaisang Nayon,6,4,3,2075.0,Active,Low,54477,41.13943727654283,1.2941373347464717,1.156451346439782,74.24242424242425,0.75,Middle
Nagkaisang Nayon,6,4,3,2391.66666666666,Active,Middle,54477,41.13943727654283,1.2941373347464717,1.156451346439782,74.24242424242425,0.75,Middle
Bagbag,4,1,1,4225.0,Active,High,66268,70.79821644887755,2.497950597806753,4.783605963662703,85.5813953488372,1.0,High
Nagkaisang Nayon,6,4,3,2655.0,Active,Middle,54477,41.13943727654283,1.2941373347464717,1.156451346439782,74.24242424242425,0.75,Middle
Bagbag,6,4,3,3061.11111111111,Active,Middle,66268,70.79821644887755,2.497950597806753,4.783605963662703,85.5813953488372,0.75,Middle
Gulod,5,4,2,333.333333333333,Active,Low,63651,36.28013531452062,1.773208403952544,4.917440417275455,85.99779492833517,0.5,Low
Pasong Putik Proper,3,4,2,3748.88888888888,Delisted,High,40919,96.68813689675062,2.5641668337677963,3.690217258486278,79.58477508650519,0.5,High
Pasong Putik Proper,6,4,3,2980.55555555555,Active,Middle,40919,96.68813689675062,2.5641668337677963,3.690217258486278,79.58477508650519,0.75,Middle
Pasong Putik Proper,5,4,2,5970.0,Graduated,High,40919,96.68813689675062,2.5641668337677963,3.690217258486278,79.58477508650519,0.5,High
Pasong Putik Proper,5,2,2,3720.0,Active,High,40919,96.68813689675062,2.5641668337677963,3.690217258486278,79.58477508650519,1.0,High
Pasong Putik Proper,7,4,3,2528.57142857142,Active,Middle,40919,96.68813689675062,2.5641668337677963,3.690217258486278,79.58477508650519,0.75,Middle
Pasong Putik Proper,6,2,2,4641.66666666666,Active,High,40919,96.68813689675062,2.5641668337677963,3.690217258486278,79.58477508650519,1.0,High
Pasong Putik Proper,10,4,2,2030.83333333333,Active,Low,40919,96.68813689675062,2.5641668337677963,3.690217258486278,79.58477508650519,0.5,Low
Pasong Putik Proper,7,5,3,1435.71428571428,Active,Low,40919,96.68813689675062,2.5641668337677963,3.690217258486278,79.58477508650519,0.6,Low
Capri,4,2,2,5375.0,Active,High,12940,10.466108929486087,0.2867550182128187,,84.23236514522821,1.0,High
San Bartolome,6,3,3,4558.33333333333,Active,High,51472,38.59658570736173,0.6334558536013138,1.3988187752564503,83.91608391608392,1.0,Low
Capri,4,2,2,4145.83333333333,Active,High,12940,10.466108929486087,0.2867550182128187,,84.23236514522821,1.0,High
Capri,5,3,3,3490.0,Active,High,12940,10.466108929486087,0.2867550182128187,,84.23236514522821,1.0,High
Capri,6,4,3,3411.11111111111,Active,High,12940,10.466108929486087,0.2867550182128187,,84.23236514522821,0.75,Middle
Gulod,5,2,2,3396.66666666666,Active,High,63651,36.28013531452062,1.773208403952544,4.917440417275455,85.99779492833517,1.0,High
Gulod,6,3,3,3347.22222222222,Active,High,63651,36.28013531452062,1.773208403952544,4.917440417275455,85.99779492833517,1.0,Middle
Gulod,5,2,2,4196.66666666666,Active,High,63651,36.28013531452062,1.773208403952544,4.917440417275455,85.99779492833517,1.0,High
Gulod,5,1,0,4659.33333333333,Active,High,63651,36.28013531452062,1.773208403952544,4.917440417275455,85.99779492833517,0.0,Low
Gulod,4,2,2,4367.5,Active,High,63651,36.28013531452062,1.773208403952544,4.917440417275455,85.99779492833517,1.0,High
Santa Monica,5,2,2,2970.0,Active,Middle,52203,90.8422899758719,0.7118879499942123,4.061069287205716,81.56424581005587,1.0,Low
Santa Monica,4,2,2,3660.0,Active,High,52203,90.8422899758719,0.7118879499942123,4.061069287205716,81.56424581005587,1.0,Low
Santa Monica,6,2,2,3141.66666666666,Active,Middle,52203,90.8422899758719,0.7118879499942123,4.061069287205716,81.56424581005587,1.0,Low
Santa Monica,4,1,1,11618.3333333333,Graduated,High,52203,90.8422899758719,0.7118879499942123,4.061069287205716,81.56424581005587,1.0,High
Santa Monica,5,2,2,2490.0,Active,Middle,52203,90.8422899758719,0.7118879499942123,4.061069287205716,81.56424581005587,1.0,Low
Gulod,5,2,2,3136.66666666666,Active,Middle,63651,36.28013531452062,1.773208403952544,4.917440417275455,85.99779492833517,1.0,High
Santa Monica,7,3,3,3291.42857142857,Graduated,High,52203,90.8422899758719,0.7118879499942123,4.061069287205716,81.56424581005587,1.0,High
Gulod,2,1,1,8041.66666666666,Active,High,63651,36.28013531452062,1.773208403952544,4.917440417275455,85.99779492833517,1.0,High
Santa Monica,7,1,1,4064.28571428571,Active,High,52203,90.8422899758719,0.7118879499942123,4.061069287205716,81.56424581005587,1.0,Low
Gulod,5,1,1,2710.0,Active,Middle,63651,36.28013531452062,1.773208403952544,4.917440417275455,85.99779492833517,1.0,High
Gulod,6,4,3,3725.0,Active,High,63651,36.28013531452062,1.773208403952544,4.917440417275455,85.99779492833517,0.75,Middle
Gulod,7,3,3,3956.66666666666,Active,High,63651,36.28013531452062,1.773208403952544,4.917440417275455,85.99779492833517,1.0,Middle
Gulod,4,2,2,3304.16666666666,Active,High,63651,36.28013531452062,1.773208403952544,4.917440417275455,85.99779492833517,1.0,High
Gulod,6,3,3,2691.66666666666,Active,Middle,63651,36.28013531452062,1.773208403952544,4.917440417275455,85.99779492833517,1.0,Middle
Gulod,5,1,1,6116.66666666666,Graduated,High,63651,36.28013531452062,1.773208403952544,4.917440417275455,85.99779492833517,1.0,High
Novaliches Proper,3,1,1,5800.0,Active,High,16096,33.267097201523434,4.059994828032066,30.318091451292243,80.2919708029197,1.0,Low
Novaliches Proper,4,1,1,6100.0,Active,High,16096,33.267097201523434,4.059994828032066,30.318091451292243,80.2919708029197,1.0,Middle
Santa Lucia,6,3,1,6027.77777777777,Active,High,28974,54.742576372569964,2.690058479532164,7.24787740733071,82.38636363636364,0.3333333333333333,Middle
Santa Lucia,6,4,4,1872.22222222222,Active,Low,28974,54.742576372569964,2.690058479532164,7.24787740733071,82.38636363636364,1.0,High
Gulod,4,3,3,3175.0,Delisted,High,63651,36.28013531452062,1.773208403952544,4.917440417275455,85.99779492833517,1.0,High
Santa Monica,3,2,2,4824.44444444444,Graduated,High,52203,90.8422899758719,0.7118879499942123,4.061069287205716,81.56424581005587,1.0,High
Santa Monica,8,2,2,1809.16666666666,Active,Low,52203,90.8422899758719,0.7118879499942123,4.061069287205716,81.56424581005587,1.0,Low
Santa Monica,7,4,1,421.428571428571,Delisted,Low,52203,90.8422899758719,0.7118879499942123,4.061069287205716,81.56424581005587,0.25,Low
Santa Monica,3,3,1,6816.66666666666,Delisted,High,52203,90.8422899758719,0.7118879499942123,4.061069287205716,81.56424581005587,0.3333333333333333,High
San Agustin,2,1,1,1800.0,Active,Low,26034,24.863309352517984,2.6779727864326563,8.873012214796036,86.71875,1.0,High
Santa Monica,9,6,2,1105.55555555555,Active,Low,52203,90.8422899758719,0.7118879499942123,4.061069287205716,81.56424581005587,0.3333333333333333,Low
Santa Monica,8,1,1,991.666666666666,Active,Low,52203,90.8422899758719,0.7118879499942123,4.061069287205716,81.56424581005587,1.0,Low
Santa Monica,6,1,0,1000.0,Delisted,Low,52203,90.8422899758719,0.7118879499942123,4.061069287205716,81.56424581005587,0.0,Low
Santa Monica,6,1,1,6249.44444444444,Active,High,52203,90.8422899758719,0.7118879499942123,4.061069287205716,81.56424581005587,1.0,Low
Santa Monica,8,3,1,3630.83333333333,Delisted,High,52203,90.8422899758719,0.7118879499942123,4.061069287205716,81.56424581005587,0.3333333333333333,Low
Santa Monica,5,4,4,1370.0,Active,Low,52203,90.8422899758719,0.7118879499942123,4.061069287205716,81.56424581005587,1.0,Low
Santa Monica,6,1,1,1275.0,Active,Low,52203,90.8422899758719,0.7118879499942123,4.061069287205716,81.56424581005587,1.0,Low
Novaliches Proper,7,3,2,3571.42857142857,Delisted,High,16096,33.267097201523434,4.059994828032066,30.318091451292243,80.2919708029197,0.6666666666666666,High
Santa Monica,5,2,2,1266.66666666666,Delisted,Low,52203,90.8422899758719,0.7118879499942123,4.061069287205716,81.56424581005587,1.0,Low
Santa Monica,3,2,2,816.666666666666,Delisted,Low,52203,90.8422899758719,0.7118879499942123,4.061069287205716,81.56424581005587,1.0,Low
Santa Monica,3,1,1,705.555555555555,Inactive,Low,52203,90.8422899758719,0.7118879499942123,4.061069287205716,81.56424581005587,1.0,Low
Bagbag,6,4,3,1950.0,Active,Low,66268,70.79821644887755,2.497950597806753,4.783605963662703,85.5813953488372,0.75,Middle
Santa Lucia,5,3,3,2203.33333333333,Active,Middle,28974,54.742576372569964,2.690058479532164,7.24787740733071,82.38636363636364,1.0,High
Bagbag,6,3,3,2577.77777777777,Active,Middle,66268,70.79821644887755,2.497950597806753,4.783605963662703,85.5813953488372,1.0,Middle
Novaliches Proper,7,3,0,6622.85714285714,Graduated,High,16096,33.267097201523434,4.059994828032066,30.318091451292243,80.2919708029197,0.0,High
Gulod,5,2,1,4216.66666666666,Active,High,63651,36.28013531452062,1.773208403952544,4.917440417275455,85.99779492833517,0.5,Low
Fairview,5,3,3,963.333333333333,Active,Low,63913,110.71145984438877,3.3973436008606606,5.851704661023579,82.78145695364239,1.0,High
Nagkaisang Nayon,4,2,2,2750.0,Delisted,Middle,54477,41.13943727654283,1.2941373347464717,1.156451346439782,74.24242424242425,1.0,Low
Santa Monica,4,1,1,4300.0,Delisted,High,52203,90.8422899758719,0.7118879499942123,4.061069287205716,81.56424581005587,1.0,Middle
Gulod,6,1,1,5269.44444444444,Active,High,63651,36.28013531452062,1.773208403952544,4.917440417275455,85.99779492833517,1.0,High
Gulod,10,1,1,4055.0,Active,High,63651,36.28013531452062,1.773208403952544,4.917440417275455,85.99779492833517,1.0,Middle
Nagkaisang Nayon,6,5,3,2575.0,Active,Middle,54477,41.13943727654283,1.2941373347464717,1.156451346439782,74.24242424242425,0.6,Middle
Nagkaisang Nayon,4,3,2,2612.5,Active,Middle,54477,41.13943727654283,1.2941373347464717,1.156451346439782,74.24242424242425,0.6666666666666666,Middle
Santa Monica,3,2,1,3466.66666666666,Delisted,High,52203,90.8422899758719,0.7118879499942123,4.061069287205716,81.56424581005587,0.5,High
Nagkaisang Nayon,7,4,3,761.904761904761,Delisted,Low,54477,41.13943727654283,1.2941373347464717,1.156451346439782,74.24242424242425,0.75,Low
Nagkaisang Nayon,3,2,2,2000.0,Delisted,Low,54477,41.13943727654283,1.2941373347464717,1.156451346439782,74.24242424242425,1.0,Low
Santa Monica,4,1,1,3000.0,Delisted,Middle,52203,90.8422899758719,0.7118879499942123,4.061069287205716,81.56424581005587,1.0,Middle
Santa Monica,5,3,2,2894.66666666666,Active,Middle,52203,90.8422899758719,0.7118879499942123,4.061069287205716,81.56424581005587,0.6666666666666666,Low
Santa Monica,6,4,3,3212.22222222222,Active,High,52203,90.8422899758719,0.7118879499942123,4.061069287205716,81.56424581005587,0.75,Low
Santa Monica,4,2,2,3618.33333333333,Active,High,52203,90.8422899758719,0.7118879499942123,4.061069287205716,81.56424581005587,1.0,Low
Santa Monica,5,2,2,5606.66666666666,Graduated,High,52203,90.8422899758719,0.7118879499942123,4.061069287205716,81.56424581005587,1.0,High
Santa Monica,3,1,1,2550.0,Active,Middle,52203,90.8422899758719,0.7118879499942123,4.061069287205716,81.56424581005587,1.0,Low
Santa Monica,4,1,1,2112.5,Active,Low,52203,90.8422899758719,0.7118879499942123,4.061069287205716,81.56424581005587,1.0,Low
Santa Monica,6,1,1,4003.88888888888,Delisted,High,52203,90.8422899758719,0.7118879499942123,4.061069287205716,81.56424581005587,1.0,Low
Santa Monica,8,2,2,3806.25,Graduated,High,52203,90.8422899758719,0.7118879499942123,4.061069287205716,81.56424581005587,1.0,High
Capri,6,3,2,2218.33333333333,Active,Middle,12940,10.466108929486087,0.2867550182128187,,84.23236514522821,0.6666666666666666,Middle
Capri,6,2,2,8591.66666666666,Active,High,12940,10.466108929486087,0.2867550182128187,,84.23236514522821,1.0,Low
Capri,3,1,1,6227.77777777777,Active,High,12940,10.466108929486087,0.2867550182128187,,84.23236514522821,1.0,High
Capri,8,3,3,1502.08333333333,Active,Low,12940,10.466108929486087,0.2867550182128187,,84.23236514522821,1.0,Low
Capri,5,2,2,3203.33333333333,Active,High,12940,10.466108929486087,0.2867550182128187,,84.23236514522821,1.0,Low
Capri,4,2,2,5870.83333333333,Graduated,High,12940,10.466108929486087,0.2867550182128187,,84.23236514522821,1.0,High
Capri,3,5,3,4850.0,Graduated,High,12940,10.466108929486087,0.2867550182128187,,84.23236514522821,0.6,High
Capri,5,3,3,2886.66666666666,Active,Middle,12940,10.466108929486087,0.2867550182128187,,84.23236514522821,1.0,High
Santa Lucia,5,1,0,2560.0,Active,Middle,28974,54.742576372569964,2.690058479532164,7.24787740733071,82.38636363636364,0.0,High
Santa Lucia,5,3,1,2096.66666666666,Active,Low,28974,54.742576372569964,2.690058479532164,7.24787740733071,82.38636363636364,0.3333333333333333,Middle
Santa Lucia,9,2,1,6972.22222222222,Active,High,28974,54.742576372569964,2.690058479532164,7.24787740733071,82.38636363636364,0.5,Middle
Pasong Putik Proper,4,2,2,4150.0,Active,High,40919,96.68813689675062,2.5641668337677963,3.690217258486278,79.58477508650519,1.0,High
Santa Monica,8,3,3,2156.25,Active,Low,52203,90.8422899758719,0.7118879499942123,4.061069287205716,81.56424581005587,1.0,Low
Pasong Putik Proper,6,4,3,2116.66666666666,Active,Low,40919,96.68813689675062,2.5641668337677963,3.690217258486278,79.58477508650519,0.75,Middle
Bagbag,6,3,3,4483.33333333333,Active,High,66268,70.79821644887755,2.497950597806753,4.783605963662703,85.5813953488372,1.0,Middle
Bagbag,4,1,1,4379.16666666666,Active,High,66268,70.79821644887755,2.497950597806753,4.783605963662703,85.5813953488372,1.0,High
Bagbag,7,3,2,5438.09523809523,Active,High,66268,70.79821644887755,2.497950597806753,4.783605963662703,85.5813953488372,0.6666666666666666,Low
Bagbag,4,1,0,6297.91666666666,Active,High,66268,70.79821644887755,2.497950597806753,4.783605963662703,85.5813953488372,0.0,Middle
Bagbag,6,3,3,5502.77777777777,Active,High,66268,70.79821644887755,2.497950597806753,4.783605963662703,85.5813953488372,1.0,Middle
San Bartolome,4,4,2,4587.5,Active,High,51472,38.59658570736173,0.6334558536013138,1.3988187752564503,83.91608391608392,0.5,Middle
Pasong Putik Proper,5,3,3,3143.33333333333,Active,High,40919,96.68813689675062,2.5641668337677963,3.690217258486278,79.58477508650519,1.0,High
Bagbag,3,2,1,4183.33333333333,Active,High,66268,70.79821644887755,2.497950597806753,4.783605963662703,85.5813953488372,0.5,High
Pasong Putik Proper,5,3,2,4355.0,Active,High,40919,96.68813689675062,2.5641668337677963,3.690217258486278,79.58477508650519,0.6666666666666666,High
Pasong Putik Proper,4,2,2,4845.83333333333,Active,High,40919,96.68813689675062,2.5641668337677963,3.690217258486278,79.58477508650519,1.0,High
Pasong Putik Proper,9,7,6,2262.96296296296,Active,Middle,40919,96.68813689675062,2.5641668337677963,3.690217258486278,79.58477508650519,0.8571428571428571,Middle
Gulod,5,3,3,3143.33333333333,Active,High,63651,36.28013531452062,1.773208403952544,4.917440417275455,85.99779492833517,1.0,Middle
Gulod,5,2,2,2803.33333333333,Active,Middle,63651,36.28013531452062,1.773208403952544,4.917440417275455,85.99779492833517,1.0,High
Gulod,5,3,3,3163.33333333333,Active,High,63651,36.28013531452062,1.773208403952544,4.917440417275455,85.99779492833517,1.0,Middle
Pasong Putik Proper,8,3,3,2489.58333333333,Active,Middle,40919,96.68813689675062,2.5641668337677963,3.690217258486278,79.58477508650519,1.0,Middle
Pasong Putik Proper,8,7,2,2156.25,Active,Low,40919,96.68813689675062,2.5641668337677963,3.690217258486278,79.58477508650519,0.2857142857142857,Low
Pasong Putik Proper,9,7,2,1692.59259259259,Active,Low,40919,96.68813689675062,2.5641668337677963,3.690217258486278,79.58477508650519,0.2857142857142857,Low
Pasong Putik Proper,8,4,4,2631.25,Active,Middle,40919,96.68813689675062,2.5641668337677963,3.690217258486278,79.58477508650519,1.0,Middle
Pasong Putik Proper,9,3,2,6271.61111111111,Active,High,40919,96.68813689675062,2.5641668337677963,3.690217258486278,79.58477508650519,0.6666666666666666,Middle
Pasong Putik Proper,5,3,3,3640.0,Active,High,40919,96.68813689675062,2.5641668337677963,3.690217258486278,79.58477508650519,1.0,High
Santa Monica,5,2,2,4090.0,Graduated,High,52203,90.8422899758719,0.7118879499942123,4.061069287205716,81.56424581005587,1.0,High
Pasong Putik Proper,5,3,2,2150.0,Active,Low,40919,96.68813689675062,2.5641668337677963,3.690217258486278,79.58477508650519,0.6666666666666666,High
Santa Monica,5,3,2,1490.0,Active,Low,52203,90.8422899758719,0.7118879499942123,4.061069287205716,81.56424581005587,0.6666666666666666,Low
Santa Monica,6,1,1,5116.66666666666,Delisted,High,52203,90.8422899758719,0.7118879499942123,4.061069287205716,81.56424581005587,1.0,Low
Santa Monica,7,2,0,2807.14285714285,Active,Middle,52203,90.8422899758719,0.7118879499942123,4.061069287205716,81.56424581005587,0.0,Low
Santa Monica,7,1,1,6571.42857142857,Active,High,52203,90.8422899758719,0.7118879499942123,4.061069287205716,81.56424581005587,1.0,Low
Santa Lucia,3,1,1,5300.0,Graduated,High,28974,54.742576372569964,2.690058479532164,7.24787740733071,82.38636363636364,1.0,High
Santa Lucia,4,2,2,4825.0,Active,High,28974,54.742576372569964,2.690058479532164,7.24787740733071,82.38636363636364,1.0,Middle
Santa Monica,5,1,1,1253.33333333333,Active,Low,52203,90.8422899758719,0.7118879499942123,4.061069287205716,81.56424581005587,1.0,Low
Santa Monica,5,1,1,1306.66666666666,Active,Low,52203,90.8422899758719,0.7118879499942123,4.061069287205716,81.56424581005587,1.0,Low
Santa Lucia,6,3,3,3438.88888888888,Active,High,28974,54.742576372569964,2.690058479532164,7.24787740733071,82.38636363636364,1.0,High
Santa Monica,6,2,1,1213.88888888888,Active,Low,52203,90.8422899758719,0.7118879499942123,4.061069287205716,81.56424581005587,0.5,Low
Santa Monica,4,1,1,1025.0,Active,Low,52203,90.8422899758719,0.7118879499942123,4.061069287205716,81.56424581005587,1.0,Low
Santa Monica,5,1,1,800.0,Active,Low,52203,90.8422899758719,0.7118879499942123,4.061069287205716,81.56424581005587,1.0,Low
Santa Monica,4,2,2,2108.33333333333,Active,Low,52203,90.8422899758719,0.7118879499942123,4.061069287205716,81.56424581005587,1.0,Low
Santa Monica,5,2,2,600.0,Active,Low,52203,90.8422899758719,0.7118879499942123,4.061069287205716,81.56424581005587,1.0,Low
Santa Monica,4,1,1,2708.33333333333,Delisted,Middle,52203,90.8422899758719,0.7118879499942123,4.061069287205716,81.56424581005587,1.0,Middle
Santa Monica,5,1,1,1833.33333333333,Active,Low,52203,90.8422899758719,0.7118879499942123,4.061069287205716,81.56424581005587,1.0,Low
Santa Monica,6,2,2,863.333333333333,Active,Low,52203,90.8422899758719,0.7118879499942123,4.061069287205716,81.56424581005587,1.0,Low
Pasong Putik Proper,6,3,1,3733.33333333333,Active,High,40919,96.68813689675062,2.5641668337677963,3.690217258486278,79.58477508650519,0.3333333333333333,Low
Santa Monica,5,2,2,1420.0,Active,Low,52203,90.8422899758719,0.7118879499942123,4.061069287205716,81.56424581005587,1.0,Low
North Fairview,9,4,3,2846.29629629629,Active,Middle,47019,187.98309548600477,5.879571248423708,4.211063612582148,76.92307692307693,0.75,Middle
Santa Monica,4,2,2,1387.5,Active,Low,52203,90.8422899758719,0.7118879499942123,4.061069287205716,81.56424581005587,1.0,Low
Santa Monica,5,3,2,986.666666666666,Active,Low,52203,90.8422899758719,0.7118879499942123,4.061069287205716,81.56424581005587,0.6666666666666666,Low
Pasong Putik Proper,6,4,3,3791.66666666666,Active,High,40919,96.68813689675062,2.5641668337677963,3.690217258486278,79.58477508650519,0.75,Middle
Santa Monica,4,3,3,1108.33333333333,Active,Low,52203,90.8422899758719,0.7118879499942123,4.061069287205716,81.56424581005587,1.0,Low
San Agustin,3,1,1,7022.22222222222,Active,High,26034,24.863309352517984,2.6779727864326563,8.873012214796036,86.71875,1.0,High
Santa Monica,5,3,2,700.0,Active,Low,52203,90.8422899758719,0.7118879499942123,4.061069287205716,81.56424581005587,0.6666666666666666,Low
North Fairview,4,4,3,1062.5,Active,Low,47019,187.98309548600477,5.879571248423708,4.211063612582148,76.92307692307693,0.75,Low
North Fairview,4,4,2,3112.5,Active,Middle,47019,187.98309548600477,5.879571248423708,4.211063612582148,76.92307692307693,0.5,Middle
Pasong Putik Proper,6,4,4,1630.55555555555,Active,Low,40919,96.68813689675062,2.5641668337677963,3.690217258486278,79.58477508650519,1.0,Low
North Fairview,5,3,2,1050.0,Active,Low,47019,187.98309548600477,5.879571248423708,4.211063612582148,76.92307692307693,0.6666666666666666,Low
North Fairview,5,4,3,2566.0,Active,Middle,47019,187.98309548600477,5.879571248423708,4.211063612582148,76.92307692307693,0.75,Low
Pasong Putik Proper,4,2,2,4062.5,Active,High,40919,96.68813689675062,2.5641668337677963,3.690217258486278,79.58477508650519,1.0,High
San Agustin,5,2,2,1420.0,Active,Low,26034,24.863309352517984,2.6779727864326563,8.873012214796036,86.71875,1.0,High
Pasong Putik Proper,11,5,3,1713.63636363636,Active,Low,40919,96.68813689675062,2.5641668337677963,3.690217258486278,79.58477508650519,0.6,Low
San Agustin,4,2,2,4016.66666666666,Active,High,26034,24.863309352517984,2.6779727864326563,8.873012214796036,86.71875,1.0,High
Pasong Putik Proper,10,3,3,4128.33333333333,Active,High,40919,96.68813689675062,2.5641668337677963,3.690217258486278,79.58477508650519,1.0,Low
San Agustin,6,1,1,5000.0,Active,High,26034,24.863309352517984,2.6779727864326563,8.873012214796036,86.71875,1.0,High
San Agustin,4,2,2,5283.33333333333,Active,High,26034,24.863309352517984,2.6779727864326563,8.873012214796036,86.71875,1.0,High
San Agustin,5,2,2,3646.66666666666,Active,High,26034,24.863309352517984,2.6779727864326563,8.873012214796036,86.71875,1.0,High
San Agustin,7,3,2,6119.04761904761,Active,High,26034,24.863309352517984,2.6779727864326563,8.873012214796036,86.71875,0.6666666666666666,Middle
San Agustin,8,1,1,7837.5,Graduated,High,26034,24.863309352517984,2.6779727864326563,8.873012214796036,86.71875,1.0,High
Nagkaisang Nayon,6,4,2,4075.0,Active,High,54477,41.13943727654283,1.2941373347464717,1.156451346439782,74.24242424242425,0.5,Low
Nagkaisang Nayon,5,3,3,2056.66666666666,Active,Low,54477,41.13943727654283,1.2941373347464717,1.156451346439782,74.24242424242425,1.0,Middle
Santa Monica,10,1,1,3569.66666666666,Active,High,52203,90.8422899758719,0.7118879499942123,4.061069287205716,81.56424581005587,1.0,Middle
Bagbag,4,2,2,9340.83333333333,Active,High,66268,70.79821644887755,2.497950597806753,4.783605963662703,85.5813953488372,1.0,High
Bagbag,8,4,3,3206.25,Active,High,66268,70.79821644887755,2.497950597806753,4.783605963662703,85.5813953488372,0.75,High
Bagbag,6,4,4,2665.27777777777,Active,Middle,66268,70.79821644887755,2.497950597806753,4.783605963662703,85.5813953488372,1.0,Middle
Bagbag,5,4,3,4513.33333333333,Active,High,66268,70.79821644887755,2.497950597806753,4.783605963662703,85.5813953488372,0.75,Middle
Kaligayahan,8,1,1,4598.54166666666,Delisted,High,62132,109.99053670406921,2.762065429525983,3.2189531964205242,72.42524916943522,1.0,High
Kaligayahan,4,3,3,20866.6666666666,Active,High,62132,109.99053670406921,2.762065429525983,3.2189531964205242,72.42524916943522,1.0,High
Pasong Putik Proper,9,5,2,4647.96296296296,Active,High,40919,96.68813689675062,2.5641668337677963,3.690217258486278,79.58477508650519,0.4,Middle
Gulod,4,3,1,1962.5,Active,Low,63651,36.28013531452062,1.773208403952544,4.917440417275455,85.99779492833517,0.3333333333333333,Low
Gulod,4,2,2,4717.5,Active,High,63651,36.28013531452062,1.773208403952544,4.917440417275455,85.99779492833517,1.0,High
Gulod,5,3,3,7780.0,Active,High,63651,36.28013531452062,1.773208403952544,4.917440417275455,85.99779492833517,1.0,Middle
Gulod,7,2,2,3142.85714285714,Active,High,63651,36.28013531452062,1.773208403952544,4.917440417275455,85.99779492833517,1.0,Middle
Gulod,4,2,1,4667.5,Active,High,63651,36.28013531452062,1.773208403952544,4.917440417275455,85.99779492833517,0.5,High
Gulod,4,2,2,2379.16666666666,Active,Middle,63651,36.28013531452062,1.773208403952544,4.917440417275455,85.99779492833517,1.0,High
Kaligayahan,5,1,1,2583.33333333333,Active,Middle,62132,109.99053670406921,2.762065429525983,3.2189531964205242,72.42524916943522,1.0,High
Kaligayahan,7,2,2,5345.23809523809,Active,High,62132,109.99053670406921,2.762065429525983,3.2189531964205242,72.42524916943522,1.0,Middle
Kaligayahan,4,3,1,1875.0,Active,Low,62132,109.99053670406921,2.762065429525983,3.2189531964205242,72.42524916943522,0.3333333333333333,Low
Kaligayahan,5,3,2,3590.0,Active,High,62132,109.99053670406921,2.762065429525983,3.2189531964205242,72.42524916943522,0.6666666666666666,Low
Kaligayahan,6,3,3,5680.55555555555,Active,High,62132,109.99053670406921,2.762065429525983,3.2189531964205242,72.42524916943522,1.0,Middle
Santa Monica,7,2,2,1230.95238095238,Active,Low,52203,90.8422899758719,0.7118879499942123,4.061069287205716,81.56424581005587,1.0,Low
Santa Monica,12,2,2,2370.83333333333,Active,Middle,52203,90.8422899758719,0.7118879499942123,4.061069287205716,81.56424581005587,1.0,Middle
Santa Monica,4,3,3,3945.83333333333,Active,High,52203,90.8422899758719,0.7118879499942123,4.061069287205716,81.56424581005587,1.0,Low
Santa Monica,6,3,3,2440.0,Active,Middle,52203,90.8422899758719,0.7118879499942123,4.061069287205716,81.56424581005587,1.0,Low
San Bartolome,6,2,2,2244.44444444444,Delisted,Middle,51472,38.59658570736173,0.6334558536013138,1.3988187752564503,83.91608391608392,1.0,Middle
San Bartolome,6,4,4,1050.0,Active,Low,51472,38.59658570736173,0.6334558536013138,1.3988187752564503,83.91608391608392,1.0,Middle
Bagbag,4,2,2,5525.0,Active,High,66268,70.79821644887755,2.497950597806753,4.783605963662703,85.5813953488372,1.0,High
Gulod,4,2,2,7187.5,Active,High,63651,36.28013531452062,1.773208403952544,4.917440417275455,85.99779492833517,1.0,High
San Bartolome,3,1,1,7713.33333333333,Active,High,51472,38.59658570736173,0.6334558536013138,1.3988187752564503,83.91608391608392,1.0,High
Gulod,4,1,1,2987.5,Active,Middle,63651,36.28013531452062,1.773208403952544,4.917440417275455,85.99779492833517,1.0,High
Gulod,4,2,2,6287.5,Active,High,63651,36.28013531452062,1.773208403952544,4.917440417275455,85.99779492833517,1.0,High
San Bartolome,4,1,0,12257.5,Delisted,High,51472,38.59658570736173,0.6334558536013138,1.3988187752564503,83.91608391608392,0.0,High
Gulod,4,2,2,2937.5,Active,Middle,63651,36.28013531452062,1.773208403952544,4.917440417275455,85.99779492833517,1.0,High
Gulod,5,3,3,6990.0,Active,High,63651,36.28013531452062,1.773208403952544,4.917440417275455,85.99779492833517,1.0,Middle
San Bartolome,4,3,3,3404.16666666666,Active,High,51472,38.59658570736173,0.6334558536013138,1.3988187752564503,83.91608391608392,1.0,Middle
Gulod,5,2,1,2770.0,Active,Middle,63651,36.28013531452062,1.773208403952544,4.917440417275455,85.99779492833517,0.5,Low
Gulod,6,3,2,5025.0,Active,High,63651,36.28013531452062,1.773208403952544,4.917440417275455,85.99779492833517,0.6666666666666666,Middle
Gulod,4,4,2,2637.5,Active,Middle,63651,36.28013531452062,1.773208403952544,4.917440417275455,85.99779492833517,0.5,Middle
San Bartolome,3,2,1,6327.77777777777,Active,High,51472,38.59658570736173,0.6334558536013138,1.3988187752564503,83.91608391608392,0.5,High
San Bartolome,6,4,2,1602.77777777777,Active,Low,51472,38.59658570736173,0.6334558536013138,1.3988187752564503,83.91608391608392,0.5,Low
San Bartolome,5,3,3,923.333333333333,Active,Low,51472,38.59658570736173,0.6334558536013138,1.3988187752564503,83.91608391608392,1.0,Low
Gulod,2,1,1,4200.0,Delisted,High,63651,36.28013531452062,1.773208403952544,4.917440417275455,85.99779492833517,1.0,High
San Bartolome,4,2,2,2608.33333333333,Active,Middle,51472,38.59658570736173,0.6334558536013138,1.3988187752564503,83.91608391608392,1.0,High
San Bartolome,5,1,1,7098.0,Active,High,51472,38.59658570736173,0.6334558536013138,1.3988187752564503,83.91608391608392,1.0,Low
San Bartolome,4,2,1,2687.5,Active,Middle,51472,38.59658570736173,0.6334558536013138,1.3988187752564503,83.91608391608392,0.5,High
San Bartolome,5,2,1,1430.0,Active,Low,51472,38.59658570736173,0.6334558536013138,1.3988187752564503,83.91608391608392,0.5,Low
Gulod,4,2,1,3812.5,Active,High,63651,36.28013531452062,1.773208403952544,4.917440417275455,85.99779492833517,0.5,High
Gulod,3,3,3,6276.66666666666,Active,High,63651,36.28013531452062,1.773208403952544,4.917440417275455,85.99779492833517,1.0,High
San Bartolome,7,3,2,2271.42857142857,Active,Middle,51472,38.59658570736173,0.6334558536013138,1.3988187752564503,83.91608391608392,0.6666666666666666,Middle
Gulod,4,2,2,6263.5,Delisted,High,63651,36.28013531452062,1.773208403952544,4.917440417275455,85.99779492833517,1.0,High
San Agustin,5,2,2,4630.0,Active,High,26034,24.863309352517984,2.6779727864326563,8.873012214796036,86.71875,1.0,High
Bagbag,6,1,1,3455.55555555555,Active,High,66268,70.79821644887755,2.497950597806753,4.783605963662703,85.5813953488372,1.0,High
San Agustin,5,2,2,6206.66666666666,Active,High,26034,24.863309352517984,2.6779727864326563,8.873012214796036,86.71875,1.0,High
San Agustin,5,4,3,853.333333333333,Active,Low,26034,24.863309352517984,2.6779727864326563,8.873012214796036,86.71875,0.75,Low
Gulod,5,4,4,3170.0,Active,High,63651,36.28013531452062,1.773208403952544,4.917440417275455,85.99779492833517,1.0,Middle
Gulod,7,2,2,1842.85714285714,Active,Low,63651,36.28013531452062,1.773208403952544,4.917440417275455,85.99779492833517,1.0,Middle
Gulod,4,1,1,6270.83333333333,Active,High,63651,36.28013531452062,1.773208403952544,4.917440417275455,85.99779492833517,1.0,High
Gulod,4,2,2,4187.5,Active,High,63651,36.28013531452062,1.773208403952544,4.917440417275455,85.99779492833517,1.0,High
Gulod,4,2,1,7582.5,Active,High,63651,36.28013531452062,1.773208403952544,4.917440417275455,85.99779492833517,0.5,High
Gulod,3,2,2,5561.11111111111,Active,High,63651,36.28013531452062,1.773208403952544,4.917440417275455,85.99779492833517,1.0,High
San Agustin,5,3,3,2760.0,Active,Middle,26034,24.863309352517984,2.6779727864326563,8.873012214796036,86.71875,1.0,Middle
San Agustin,5,1,1,7423.33333333333,Graduated,High,26034,24.863309352517984,2.6779727864326563,8.873012214796036,86.71875,1.0,High
Novaliches Proper,7,5,3,2657.14285714285,Active,Middle,16096,33.267097201523434,4.059994828032066,30.318091451292243,80.2919708029197,0.6,Low
San Agustin,6,2,1,6575.0,Delisted,High,26034,24.863309352517984,2.6779727864326563,8.873012214796036,86.71875,0.5,Middle
Fairview,5,3,3,3670.0,Active,High,63913,110.71145984438877,3.3973436008606606,5.851704661023579,82.78145695364239,1.0,High
Fairview,4,1,1,6537.5,Active,High,63913,110.71145984438877,3.3973436008606606,5.851704661023579,82.78145695364239,1.0,High
Novaliches Proper,4,2,1,3800.0,Active,High,16096,33.267097201523434,4.059994828032066,30.318091451292243,80.2919708029197,0.5,Low
Novaliches Proper,4,2,2,3816.66666666666,Active,High,16096,33.267097201523434,4.059994828032066,30.318091451292243,80.2919708029197,1.0,Low
Novaliches Proper,4,1,1,5466.66666666666,Active,High,16096,33.267097201523434,4.059994828032066,30.318091451292243,80.2919708029197,1.0,Middle
Novaliches Proper,5,5,2,3600.0,Active,High,16096,33.267097201523434,4.059994828032066,30.318091451292243,80.2919708029197,0.4,High
Fairview,5,2,2,6776.66666666666,Active,High,63913,110.71145984438877,3.3973436008606606,5.851704661023579,82.78145695364239,1.0,High
San Agustin,4,3,3,4870.83333333333,Active,High,26034,24.863309352517984,2.6779727864326563,8.873012214796036,86.71875,1.0,High
Fairview,4,2,1,3337.5,Active,High,63913,110.71145984438877,3.3973436008606606,5.851704661023579,82.78145695364239,0.5,High
Fairview,3,2,1,6666.66666666666,Delisted,High,63913,110.71145984438877,3.3973436008606606,5.851704661023579,82.78145695364239,0.5,High
Bagbag,5,3,3,3403.33333333333,Active,High,66268,70.79821644887755,2.497950597806753,4.783605963662703,85.5813953488372,1.0,Middle
San Agustin,9,4,2,3179.62962962962,Active,High,26034,24.863309352517984,2.6779727864326563,8.873012214796036,86.71875,0.5,High
Fairview,4,3,3,2920.83333333333,Active,Middle,63913,110.71145984438877,3.3973436008606606,5.851704661023579,82.78145695364239,1.0,Middle
Bagbag,5,2,2,2120.0,Active,Low,66268,70.79821644887755,2.497950597806753,4.783605963662703,85.5813953488372,1.0,High
Bagbag,6,2,1,1493.05555555555,Active,Low,66268,70.79821644887755,2.497950597806753,4.783605963662703,85.5813953488372,0.5,Low
Bagbag,8,4,3,3256.25,Active,High,66268,70.79821644887755,2.497950597806753,4.783605963662703,85.5813953488372,0.75,High
Santa Lucia,6,2,2,4103.33333333333,Active,High,28974,54.742576372569964,2.690058479532164,7.24787740733071,82.38636363636364,1.0,High
Bagbag,3,1,1,5133.33333333333,Active,High,66268,70.79821644887755,2.497950597806753,4.783605963662703,85.5813953488372,1.0,High
San Agustin,5,1,1,2213.33333333333,Delisted,Middle,26034,24.863309352517984,2.6779727864326563,8.873012214796036,86.71875,1.0,Middle
San Agustin,4,4,1,2266.66666666666,Active,Middle,26034,24.863309352517984,2.6779727864326563,8.873012214796036,86.71875,0.25,Middle
Santa Lucia,6,2,2,5133.33333333333,Active,High,28974,54.742576372569964,2.690058479532164,7.24787740733071,82.38636363636364,1.0,High
San Agustin,5,3,3,4346.66666666666,Active,High,26034,24.863309352517984,2.6779727864326563,8.873012214796036,86.71875,1.0,Middle
Santa Lucia,6,2,2,7750.27777777777,Active,High,28974,54.742576372569964,2.690058479532164,7.24787740733071,82.38636363636364,1.0,High
Gulod,5,3,3,2870.0,Active,Middle,63651,36.28013531452062,1.773208403952544,4.917440417275455,85.99779492833517,1.0,Middle
Gulod,3,2,2,4550.0,Active,High,63651,36.28013531452062,1.773208403952544,4.917440417275455,85.99779492833517,1.0,High
North Fairview,6,4,2,2525.0,Active,Middle,47019,187.98309548600477,5.879571248423708,4.211063612582148,76.92307692307693,0.5,Middle
North Fairview,5,3,3,3123.33333333333,Active,Middle,47019,187.98309548600477,5.879571248423708,4.211063612582148,76.92307692307693,1.0,Middle
Pasong Putik Proper,6,3,3,3943.05555555555,Active,High,40919,96.68813689675062,2.5641668337677963,3.690217258486278,79.58477508650519,1.0,Middle
Pasong Putik Proper,6,4,1,1630.55555555555,Active,Low,40919,96.68813689675062,2.5641668337677963,3.690217258486278,79.58477508650519,0.25,Low
Pasong Putik Proper,6,2,2,3373.33333333333,Active,High,40919,96.68813689675062,2.5641668337677963,3.690217258486278,79.58477508650519,1.0,High
Pasong Putik Proper,8,5,2,2800.0,Active,Middle,40919,96.68813689675062,2.5641668337677963,3.690217258486278,79.58477508650519,0.4,Middle
North Fairview,6,6,3,2852.77777777777,Active,Middle,47019,187.98309548600477,5.879571248423708,4.211063612582148,76.92307692307693,0.5,Middle
Gulod,4,2,2,3470.83333333333,Active,High,63651,36.28013531452062,1.773208403952544,4.917440417275455,85.99779492833517,1.0,High
Pasong Putik Proper,4,2,1,3741.66666666666,Active,High,40919,96.68813689675062,2.5641668337677963,3.690217258486278,79.58477508650519,0.5,High
Santa Lucia,8,3,3,7083.33333333333,Active,High,28974,54.742576372569964,2.690058479532164,7.24787740733071,82.38636363636364,1.0,High
Pasong Putik Proper,5,1,1,2516.66666666666,Active,Middle,40919,96.68813689675062,2.5641668337677963,3.690217258486278,79.58477508650519,1.0,High
Gulod,4,2,2,4257.5,Active,High,63651,36.28013531452062,1.773208403952544,4.917440417275455,85.99779492833517,1.0,High
Pasong Putik Proper,6,3,1,1244.44444444444,Active,Low,40919,96.68813689675062,2.5641668337677963,3.690217258486278,79.58477508650519,0.3333333333333333,Low
Gulod,4,1,1,4545.83333333333,Active,High,63651,36.28013531452062,1.773208403952544,4.917440417275455,85.99779492833517,1.0,High
Pasong Putik Proper,8,4,2,3227.08333333333,Active,High,40919,96.68813689675062,2.5641668337677963,3.690217258486278,79.58477508650519,0.5,Middle
Gulod,5,3,3,2706.66666666666,Active,Middle,63651,36.28013531452062,1.773208403952544,4.917440417275455,85.99779492833517,1.0,Middle
Gulod,5,2,2,1590.0,Active,Low,63651,36.28013531452062,1.773208403952544,4.917440417275455,85.99779492833517,1.0,High
Gulod,5,3,3,5130.66666666666,Active,High,63651,36.28013531452062,1.773208403952544,4.917440417275455,85.99779492833517,1.0,Middle
Gulod,5,2,2,2756.66666666666,Active,Middle,63651,36.28013531452062,1.773208403952544,4.917440417275455,85.99779492833517,1.0,High
Gulod,5,3,3,3070.0,Active,Middle,63651,36.28013531452062,1.773208403952544,4.917440417275455,85.99779492833517,1.0,Middle
Gulod,8,2,2,1981.25,Active,Low,63651,36.28013531452062,1.773208403952544,4.917440417275455,85.99779492833517,1.0,Low
Santa Monica,6,2,2,1155.55555555555,Active,Low,52203,90.8422899758719,0.7118879499942123,4.061069287205716,81.56424581005587,1.0,Low
Santa Monica,7,6,3,945.238095238095,Active,Low,52203,90.8422899758719,0.7118879499942123,4.061069287205716,81.56424581005587,0.5,Low
Santa Monica,4,2,2,1000.0,Active,Low,52203,90.8422899758719,0.7118879499942123,4.061069287205716,81.56424581005587,1.0,Low
Santa Monica,6,1,1,1141.66666666666,Active,Low,52203,90.8422899758719,0.7118879499942123,4.061069287205716,81.56424581005587,1.0,Low
Santa Monica,4,2,2,841.666666666666,Active,Low,52203,90.8422899758719,0.7118879499942123,4.061069287205716,81.56424581005587,1.0,Low
Pasong Putik Proper,3,1,1,6061.11111111111,Active,High,40919,96.68813689675062,2.5641668337677963,3.690217258486278,79.58477508650519,1.0,Middle
Gulod,5,1,1,7470.0,Active,High,63651,36.28013531452062,1.773208403952544,4.917440417275455,85.99779492833517,1.0,High
Gulod,3,2,1,2561.11111111111,Active,Middle,63651,36.28013531452062,1.773208403952544,4.917440417275455,85.99779492833517,0.5,High
Gulod,5,3,3,20370.0,Active,High,63651,36.28013531452062,1.773208403952544,4.917440417275455,85.99779492833517,1.0,Middle
Gulod,4,1,1,3454.16666666666,Active,High,63651,36.28013531452062,1.773208403952544,4.917440417275455,85.99779492833517,1.0,High
Gulod,3,1,1,6205.55555555555,Active,High,63651,36.28013531452062,1.773208403952544,4.917440417275455,85.99779492833517,1.0,High
North Fairview,4,2,2,6891.66666666666,Active,High,47019,187.98309548600477,5.879571248423708,4.211063612582148,76.92307692307693,1.0,Middle
Gulod,4,3,3,5319.16666666666,Active,High,63651,36.28013531452062,1.773208403952544,4.917440417275455,85.99779492833517,1.0,High
Santa Lucia,6,4,3,3693.61111111111,Active,High,28974,54.742576372569964,2.690058479532164,7.24787740733071,82.38636363636364,0.75,High
Gulod,3,2,2,5721.11111111111,Active,High,63651,36.28013531452062,1.773208403952544,4.917440417275455,85.99779492833517,1.0,High
Pasong Putik Proper,6,2,1,2480.55555555555,Active,Middle,40919,96.68813689675062,2.5641668337677963,3.690217258486278,79.58477508650519,0.5,High
North Fairview,7,5,3,2561.90476190476,Active,Middle,47019,187.98309548600477,5.879571248423708,4.211063612582148,76.92307692307693,0.6,Low
Santa Lucia,7,5,4,1907.14285714285,Active,Low,28974,54.742576372569964,2.690058479532164,7.24787740733071,82.38636363636364,0.8,Low
Santa Lucia,3,1,1,5272.22222222222,Active,High,28974,54.742576372569964,2.690058479532164,7.24787740733071,82.38636363636364,1.0,High
North Fairview,5,4,1,3690.0,Delisted,High,47019,187.98309548600477,5.879571248423708,4.211063612582148,76.92307692307693,0.25,High
North Fairview,4,2,2,4950.0,Active,High,47019,187.98309548600477,5.879571248423708,4.211063612582148,76.92307692307693,1.0,Middle
North Fairview,4,3,2,3766.66666666666,Active,High,47019,187.98309548600477,5.879571248423708,4.211063612582148,76.92307692307693,0.6666666666666666,Middle
North Fairview,2,1,1,2566.66666666666,Active,Middle,47019,187.98309548600477,5.879571248423708,4.211063612582148,76.92307692307693,1.0,High
North Fairview,5,2,2,3293.33333333333,Active,High,47019,187.98309548600477,5.879571248423708,4.211063612582148,76.92307692307693,1.0,Middle
North Fairview,4,3,3,5750.0,Active,High,47019,187.98309548600477,5.879571248423708,4.211063612582148,76.92307692307693,1.0,Middle
Gulod,6,4,2,2860.55555555555,Active,Middle,63651,36.28013531452062,1.773208403952544,4.917440417275455,85.99779492833517,0.5,Low
North Fairview,5,3,2,4771.33333333333,Active,High,47019,187.98309548600477,5.879571248423708,4.211063612582148,76.92307692307693,0.6666666666666666,Low
North Fairview,6,3,3,3150.0,Delisted,High,47019,187.98309548600477,5.879571248423708,4.211063612582148,76.92307692307693,1.0,Middle
Pasong Putik Proper,7,1,1,3304.7619047619,Active,High,40919,96.68813689675062,2.5641668337677963,3.690217258486278,79.58477508650519,1.0,Middle
Gulod,3,1,1,4861.11111111111,Active,High,63651,36.28013531452062,1.773208403952544,4.917440417275455,85.99779492833517,1.0,High
Santa Lucia,4,3,3,4216.66666666666,Active,High,28974,54.742576372569964,2.690058479532164,7.24787740733071,82.38636363636364,1.0,High
Pasong Putik Proper,4,2,2,4239.16666666666,Active,High,40919,96.68813689675062,2.5641668337677963,3.690217258486278,79.58477508650519,1.0,High
Gulod,4,2,2,5470.83333333333,Active,High,63651,36.28013531452062,1.773208403952544,4.917440417275455,85.99779492833517,1.0,High
Gulod,4,2,2,5737.5,Active,High,63651,36.28013531452062,1.773208403952544,4.917440417275455,85.99779492833517,1.0,High
Santa Lucia,3,1,1,6411.11111111111,Delisted,High,28974,54.742576372569964,2.690058479532164,7.24787740733071,82.38636363636364,1.0,High
Santa Lucia,3,1,1,9011.11111111111,Delisted,High,28974,54.742576372569964,2.690058479532164,7.24787740733071,82.38636363636364,1.0,High
Gulod,4,2,2,3979.16666666666,Active,High,63651,36.28013531452062,1.773208403952544,4.917440417275455,85.99779492833517,1.0,High
Gulod,4,1,1,2520.83333333333,Active,Middle,63651,36.28013531452062,1.773208403952544,4.917440417275455,85.99779492833517,1.0,High
Gulod,4,2,2,4220.83333333333,Active,High,63651,36.28013531452062,1.773208403952544,4.917440417275455,85.99779492833517,1.0,High
Gulod,6,3,1,4356.11111111111,Active,High,63651,36.28013531452062,1.773208403952544,4.917440417275455,85.99779492833517,0.3333333333333333,Middle
Gulod,5,1,1,10523.3333333333,Active,High,63651,36.28013531452062,1.773208403952544,4.917440417275455,85.99779492833517,1.0,High
Gulod,2,2,2,2308.33333333333,Active,Middle,63651,36.28013531452062,1.773208403952544,4.917440417275455,85.99779492833517,1.0,High
Gulod,5,3,3,3636.0,Active,High,63651,36.28013531452062,1.773208403952544,4.917440417275455,85.99779492833517,1.0,Middle
Gulod,5,1,1,1136.66666666666,Active,Low,63651,36.28013531452062,1.773208403952544,4.917440417275455,85.99779492833517,1.0,High
Gulod,4,2,2,4370.83333333333,Active,High,63651,36.28013531452062,1.773208403952544,4.917440417275455,85.99779492833517,1.0,High
Gulod,6,1,1,5947.22222222222,Active,High,63651,36.28013531452062,1.773208403952544,4.917440417275455,85.99779492833517,1.0,High
Gulod,5,3,3,4000.0,Active,High,63651,36.28013531452062,1.773208403952544,4.917440417275455,85.99779492833517,1.0,Middle
Gulod,5,2,2,3163.33333333333,Active,High,63651,36.28013531452062,1.773208403952544,4.917440417275455,85.99779492833517,1.0,High
Gulod,4,2,2,5695.83333333333,Active,High,63651,36.28013531452062,1.773208403952544,4.917440417275455,85.99779492833517,1.0,High
Gulod,3,1,1,6605.55555555555,Active,High,63651,36.28013531452062,1.773208403952544,4.917440417275455,85.99779492833517,1.0,High
Santa Monica,3,3,1,4180.0,Active,High,52203,90.8422899758719,0.7118879499942123,4.061069287205716,81.56424581005587,0.3333333333333333,Low
Santa Monica,3,1,1,6135.55555555555,Active,High,52203,90.8422899758719,0.7118879499942123,4.061069287205716,81.56424581005587,1.0,Low
Gulod,5,4,4,3000.0,Active,Middle,63651,36.28013531452062,1.773208403952544,4.917440417275455,85.99779492833517,1.0,Middle
Gulod,5,2,2,1823.33333333333,Active,Low,63651,36.28013531452062,1.773208403952544,4.917440417275455,85.99779492833517,1.0,High
North Fairview,7,5,5,1921.42857142857,Active,Low,47019,187.98309548600477,5.879571248423708,4.211063612582148,76.92307692307693,1.0,Low
North Fairview,7,2,2,4064.28571428571,Active,High,47019,187.98309548600477,5.879571248423708,4.211063612582148,76.92307692307693,1.0,Middle
North Fairview,5,3,3,2623.33333333333,Active,Middle,47019,187.98309548600477,5.879571248423708,4.211063612582148,76.92307692307693,1.0,Middle
North Fairview,5,3,3,5850.0,Active,High,47019,187.98309548600477,5.879571248423708,4.211063612582148,76.92307692307693,1.0,Middle
San Agustin,6,5,3,861.111111111111,Active,Low,26034,24.863309352517984,2.6779727864326563,8.873012214796036,86.71875,0.6,Low
Nagkaisang Nayon,4,2,2,2420.83333333333,Active,Middle,54477,41.13943727654283,1.2941373347464717,1.156451346439782,74.24242424242425,1.0,Middle
San Agustin,5,3,3,2266.66666666666,Active,Middle,26034,24.863309352517984,2.6779727864326563,8.873012214796036,86.71875,1.0,Middle
San Agustin,5,3,3,2826.66666666666,Active,Middle,26034,24.863309352517984,2.6779727864326563,8.873012214796036,86.71875,1.0,Middle
San Agustin,7,4,4,2333.33333333333,Active,Middle,26034,24.863309352517984,2.6779727864326563,8.873012214796036,86.71875,1.0,Middle
San Agustin,5,4,3,1933.33333333333,Active,Low,26034,24.863309352517984,2.6779727864326563,8.873012214796036,86.71875,0.75,Low
Novaliches Proper,3,2,1,1483.33333333333,Active,Low,16096,33.267097201523434,4.059994828032066,30.318091451292243,80.2919708029197,0.5,Low
San Agustin,6,1,1,4333.33333333333,Active,High,26034,24.863309352517984,2.6779727864326563,8.873012214796036,86.71875,1.0,High
Novaliches Proper,5,3,3,3130.0,Active,Middle,16096,33.267097201523434,4.059994828032066,30.318091451292243,80.2919708029197,1.0,Middle
Novaliches Proper,3,2,2,3355.55555555555,Active,High,16096,33.267097201523434,4.059994828032066,30.318091451292243,80.2919708029197,1.0,Low
San Agustin,8,2,2,5354.16666666666,Active,High,26034,24.863309352517984,2.6779727864326563,8.873012214796036,86.71875,1.0,Low
North Fairview,3,3,3,2794.44444444444,Active,Middle,47019,187.98309548600477,5.879571248423708,4.211063612582148,76.92307692307693,1.0,Middle
North Fairview,5,2,0,7420.0,Active,High,47019,187.98309548600477,5.879571248423708,4.211063612582148,76.92307692307693,0.0,High
Gulod,3,2,1,2993.33333333333,Active,Middle,63651,36.28013531452062,1.773208403952544,4.917440417275455,85.99779492833517,0.5,High
Gulod,3,2,1,2283.33333333333,Active,Middle,63651,36.28013531452062,1.773208403952544,4.917440417275455,85.99779492833517,0.5,High
Gulod,5,2,2,2110.0,Active,Low,63651,36.28013531452062,1.773208403952544,4.917440417275455,85.99779492833517,1.0,High
Gulod,6,2,2,4425.0,Active,High,63651,36.28013531452062,1.773208403952544,4.917440417275455,85.99779492833517,1.0,Middle
Gulod,4,2,2,3937.5,Active,High,63651,36.28013531452062,1.773208403952544,4.917440417275455,85.99779492833517,1.0,High
Gulod,5,2,2,8930.0,Active,High,63651,36.28013531452062,1.773208403952544,4.917440417275455,85.99779492833517,1.0,High
Pasong Putik Proper,5,4,3,5310.0,Active,High,40919,96.68813689675062,2.5641668337677963,3.690217258486278,79.58477508650519,0.75,Low
Pasong Putik Proper,2,3,1,16125.0,Active,High,40919,96.68813689675062,2.5641668337677963,3.690217258486278,79.58477508650519,0.3333333333333333,High
Pasong Putik Proper,9,2,2,6079.62962962963,Active,High,40919,96.68813689675062,2.5641668337677963,3.690217258486278,79.58477508650519,1.0,Middle
Pasong Putik Proper,4,1,1,5374.16666666666,Active,High,40919,96.68813689675062,2.5641668337677963,3.690217258486278,79.58477508650519,1.0,High
Kaligayahan,8,3,2,3535.625,Active,High,62132,109.99053670406921,2.762065429525983,3.2189531964205242,72.42524916943522,0.6666666666666666,Low
North Fairview,4,3,2,3475.0,Active,High,47019,187.98309548600477,5.879571248423708,4.211063612582148,76.92307692307693,0.6666666666666666,Middle
Kaligayahan,9,1,0,2095.37037037037,Delisted,Low,62132,109.99053670406921,2.762065429525983,3.2189531964205242,72.42524916943522,0.0,Low
North Fairview,6,4,3,2566.66666666666,Active,Middle,47019,187.98309548600477,5.879571248423708,4.211063612582148,76.92307692307693,0.75,Low
Kaligayahan,6,3,3,2666.66666666666,Active,Middle,62132,109.99053670406921,2.762065429525983,3.2189531964205242,72.42524916943522,1.0,Middle
North Fairview,7,1,1,4611.19047619047,Active,High,47019,187.98309548600477,5.879571248423708,4.211063612582148,76.92307692307693,1.0,Middle
North Fairview,8,3,2,4291.66666666666,Active,High,47019,187.98309548600477,5.879571248423708,4.211063612582148,76.92307692307693,0.6666666666666666,High
North Fairview,6,1,1,5055.55555555555,Active,High,47019,187.98309548600477,5.879571248423708,4.211063612582148,76.92307692307693,1.0,Middle
North Fairview,5,3,3,4266.66666666666,Active,High,47019,187.98309548600477,5.879571248423708,4.211063612582148,76.92307692307693,1.0,Middle
Kaligayahan,8,2,2,1820.83333333333,Active,Low,62132,109.99053670406921,2.762065429525983,3.2189531964205242,72.42524916943522,1.0,High
North Fairview,8,6,4,2808.33333333333,Active,Middle,47019,187.98309548600477,5.879571248423708,4.211063612582148,76.92307692307693,0.6666666666666666,Low
Kaligayahan,3,2,1,4416.66666666666,Delisted,High,62132,109.99053670406921,2.762065429525983,3.2189531964205242,72.42524916943522,0.5,High
North Fairview,4,2,1,3308.33333333333,Active,High,47019,187.98309548600477,5.879571248423708,4.211063612582148,76.92307692307693,0.5,Middle
Gulod,4,1,0,10062.5,Active,High,63651,36.28013531452062,1.773208403952544,4.917440417275455,85.99779492833517,0.0,Low
Kaligayahan,4,2,2,4420.83333333333,Active,High,62132,109.99053670406921,2.762065429525983,3.2189531964205242,72.42524916943522,1.0,High
Gulod,5,4,2,2570.0,Active,Middle,63651,36.28013531452062,1.773208403952544,4.917440417275455,85.99779492833517,0.5,Low
Gulod,6,2,1,5436.11111111111,Active,High,63651,36.28013531452062,1.773208403952544,4.917440417275455,85.99779492833517,0.5,Low
North Fairview,5,3,2,3613.33333333333,Active,High,47019,187.98309548600477,5.879571248423708,4.211063612582148,76.92307692307693,0.6666666666666666,Low
Gulod,4,1,1,4958.33333333333,Active,High,63651,36.28013531452062,1.773208403952544,4.917440417275455,85.99779492833517,1.0,High
North Fairview,5,3,3,2880.0,Active,Middle,47019,187.98309548600477,5.879571248423708,4.211063612582148,76.92307692307693,1.0,Middle
Gulod,5,4,3,3339.33333333333,Active,High,63651,36.28013531452062,1.773208403952544,4.917440417275455,85.99779492833517,0.75,Low
Gulod,4,1,1,6087.5,Active,High,63651,36.28013531452062,1.773208403952544,4.917440417275455,85.99779492833517,1.0,High
Gulod,5,2,1,3456.66666666666,Active,High,63651,36.28013531452062,1.773208403952544,4.917440417275455,85.99779492833517,0.5,Low
Gulod,5,2,2,3660.66666666666,Active,High,63651,36.28013531452062,1.773208403952544,4.917440417275455,85.99779492833517,1.0,High
Gulod,6,4,3,3058.33333333333,Active,Middle,63651,36.28013531452062,1.773208403952544,4.917440417275455,85.99779492833517,0.75,Middle
Gulod,4,1,1,6090.83333333333,Active,High,63651,36.28013531452062,1.773208403952544,4.917440417275455,85.99779492833517,1.0,High
Gulod,6,1,1,2780.55555555555,Active,Middle,63651,36.28013531452062,1.773208403952544,4.917440417275455,85.99779492833517,1.0,High
Gulod,4,3,2,2925.0,Active,Middle,63651,36.28013531452062,1.773208403952544,4.917440417275455,85.99779492833517,0.6666666666666666,High
Gulod,3,1,1,4970.0,Active,High,63651,36.28013531452062,1.773208403952544,4.917440417275455,85.99779492833517,1.0,High
Gulod,5,3,3,2870.0,Active,Middle,63651,36.28013531452062,1.773208403952544,4.917440417275455,85.99779492833517,1.0,Middle
Gulod,2,2,1,8125.0,Active,High,63651,36.28013531452062,1.773208403952544,4.917440417275455,85.99779492833517,0.5,Middle
Gulod,7,3,3,2350.0,Active,Middle,63651,36.28013531452062,1.773208403952544,4.917440417275455,85.99779492833517,1.0,Middle
Gulod,6,5,3,2408.33333333333,Active,Middle,63651,36.28013531452062,1.773208403952544,4.917440417275455,85.99779492833517,0.6,Middle
Fairview,4,2,2,6977.5,Active,High,63913,110.71145984438877,3.3973436008606606,5.851704661023579,82.78145695364239,1.0,Middle
Fairview,7,3,3,2397.61904761904,Active,Middle,63913,110.71145984438877,3.3973436008606606,5.851704661023579,82.78145695364239,1.0,Middle
Fairview,5,2,1,3190.0,Active,High,63913,110.71145984438877,3.3973436008606606,5.851704661023579,82.78145695364239,0.5,High
Fairview,5,3,2,3303.33333333333,Active,High,63913,110.71145984438877,3.3973436008606606,5.851704661023579,82.78145695364239,0.6666666666666666,Middle
Fairview,6,5,4,2275.0,Delisted,Middle,63913,110.71145984438877,3.3973436008606606,5.851704661023579,82.78145695364239,0.8,Middle
Fairview,5,3,3,4189.33333333333,Active,High,63913,110.71145984438877,3.3973436008606606,5.851704661023579,82.78145695364239,1.0,High
Fairview,2,2,2,4491.66666666666,Active,High,63913,110.71145984438877,3.3973436008606606,5.851704661023579,82.78145695364239,1.0,High
Gulod,4,2,2,2962.5,Delisted,Middle,63651,36.28013531452062,1.773208403952544,4.917440417275455,85.99779492833517,1.0,High
Gulod,7,2,2,2350.0,Active,Middle,63651,36.28013531452062,1.773208403952544,4.917440417275455,85.99779492833517,1.0,Middle
Gulod,5,1,1,5370.0,Active,High,63651,36.28013531452062,1.773208403952544,4.917440417275455,85.99779492833517,1.0,High
Gulod,5,2,2,7850.0,Delisted,High,63651,36.28013531452062,1.773208403952544,4.917440417275455,85.99779492833517,1.0,Middle
Gulod,4,2,2,2775.0,Delisted,Middle,63651,36.28013531452062,1.773208403952544,4.917440417275455,85.99779492833517,1.0,High
North Fairview,4,2,1,2029.16666666666,Active,Low,47019,187.98309548600477,5.879571248423708,4.211063612582148,76.92307692307693,0.5,Middle
North Fairview,6,4,4,2697.22222222222,Active,Middle,47019,187.98309548600477,5.879571248423708,4.211063612582148,76.92307692307693,1.0,Middle
North Fairview,5,3,3,3860.0,Active,High,47019,187.98309548600477,5.879571248423708,4.211063612582148,76.92307692307693,1.0,Middle
North Fairview,5,3,3,4260.0,Active,High,47019,187.98309548600477,5.879571248423708,4.211063612582148,76.92307692307693,1.0,Middle
San Agustin,6,2,2,5688.88888888889,Active,High,26034,24.863309352517984,2.6779727864326563,8.873012214796036,86.71875,1.0,Middle
San Agustin,7,3,3,2295.23809523809,Active,Middle,26034,24.863309352517984,2.6779727864326563,8.873012214796036,86.71875,1.0,Middle
San Agustin,5,3,3,3206.66666666666,Active,High,26034,24.863309352517984,2.6779727864326563,8.873012214796036,86.71875,1.0,Middle
North Fairview,4,2,2,1950.0,Active,Low,47019,187.98309548600477,5.879571248423708,4.211063612582148,76.92307692307693,1.0,Middle
North Fairview,2,1,0,9248.33333333333,Active,High,47019,187.98309548600477,5.879571248423708,4.211063612582148,76.92307692307693,0.0,High
North Fairview,6,1,0,6441.66666666666,Active,High,47019,187.98309548600477,5.879571248423708,4.211063612582148,76.92307692307693,0.0,High
San Agustin,4,1,1,6016.66666666666,Active,High,26034,24.863309352517984,2.6779727864326563,8.873012214796036,86.71875,1.0,High
Nagkaisang Nayon,3,2,1,4000.0,Inactive,High,54477,41.13943727654283,1.2941373347464717,1.156451346439782,74.24242424242425,0.5,High
Nagkaisang Nayon,5,4,3,2780.0,Active,Middle,54477,41.13943727654283,1.2941373347464717,1.156451346439782,74.24242424242425,0.75,Low
Nagkaisang Nayon,4,2,2,4975.0,Active,High,54477,41.13943727654283,1.2941373347464717,1.156451346439782,74.24242424242425,1.0,Middle
Nagkaisang Nayon,9,6,2,2655.55555555555,Active,Middle,54477,41.13943727654283,1.2941373347464717,1.156451346439782,74.24242424242425,0.3333333333333333,Middle
San Agustin,7,4,4,2857.14285714285,Active,Middle,26034,24.863309352517984,2.6779727864326563,8.873012214796036,86.71875,1.0,Middle
Santa Lucia,5,1,0,4570.0,Active,High,28974,54.742576372569964,2.690058479532164,7.24787740733071,82.38636363636364,0.0,High
Santa Lucia,6,4,3,3269.44444444444,Active,High,28974,54.742576372569964,2.690058479532164,7.24787740733071,82.38636363636364,0.75,High
Santa Lucia,6,2,1,2150.0,Active,Low,28974,54.742576372569964,2.690058479532164,7.24787740733071,82.38636363636364,0.5,High
North Fairview,5,3,3,3200.0,Active,High,47019,187.98309548600477,5.879571248423708,4.211063612582148,76.92307692307693,1.0,Middle
Kaligayahan,5,3,2,2866.66666666666,Inactive,Middle,62132,109.99053670406921,2.762065429525983,3.2189531964205242,72.42524916943522,0.6666666666666666,Middle
North Fairview,1,1,1,4500.0,Delisted,High,47019,187.98309548600477,5.879571248423708,4.211063612582148,76.92307692307693,1.0,High
North Fairview,6,3,3,4222.22222222222,Delisted,High,47019,187.98309548600477,5.879571248423708,4.211063612582148,76.92307692307693,1.0,Middle
North Fairview,6,4,4,4416.66666666666,Delisted,High,47019,187.98309548600477,5.879571248423708,4.211063612582148,76.92307692307693,1.0,High
North Fairview,5,3,3,2576.66666666666,Active,Middle,47019,187.98309548600477,5.879571248423708,4.211063612582148,76.92307692307693,1.0,Middle
North Fairview,5,3,2,2870.0,Active,Middle,47019,187.98309548600477,5.879571248423708,4.211063612582148,76.92307692307693,0.6666666666666666,Low
Kaligayahan,5,2,2,5590.0,Active,High,62132,109.99053670406921,2.762065429525983,3.2189531964205242,72.42524916943522,1.0,High
Santa Monica,7,2,1,2521.42857142857,Active,Middle,52203,90.8422899758719,0.7118879499942123,4.061069287205716,81.56424581005587,0.5,Low
Santa Monica,8,2,2,2447.91666666666,Active,Middle,52203,90.8422899758719,0.7118879499942123,4.061069287205716,81.56424581005587,1.0,Low
Santa Monica,7,5,4,1588.09523809523,Active,Low,52203,90.8422899758719,0.7118879499942123,4.061069287205716,81.56424581005587,0.8,Low
Santa Monica,7,3,3,4088.09523809523,Active,High,52203,90.8422899758719,0.7118879499942123,4.061069287205716,81.56424581005587,1.0,Low
Santa Monica,5,3,2,2623.33333333333,Active,Middle,52203,90.8422899758719,0.7118879499942123,4.061069287205716,81.56424581005587,0.6666666666666666,Low
San Agustin,7,6,3,4042.85714285714,Active,High,26034,24.863309352517984,2.6779727864326563,8.873012214796036,86.71875,0.5,High
San Agustin,5,3,2,3233.33333333333,Active,High,26034,24.863309352517984,2.6779727864326563,8.873012214796036,86.71875,0.6666666666666666,High
San Agustin,4,1,1,5000.0,Active,High,26034,24.863309352517984,2.6779727864326563,8.873012214796036,86.71875,1.0,High
San Agustin,5,2,1,3180.0,Active,High,26034,24.863309352517984,2.6779727864326563,8.873012214796036,86.71875,0.5,Low
Capri,5,3,2,5050.0,Active,High,12940,10.466108929486087,0.2867550182128187,,84.23236514522821,0.6666666666666666,Middle
Capri,4,2,2,3354.16666666666,Active,High,12940,10.466108929486087,0.2867550182128187,,84.23236514522821,1.0,High
Capri,4,2,2,3591.66666666666,Active,High,12940,10.466108929486087,0.2867550182128187,,84.23236514522821,1.0,High
Novaliches Proper,6,2,2,4313.33333333333,Active,High,16096,33.267097201523434,4.059994828032066,30.318091451292243,80.2919708029197,1.0,Low
San Bartolome,5,3,1,2573.33333333333,Active,Middle,51472,38.59658570736173,0.6334558536013138,1.3988187752564503,83.91608391608392,0.3333333333333333,Middle
Gulod,5,2,2,3530.0,Active,High,63651,36.28013531452062,1.773208403952544,4.917440417275455,85.99779492833517,1.0,High
Nagkaisang Nayon,9,2,2,4151.48148148148,Active,High,54477,41.13943727654283,1.2941373347464717,1.156451346439782,74.24242424242425,1.0,High
Nagkaisang Nayon,8,2,2,2162.08333333333,Active,Low,54477,41.13943727654283,1.2941373347464717,1.156451346439782,74.24242424242425,1.0,Low
Nagkaisang Nayon,6,2,2,2780.0,Active,Middle,54477,41.13943727654283,1.2941373347464717,1.156451346439782,74.24242424242425,1.0,Low
Kaligayahan,5,2,2,3053.33333333333,Active,Middle,62132,109.99053670406921,2.762065429525983,3.2189531964205242,72.42524916943522,1.0,High
Kaligayahan,5,2,2,3063.33333333333,Active,Middle,62132,109.99053670406921,2.762065429525983,3.2189531964205242,72.42524916943522,1.0,High
Novaliches Proper,6,4,3,2535.0,Active,Middle,16096,33.267097201523434,4.059994828032066,30.318091451292243,80.2919708029197,0.75,Low
Nagkaisang Nayon,5,3,1,3379.33333333333,Active,High,54477,41.13943727654283,1.2941373347464717,1.156451346439782,74.24242424242425,0.3333333333333333,Middle
Nagkaisang Nayon,5,1,1,5000.0,Delisted,High,54477,41.13943727654283,1.2941373347464717,1.156451346439782,74.24242424242425,1.0,Middle
Nagkaisang Nayon,5,1,1,3136.66666666666,Active,Middle,54477,41.13943727654283,1.2941373347464717,1.156451346439782,74.24242424242425,1.0,Middle
Nagkaisang Nayon,4,2,2,4345.0,Active,High,54477,41.13943727654283,1.2941373347464717,1.156451346439782,74.24242424242425,1.0,Middle
Novaliches Proper,7,3,3,309.523809523809,Active,Low,16096,33.267097201523434,4.059994828032066,30.318091451292243,80.2919708029197,1.0,Low
Capri,6,4,3,4113.88888888888,Active,High,12940,10.466108929486087,0.2867550182128187,,84.23236514522821,0.75,Middle
Novaliches Proper,4,2,2,2916.66666666666,Active,Middle,16096,33.267097201523434,4.059994828032066,30.318091451292243,80.2919708029197,1.0,Low
Novaliches Proper,5,3,3,3160.0,Active,High,16096,33.267097201523434,4.059994828032066,30.318091451292243,80.2919708029197,1.0,Middle
Novaliches Proper,3,2,2,4411.11111111111,Active,High,16096,33.267097201523434,4.059994828032066,30.318091451292243,80.2919708029197,1.0,Low
Bagbag,3,4,1,3727.77777777777,Active,High,66268,70.79821644887755,2.497950597806753,4.783605963662703,85.5813953488372,0.25,High
Kaligayahan,5,3,3,4800.0,Active,High,62132,109.99053670406921,2.762065429525983,3.2189531964205242,72.42524916943522,1.0,Middle
Bagbag,6,1,1,5523.88888888889,Delisted,High,66268,70.79821644887755,2.497950597806753,4.783605963662703,85.5813953488372,1.0,High
Santa Lucia,7,3,1,2954.7619047619,Active,Middle,28974,54.742576372569964,2.690058479532164,7.24787740733071,82.38636363636364,0.3333333333333333,Middle
San Agustin,6,3,3,3694.44444444444,Active,High,26034,24.863309352517984,2.6779727864326563,8.873012214796036,86.71875,1.0,Middle
San Agustin,7,4,3,2033.33333333333,Active,Low,26034,24.863309352517984,2.6779727864326563,8.873012214796036,86.71875,0.75,Low
San Agustin,6,3,2,2350.0,Active,Middle,26034,24.863309352517984,2.6779727864326563,8.873012214796036,86.71875,0.6666666666666666,High
San Agustin,4,2,2,7516.66666666666,Active,High,26034,24.863309352517984,2.6779727864326563,8.873012214796036,86.71875,1.0,High
San Agustin,6,3,2,2372.22222222222,Active,Middle,26034,24.863309352517984,2.6779727864326563,8.873012214796036,86.71875,0.6666666666666666,High
San Agustin,8,5,3,1900.0,Active,Low,26034,24.863309352517984,2.6779727864326563,8.873012214796036,86.71875,0.6,Low
San Agustin,5,3,3,2226.66666666666,Active,Middle,26034,24.863309352517984,2.6779727864326563,8.873012214796036,86.71875,1.0,Middle
San Agustin,5,3,3,2246.66666666666,Active,Middle,26034,24.863309352517984,2.6779727864326563,8.873012214796036,86.71875,1.0,Middle
Capri,5,3,2,2813.33333333333,Active,Middle,12940,10.466108929486087,0.2867550182128187,,84.23236514522821,0.6666666666666666,Middle
Capri,6,3,2,3638.88888888888,Active,High,12940,10.466108929486087,0.2867550182128187,,84.23236514522821,0.6666666666666666,Middle
Novaliches Proper,5,2,2,4900.0,Active,High,16096,33.267097201523434,4.059994828032066,30.318091451292243,80.2919708029197,1.0,Middle
Capri,4,4,3,4675.0,Active,High,12940,10.466108929486087,0.2867550182128187,,84.23236514522821,0.75,Low
Novaliches Proper,4,4,3,2225.0,Active,Middle,16096,33.267097201523434,4.059994828032066,30.318091451292243,80.2919708029197,0.75,Middle
Capri,7,3,3,5126.19047619047,Active,High,12940,10.466108929486087,0.2867550182128187,,84.23236514522821,1.0,Low
Novaliches Proper,2,1,1,1250.0,Active,Low,16096,33.267097201523434,4.059994828032066,30.318091451292243,80.2919708029197,1.0,Low
Novaliches Proper,5,2,2,4843.33333333333,Active,High,16096,33.267097201523434,4.059994828032066,30.318091451292243,80.2919708029197,1.0,Middle
Capri,5,4,4,4480.0,Active,High,12940,10.466108929486087,0.2867550182128187,,84.23236514522821,1.0,Low
Capri,4,2,2,2745.83333333333,Active,Middle,12940,10.466108929486087,0.2867550182128187,,84.23236514522821,1.0,High
Kaligayahan,4,1,1,4337.5,Active,High,62132,109.99053670406921,2.762065429525983,3.2189531964205242,72.42524916943522,1.0,High
Capri,12,2,2,2888.88888888888,Active,Middle,12940,10.466108929486087,0.2867550182128187,,84.23236514522821,1.0,Middle
Santa Monica,9,4,2,3170.37037037037,Active,High,52203,90.8422899758719,0.7118879499942123,4.061069287205716,81.56424581005587,0.5,Low
San Bartolome,5,4,2,2490.0,Active,Middle,51472,38.59658570736173,0.6334558536013138,1.3988187752564503,83.91608391608392,0.5,Middle
San Bartolome,7,3,2,3071.42857142857,Active,Middle,51472,38.59658570736173,0.6334558536013138,1.3988187752564503,83.91608391608392,0.6666666666666666,Middle
Bagbag,4,1,0,4095.83333333333,Active,High,66268,70.79821644887755,2.497950597806753,4.783605963662703,85.5813953488372,0.0,Middle
Novaliches Proper,5,2,1,2153.33333333333,Active,Low,16096,33.267097201523434,4.059994828032066,30.318091451292243,80.2919708029197,0.5,Low
Santa Lucia,4,1,1,13033.3333333333,Delisted,High,28974,54.742576372569964,2.690058479532164,7.24787740733071,82.38636363636364,1.0,High
Santa Lucia,8,6,5,3486.45833333333,Active,High,28974,54.742576372569964,2.690058479532164,7.24787740733071,82.38636363636364,0.8333333333333334,High
Santa Lucia,8,6,3,2927.08333333333,Active,Middle,28974,54.742576372569964,2.690058479532164,7.24787740733071,82.38636363636364,0.5,Middle
Santa Lucia,3,2,2,5932.22222222222,Active,High,28974,54.742576372569964,2.690058479532164,7.24787740733071,82.38636363636364,1.0,High
Santa Lucia,5,2,1,5580.0,Active,High,28974,54.742576372569964,2.690058479532164,7.24787740733071,82.38636363636364,0.5,High
Santa Lucia,4,3,2,2967.5,Active,Middle,28974,54.742576372569964,2.690058479532164,7.24787740733071,82.38636363636364,0.6666666666666666,High
Santa Lucia,5,3,3,9363.33333333333,Active,High,28974,54.742576372569964,2.690058479532164,7.24787740733071,82.38636363636364,1.0,High
Bagbag,5,2,2,3676.66666666666,Active,High,66268,70.79821644887755,2.497950597806753,4.783605963662703,85.5813953488372,1.0,High
Santa Lucia,4,2,2,4406.25,Active,High,28974,54.742576372569964,2.690058479532164,7.24787740733071,82.38636363636364,1.0,Middle
Bagbag,4,2,2,3745.83333333333,Active,High,66268,70.79821644887755,2.497950597806753,4.783605963662703,85.5813953488372,1.0,High
Bagbag,6,2,2,2947.22222222222,Active,Middle,66268,70.79821644887755,2.497950597806753,4.783605963662703,85.5813953488372,1.0,Low
Santa Lucia,4,1,1,5900.0,Active,High,28974,54.742576372569964,2.690058479532164,7.24787740733071,82.38636363636364,1.0,High
Bagbag,5,3,3,2566.66666666666,Active,Middle,66268,70.79821644887755,2.497950597806753,4.783605963662703,85.5813953488372,1.0,Middle
Bagbag,5,3,2,573.333333333333,Active,Low,66268,70.79821644887755,2.497950597806753,4.783605963662703,85.5813953488372,0.6666666666666666,Middle
Bagbag,6,3,3,2947.22222222222,Active,Middle,66268,70.79821644887755,2.497950597806753,4.783605963662703,85.5813953488372,1.0,Middle
Santa Lucia,3,1,1,2150.0,Active,Low,28974,54.742576372569964,2.690058479532164,7.24787740733071,82.38636363636364,1.0,High
Santa Lucia,4,1,1,3912.5,Active,High,28974,54.742576372569964,2.690058479532164,7.24787740733071,82.38636363636364,1.0,High
Santa Monica,5,3,3,1306.66666666666,Active,Low,52203,90.8422899758719,0.7118879499942123,4.061069287205716,81.56424581005587,1.0,Low
Santa Monica,6,1,1,941.111111111111,Active,Low,52203,90.8422899758719,0.7118879499942123,4.061069287205716,81.56424581005587,1.0,Low
Santa Monica,4,3,2,991.666666666666,Active,Low,52203,90.8422899758719,0.7118879499942123,4.061069287205716,81.56424581005587,0.6666666666666666,Low
Santa Monica,5,3,2,713.333333333333,Active,Low,52203,90.8422899758719,0.7118879499942123,4.061069287205716,81.56424581005587,0.6666666666666666,Low
Santa Monica,6,2,1,1355.55555555555,Active,Low,52203,90.8422899758719,0.7118879499942123,4.061069287205716,81.56424581005587,0.5,Low
Santa Monica,3,1,1,1605.55555555555,Active,Low,52203,90.8422899758719,0.7118879499942123,4.061069287205716,81.56424581005587,1.0,Low
Bagbag,5,1,1,5136.66666666666,Active,High,66268,70.79821644887755,2.497950597806753,4.783605963662703,85.5813953488372,1.0,High
Bagbag,3,2,2,1772.22222222222,Active,Low,66268,70.79821644887755,2.497950597806753,4.783605963662703,85.5813953488372,1.0,High
Bagbag,5,3,3,1403.33333333333,Active,Low,66268,70.79821644887755,2.497950597806753,4.783605963662703,85.5813953488372,1.0,Middle
Santa Monica,4,1,1,941.666666666666,Active,Low,52203,90.8422899758719,0.7118879499942123,4.061069287205716,81.56424581005587,1.0,Low
Bagbag,5,2,1,5576.0,Delisted,High,66268,70.79821644887755,2.497950597806753,4.783605963662703,85.5813953488372,0.5,High
Santa Monica,5,1,1,1966.66666666666,Active,Low,52203,90.8422899758719,0.7118879499942123,4.061069287205716,81.56424581005587,1.0,Low
Santa Monica,5,2,0,2156.66666666666,Active,Low,52203,90.8422899758719,0.7118879499942123,4.061069287205716,81.56424581005587,0.0,Low
Bagbag,6,2,2,5061.94444444444,Active,High,66268,70.79821644887755,2.497950597806753,4.783605963662703,85.5813953488372,1.0,Low
Santa Lucia,5,3,3,4530.0,Active,High,28974,54.742576372569964,2.690058479532164,7.24787740733071,82.38636363636364,1.0,High
Bagbag,4,3,3,4080.83333333333,Active,High,66268,70.79821644887755,2.497950597806753,4.783605963662703,85.5813953488372,1.0,High
North Fairview,6,4,4,1908.33333333333,Active,Low,47019,187.98309548600477,5.879571248423708,4.211063612582148,76.92307692307693,1.0,Middle
Bagbag,3,1,1,4366.66666666666,Active,High,66268,70.79821644887755,2.497950597806753,4.783605963662703,85.5813953488372,1.0,High
North Fairview,4,2,2,2337.5,Active,Middle,47019,187.98309548600477,5.879571248423708,4.211063612582148,76.92307692307693,1.0,Middle
North Fairview,4,3,3,1500.0,Delisted,Low,47019,187.98309548600477,5.879571248423708,4.211063612582148,76.92307692307693,1.0,Low
Bagbag,6,2,2,7916.66666666666,Active,High,66268,70.79821644887755,2.497950597806753,4.783605963662703,85.5813953488372,1.0,Low
Bagbag,5,2,2,7360.0,Active,High,66268,70.79821644887755,2.497950597806753,4.783605963662703,85.5813953488372,1.0,High
Bagbag,5,2,2,4076.66666666666,Active,High,66268,70.79821644887755,2.497950597806753,4.783605963662703,85.5813953488372,1.0,High
Bagbag,5,2,2,5653.33333333333,Active,High,66268,70.79821644887755,2.497950597806753,4.783605963662703,85.5813953488372,1.0,High
Bagbag,5,3,3,886.666666666666,Active,Low,66268,70.79821644887755,2.497950597806753,4.783605963662703,85.5813953488372,1.0,Middle
Gulod,5,3,3,3270.0,Active,High,63651,36.28013531452062,1.773208403952544,4.917440417275455,85.99779492833517,1.0,Middle
Gulod,4,2,2,3337.5,Active,High,63651,36.28013531452062,1.773208403952544,4.917440417275455,85.99779492833517,1.0,High
Gulod,3,1,1,5416.66666666666,Active,High,63651,36.28013531452062,1.773208403952544,4.917440417275455,85.99779492833517,1.0,High
Gulod,3,2,1,2950.0,Active,Middle,63651,36.28013531452062,1.773208403952544,4.917440417275455,85.99779492833517,0.5,High
Gulod,5,3,3,2810.0,Active,Middle,63651,36.28013531452062,1.773208403952544,4.917440417275455,85.99779492833517,1.0,Middle
Gulod,6,5,5,3325.0,Active,High,63651,36.28013531452062,1.773208403952544,4.917440417275455,85.99779492833517,1.0,Low
Gulod,5,3,2,3480.0,Active,High,63651,36.28013531452062,1.773208403952544,4.917440417275455,85.99779492833517,0.6666666666666666,High
Bagbag,5,3,3,6336.66666666666,Active,High,66268,70.79821644887755,2.497950597806753,4.783605963662703,85.5813953488372,1.0,Middle
Bagbag,2,2,1,8925.0,Inactive,High,66268,70.79821644887755,2.497950597806753,4.783605963662703,85.5813953488372,0.5,High
Bagbag,4,2,2,5825.0,Active,High,66268,70.79821644887755,2.497950597806753,4.783605963662703,85.5813953488372,1.0,High
Gulod,4,1,1,3687.5,Active,High,63651,36.28013531452062,1.773208403952544,4.917440417275455,85.99779492833517,1.0,High
Gulod,3,3,3,2450.0,Active,Middle,63651,36.28013531452062,1.773208403952544,4.917440417275455,85.99779492833517,1.0,High
Gulod,5,3,3,3010.0,Active,Middle,63651,36.28013531452062,1.773208403952544,4.917440417275455,85.99779492833517,1.0,Middle
Gulod,3,2,1,2150.0,Active,Low,63651,36.28013531452062,1.773208403952544,4.917440417275455,85.99779492833517,0.5,High
Gulod,4,2,2,5622.08333333333,Active,High,63651,36.28013531452062,1.773208403952544,4.917440417275455,85.99779492833517,1.0,High
Gulod,5,2,2,2646.66666666666,Active,Middle,63651,36.28013531452062,1.773208403952544,4.917440417275455,85.99779492833517,1.0,High
Gulod,6,3,3,5063.33333333333,Active,High,63651,36.28013531452062,1.773208403952544,4.917440417275455,85.99779492833517,1.0,Middle
Capri,7,3,3,4742.85714285714,Delisted,High,12940,10.466108929486087,0.2867550182128187,,84.23236514522821,1.0,Low
Santa Monica,5,3,3,3426.0,Active,High,52203,90.8422899758719,0.7118879499942123,4.061069287205716,81.56424581005587,1.0,Low
Bagbag,5,2,1,5560.0,Active,High,66268,70.79821644887755,2.497950597806753,4.783605963662703,85.5813953488372,0.5,Middle
Santa Monica,8,1,1,4434.58333333333,Active,High,52203,90.8422899758719,0.7118879499942123,4.061069287205716,81.56424581005587,1.0,Low
Santa Monica,9,2,2,2353.7037037037,Active,Middle,52203,90.8422899758719,0.7118879499942123,4.061069287205716,81.56424581005587,1.0,Middle
Santa Monica,6,1,1,6558.33333333333,Active,High,52203,90.8422899758719,0.7118879499942123,4.061069287205716,81.56424581005587,1.0,Low
Gulod,3,2,2,4683.33333333333,Active,High,63651,36.28013531452062,1.773208403952544,4.917440417275455,85.99779492833517,1.0,High
Gulod,6,2,2,2850.0,Active,Middle,63651,36.28013531452062,1.773208403952544,4.917440417275455,85.99779492833517,1.0,Middle
Gulod,4,3,3,5512.5,Active,High,63651,36.28013531452062,1.773208403952544,4.917440417275455,85.99779492833517,1.0,High
Gulod,4,2,2,5662.5,Active,High,63651,36.28013531452062,1.773208403952544,4.917440417275455,85.99779492833517,1.0,High
Gulod,7,3,1,3757.14285714285,Active,High,63651,36.28013531452062,1.773208403952544,4.917440417275455,85.99779492833517,0.3333333333333333,Middle
Gulod,4,2,2,7125.0,Active,High,63651,36.28013531452062,1.773208403952544,4.917440417275455,85.99779492833517,1.0,High
Gulod,5,1,1,8060.0,Delisted,High,63651,36.28013531452062,1.773208403952544,4.917440417275455,85.99779492833517,1.0,High
Santa Monica,5,3,3,2110.0,Active,Low,52203,90.8422899758719,0.7118879499942123,4.061069287205716,81.56424581005587,1.0,Low
Santa Monica,6,4,3,1750.0,Active,Low,52203,90.8422899758719,0.7118879499942123,4.061069287205716,81.56424581005587,0.75,Low
Gulod,5,1,0,6000.0,Active,High,63651,36.28013531452062,1.773208403952544,4.917440417275455,85.99779492833517,0.0,Low
Gulod,8,1,1,3668.75,Active,High,63651,36.28013531452062,1.773208403952544,4.917440417275455,85.99779492833517,1.0,Middle
Gulod,3,1,1,4561.11111111111,Active,High,63651,36.28013531452062,1.773208403952544,4.917440417275455,85.99779492833517,1.0,High
Gulod,4,1,1,3162.5,Active,High,63651,36.28013531452062,1.773208403952544,4.917440417275455,85.99779492833517,1.0,High
Gulod,4,2,1,3220.83333333333,Active,High,63651,36.28013531452062,1.773208403952544,4.917440417275455,85.99779492833517,0.5,High
San Agustin,7,11,6,4042.85714285714,Active,High,26034,24.863309352517984,2.6779727864326563,8.873012214796036,86.71875,0.5454545454545454,High
North Fairview,3,1,1,2038.88888888888,Active,Low,47019,187.98309548600477,5.879571248423708,4.211063612582148,76.92307692307693,1.0,Low
North Fairview,5,2,2,1800.0,Delisted,Low,47019,187.98309548600477,5.879571248423708,4.211063612582148,76.92307692307693,1.0,Low
San Agustin,6,3,3,3361.11111111111,Active,High,26034,24.863309352517984,2.6779727864326563,8.873012214796036,86.71875,1.0,Middle
Gulod,4,2,2,7804.16666666666,Active,High,63651,36.28013531452062,1.773208403952544,4.917440417275455,85.99779492833517,1.0,High
Gulod,5,2,2,7296.66666666666,Active,High,63651,36.28013531452062,1.773208403952544,4.917440417275455,85.99779492833517,1.0,High
San Agustin,5,1,1,5226.66666666666,Active,High,26034,24.863309352517984,2.6779727864326563,8.873012214796036,86.71875,1.0,High
San Agustin,2,2,2,4533.33333333333,Active,High,26034,24.863309352517984,2.6779727864326563,8.873012214796036,86.71875,1.0,High
San Agustin,4,2,2,8750.0,Active,High,26034,24.863309352517984,2.6779727864326563,8.873012214796036,86.71875,1.0,High
Gulod,4,3,1,3420.83333333333,Active,High,63651,36.28013531452062,1.773208403952544,4.917440417275455,85.99779492833517,0.3333333333333333,Low
Santa Monica,4,3,3,1670.83333333333,Active,Low,52203,90.8422899758719,0.7118879499942123,4.061069287205716,81.56424581005587,1.0,Low
Santa Monica,8,2,2,2002.08333333333,Active,Low,52203,90.8422899758719,0.7118879499942123,4.061069287205716,81.56424581005587,1.0,Low
San Agustin,4,2,2,3291.66666666666,Active,High,26034,24.863309352517984,2.6779727864326563,8.873012214796036,86.71875,1.0,High
Santa Monica,4,1,1,4670.83333333333,Active,High,52203,90.8422899758719,0.7118879499942123,4.061069287205716,81.56424581005587,1.0,Low
Gulod,6,3,3,3200.0,Active,High,63651,36.28013531452062,1.773208403952544,4.917440417275455,85.99779492833517,1.0,Middle
San Agustin,5,3,3,4233.33333333333,Active,High,26034,24.863309352517984,2.6779727864326563,8.873012214796036,86.71875,1.0,Middle
Santa Monica,6,2,2,3680.55555555555,Active,High,52203,90.8422899758719,0.7118879499942123,4.061069287205716,81.56424581005587,1.0,Low
North Fairview,4,1,0,10612.5,Inactive,High,47019,187.98309548600477,5.879571248423708,4.211063612582148,76.92307692307693,0.0,High
Santa Monica,6,2,1,2102.77777777777,Active,Low,52203,90.8422899758719,0.7118879499942123,4.061069287205716,81.56424581005587,0.5,Low
North Fairview,8,4,3,5214.58333333333,Active,High,47019,187.98309548600477,5.879571248423708,4.211063612582148,76.92307692307693,0.75,Middle
San Agustin,3,3,1,4333.33333333333,Active,High,26034,24.863309352517984,2.6779727864326563,8.873012214796036,86.71875,0.3333333333333333,High
Santa Monica,4,3,3,9170.83333333333,Active,High,52203,90.8422899758719,0.7118879499942123,4.061069287205716,81.56424581005587,1.0,Low
Gulod,4,5,5,4612.5,Active,High,63651,36.28013531452062,1.773208403952544,4.917440417275455,85.99779492833517,1.0,High
Gulod,5,3,3,5036.66666666666,Active,High,63651,36.28013531452062,1.773208403952544,4.917440417275455,85.99779492833517,1.0,Middle
Capri,3,2,2,1383.33333333333,Active,Low,12940,10.466108929486087,0.2867550182128187,,84.23236514522821,1.0,High
Capri,3,1,1,5483.33333333333,Active,High,12940,10.466108929486087,0.2867550182128187,,84.23236514522821,1.0,High
Santa Monica,3,1,1,2372.22222222222,Active,Middle,52203,90.8422899758719,0.7118879499942123,4.061069287205716,81.56424581005587,1.0,Low
Gulod,5,1,1,2136.66666666666,Active,Low,63651,36.28013531452062,1.773208403952544,4.917440417275455,85.99779492833517,1.0,High
Gulod,6,3,3,2105.55555555555,Delisted,Low,63651,36.28013531452062,1.773208403952544,4.917440417275455,85.99779492833517,1.0,Low
Gulod,5,3,2,5072.66666666666,Active,High,63651,36.28013531452062,1.773208403952544,4.917440417275455,85.99779492833517,0.6666666666666666,High
Gulod,6,1,0,2965.27777777777,Active,Middle,63651,36.28013531452062,1.773208403952544,4.917440417275455,85.99779492833517,0.0,Middle
Gulod,4,2,1,7500.0,Inactive,High,63651,36.28013531452062,1.773208403952544,4.917440417275455,85.99779492833517,0.5,High
Santa Monica,4,2,2,7432.5,Active,High,52203,90.8422899758719,0.7118879499942123,4.061069287205716,81.56424581005587,1.0,Low
Gulod,4,3,2,5184.16666666666,Active,High,63651,36.28013531452062,1.773208403952544,4.917440417275455,85.99779492833517,0.6666666666666666,High
Novaliches Proper,6,3,2,1497.22222222222,Active,Low,16096,33.267097201523434,4.059994828032066,30.318091451292243,80.2919708029197,0.6666666666666666,Low
Fairview,5,2,1,4614.66666666666,Active,High,63913,110.71145984438877,3.3973436008606606,5.851704661023579,82.78145695364239,0.5,High
Novaliches Proper,6,4,1,4711.11111111111,Active,High,16096,33.267097201523434,4.059994828032066,30.318091451292243,80.2919708029197,0.25,Middle
Capri,6,2,2,2180.55555555555,Active,Low,12940,10.466108929486087,0.2867550182128187,,84.23236514522821,1.0,Low
Novaliches Proper,2,2,1,5275.0,Active,High,16096,33.267097201523434,4.059994828032066,30.318091451292243,80.2919708029197,0.5,Low
Novaliches Proper,6,4,4,3875.0,Active,High,16096,33.267097201523434,4.059994828032066,30.318091451292243,80.2919708029197,1.0,Low
Capri,6,2,2,4475.0,Active,High,12940,10.466108929486087,0.2867550182128187,,84.23236514522821,1.0,Low
Santa Lucia,6,3,3,5004.16666666666,Active,High,28974,54.742576372569964,2.690058479532164,7.24787740733071,82.38636363636364,1.0,High
Capri,6,3,3,4202.77777777777,Active,High,12940,10.466108929486087,0.2867550182128187,,84.23236514522821,1.0,Low
Capri,6,4,4,5369.44444444444,Active,High,12940,10.466108929486087,0.2867550182128187,,84.23236514522821,1.0,Low
Bagbag,6,3,3,5386.11111111111,Active,High,66268,70.79821644887755,2.497950597806753,4.783605963662703,85.5813953488372,1.0,Middle
Bagbag,4,2,2,5829.16666666666,Active,High,66268,70.79821644887755,2.497950597806753,4.783605963662703,85.5813953488372,1.0,High
Bagbag,8,3,3,4922.91666666666,Active,High,66268,70.79821644887755,2.497950597806753,4.783605963662703,85.5813953488372,1.0,High
San Agustin,9,3,2,3914.81481481481,Active,High,26034,24.863309352517984,2.6779727864326563,8.873012214796036,86.71875,0.6666666666666666,High
Gulod,3,2,1,3494.44444444444,Active,High,63651,36.28013531452062,1.773208403952544,4.917440417275455,85.99779492833517,0.5,High
Capri,7,3,3,3330.95238095238,Active,High,12940,10.466108929486087,0.2867550182128187,,84.23236514522821,1.0,Low
Bagbag,5,2,1,2756.66666666666,Active,Middle,66268,70.79821644887755,2.497950597806753,4.783605963662703,85.5813953488372,0.5,Middle
Bagbag,6,3,1,4975.0,Active,High,66268,70.79821644887755,2.497950597806753,4.783605963662703,85.5813953488372,0.3333333333333333,Middle
Kaligayahan,6,1,1,2519.44444444444,Active,Middle,62132,109.99053670406921,2.762065429525983,3.2189531964205242,72.42524916943522,1.0,Middle
Bagbag,5,2,1,1870.0,Active,Low,66268,70.79821644887755,2.497950597806753,4.783605963662703,85.5813953488372,0.5,Middle
Gulod,4,2,2,5504.16666666666,Active,High,63651,36.28013531452062,1.773208403952544,4.917440417275455,85.99779492833517,1.0,High
Kaligayahan,5,2,2,6920.0,Delisted,High,62132,109.99053670406921,2.762065429525983,3.2189531964205242,72.42524916943522,1.0,High
Bagbag,7,2,2,2336.90476190476,Active,Middle,66268,70.79821644887755,2.497950597806753,4.783605963662703,85.5813953488372,1.0,Middle
Gulod,2,1,1,6068.33333333333,Active,High,63651,36.28013531452062,1.773208403952544,4.917440417275455,85.99779492833517,1.0,High
Kaligayahan,6,2,1,3741.66666666666,Delisted,High,62132,109.99053670406921,2.762065429525983,3.2189531964205242,72.42524916943522,0.5,High
Bagbag,5,2,2,3563.33333333333,Active,High,66268,70.79821644887755,2.497950597806753,4.783605963662703,85.5813953488372,1.0,High
Bagbag,6,3,3,3130.55555555555,Active,Middle,66268,70.79821644887755,2.497950597806753,4.783605963662703,85.5813953488372,1.0,Middle
Kaligayahan,4,2,1,4862.5,Active,High,62132,109.99053670406921,2.762065429525983,3.2189531964205242,72.42524916943522,0.5,High
Gulod,5,1,1,3403.33333333333,Active,High,63651,36.28013531452062,1.773208403952544,4.917440417275455,85.99779492833517,1.0,High
Santa Monica,6,3,1,1825.0,Active,Low,52203,90.8422899758719,0.7118879499942123,4.061069287205716,81.56424581005587,0.3333333333333333,Low
Santa Monica,8,2,1,2637.5,Delisted,Middle,52203,90.8422899758719,0.7118879499942123,4.061069287205716,81.56424581005587,0.5,Middle
Santa Monica,4,2,1,1141.66666666666,Active,Low,52203,90.8422899758719,0.7118879499942123,4.061069287205716,81.56424581005587,0.5,Low
Santa Monica,3,1,1,2022.22222222222,Active,Low,52203,90.8422899758719,0.7118879499942123,4.061069287205716,81.56424581005587,1.0,Low
Bagbag,5,4,3,4483.33333333333,Active,High,66268,70.79821644887755,2.497950597806753,4.783605963662703,85.5813953488372,0.75,Middle
Bagbag,9,3,3,3030.55555555555,Active,Middle,66268,70.79821644887755,2.497950597806753,4.783605963662703,85.5813953488372,1.0,Middle
Bagbag,4,3,2,3895.83333333333,Active,High,66268,70.79821644887755,2.497950597806753,4.783605963662703,85.5813953488372,0.6666666666666666,Middle
Gulod,5,2,1,2554.0,Active,Middle,63651,36.28013531452062,1.773208403952544,4.917440417275455,85.99779492833517,0.5,Low
Gulod,4,2,1,2225.0,Active,Middle,63651,36.28013531452062,1.773208403952544,4.917440417275455,85.99779492833517,0.5,High
Gulod,5,3,2,4392.66666666666,Active,High,63651,36.28013531452062,1.773208403952544,4.917440417275455,85.99779492833517,0.6666666666666666,High
Bagbag,4,1,1,4895.83333333333,Active,High,66268,70.79821644887755,2.497950597806753,4.783605963662703,85.5813953488372,1.0,High
Bagbag,4,1,1,3443.75,Active,High,66268,70.79821644887755,2.497950597806753,4.783605963662703,85.5813953488372,1.0,High
Bagbag,4,1,1,8504.16666666666,Active,High,66268,70.79821644887755,2.497950597806753,4.783605963662703,85.5813953488372,1.0,High
Capri,7,4,4,3030.95238095238,Active,Middle,12940,10.466108929486087,0.2867550182128187,,84.23236514522821,1.0,Middle
Capri,4,2,2,3795.83333333333,Active,High,12940,10.466108929486087,0.2867550182128187,,84.23236514522821,1.0,High
Capri,4,2,2,5050.0,Active,High,12940,10.466108929486087,0.2867550182128187,,84.23236514522821,1.0,High
Santa Lucia,4,1,1,3181.25,Active,High,28974,54.742576372569964,2.690058479532164,7.24787740733071,82.38636363636364,1.0,High
Santa Lucia,9,3,2,2532.4074074074,Active,Middle,28974,54.742576372569964,2.690058479532164,7.24787740733071,82.38636363636364,0.6666666666666666,Middle
Santa Monica,4,2,2,1412.5,Active,Low,52203,90.8422899758719,0.7118879499942123,4.061069287205716,81.56424581005587,1.0,Low
Santa Monica,7,3,3,1319.04761904761,Active,Low,52203,90.8422899758719,0.7118879499942123,4.061069287205716,81.56424581005587,1.0,Low
Santa Monica,5,3,3,780.0,Active,Low,52203,90.8422899758719,0.7118879499942123,4.061069287205716,81.56424581005587,1.0,Low
Santa Monica,5,2,2,833.333333333333,Active,Low,52203,90.8422899758719,0.7118879499942123,4.061069287205716,81.56424581005587,1.0,Low
Santa Monica,4,2,2,933.333333333333,Active,Low,52203,90.8422899758719,0.7118879499942123,4.061069287205716,81.56424581005587,1.0,Low
Santa Monica,6,4,3,1122.22222222222,Active,Low,52203,90.8422899758719,0.7118879499942123,4.061069287205716,81.56424581005587,0.75,Low
Santa Monica,5,4,3,1036.66666666666,Active,Low,52203,90.8422899758719,0.7118879499942123,4.061069287205716,81.56424581005587,0.75,Low
Santa Monica,11,2,2,783.333333333333,Active,Low,52203,90.8422899758719,0.7118879499942123,4.061069287205716,81.56424581005587,1.0,Low
Santa Monica,6,3,2,955.555555555555,Active,Low,52203,90.8422899758719,0.7118879499942123,4.061069287205716,81.56424581005587,0.6666666666666666,Low
Santa Monica,5,3,0,233.333333333333,Active,Low,52203,90.8422899758719,0.7118879499942123,4.061069287205716,81.56424581005587,0.0,Low
Santa Monica,6,3,2,1261.11111111111,Active,Low,52203,90.8422899758719,0.7118879499942123,4.061069287205716,81.56424581005587,0.6666666666666666,Low
Santa Monica,4,2,2,1695.83333333333,Active,Low,52203,90.8422899758719,0.7118879499942123,4.061069287205716,81.56424581005587,1.0,Low
Santa Monica,6,1,1,2022.22222222222,Active,Low,52203,90.8422899758719,0.7118879499942123,4.061069287205716,81.56424581005587,1.0,Low
Santa Monica,5,3,3,1130.0,Active,Low,52203,90.8422899758719,0.7118879499942123,4.061069287205716,81.56424581005587,1.0,Low
Santa Monica,5,3,3,1206.66666666666,Active,Low,52203,90.8422899758719,0.7118879499942123,4.061069287205716,81.56424581005587,1.0,Low
Santa Monica,5,3,2,1146.66666666666,Active,Low,52203,90.8422899758719,0.7118879499942123,4.061069287205716,81.56424581005587,0.6666666666666666,Low
Santa Monica,6,3,3,3027.77777777777,Active,Middle,52203,90.8422899758719,0.7118879499942123,4.061069287205716,81.56424581005587,1.0,Low
Santa Monica,5,1,1,1693.33333333333,Active,Low,52203,90.8422899758719,0.7118879499942123,4.061069287205716,81.56424581005587,1.0,Low
Santa Monica,6,2,2,2194.44444444444,Active,Low,52203,90.8422899758719,0.7118879499942123,4.061069287205716,81.56424581005587,1.0,Low
Santa Monica,5,3,3,966.666666666666,Active,Low,52203,90.8422899758719,0.7118879499942123,4.061069287205716,81.56424581005587,1.0,Low
Santa Monica,4,2,1,808.333333333333,Active,Low,52203,90.8422899758719,0.7118879499942123,4.061069287205716,81.56424581005587,0.5,Low
Santa Monica,7,2,1,571.428571428571,Active,Low,52203,90.8422899758719,0.7118879499942123,4.061069287205716,81.56424581005587,0.5,Low
Santa Monica,5,4,3,780.0,Active,Low,52203,90.8422899758719,0.7118879499942123,4.061069287205716,81.56424581005587,0.75,Low
Santa Monica,3,2,2,1138.88888888888,Active,Low,52203,90.8422899758719,0.7118879499942123,4.061069287205716,81.56424581005587,1.0,Low
Santa Monica,4,1,1,1037.5,Active,Low,52203,90.8422899758719,0.7118879499942123,4.061069287205716,81.56424581005587,1.0,Low
Santa Monica,5,2,1,626.666666666666,Active,Low,52203,90.8422899758719,0.7118879499942123,4.061069287205716,81.56424581005587,0.5,Low
Santa Monica,5,2,1,1160.0,Active,Low,52203,90.8422899758719,0.7118879499942123,4.061069287205716,81.56424581005587,0.5,Low
Santa Monica,4,2,1,1016.66666666666,Active,Low,52203,90.8422899758719,0.7118879499942123,4.061069287205716,81.56424581005587,0.5,Low
North Fairview,10,3,3,1261.66666666666,Active,Low,47019,187.98309548600477,5.879571248423708,4.211063612582148,76.92307692307693,1.0,Low
North Fairview,9,3,3,1961.11111111111,Active,Low,47019,187.98309548600477,5.879571248423708,4.211063612582148,76.92307692307693,1.0,Low
Santa Lucia,4,1,1,4962.5,Active,High,28974,54.742576372569964,2.690058479532164,7.24787740733071,82.38636363636364,1.0,High
Santa Lucia,7,1,1,4952.80952380952,Active,High,28974,54.742576372569964,2.690058479532164,7.24787740733071,82.38636363636364,1.0,High
Santa Lucia,4,2,2,3162.5,Active,High,28974,54.742576372569964,2.690058479532164,7.24787740733071,82.38636363636364,1.0,Middle
Pasong Putik Proper,6,3,3,2805.55555555555,Active,Middle,40919,96.68813689675062,2.5641668337677963,3.690217258486278,79.58477508650519,1.0,Middle
Pasong Putik Proper,5,3,2,3553.33333333333,Active,High,40919,96.68813689675062,2.5641668337677963,3.690217258486278,79.58477508650519,0.6666666666666666,High
Pasong Putik Proper,3,1,1,5744.44444444444,Active,High,40919,96.68813689675062,2.5641668337677963,3.690217258486278,79.58477508650519,1.0,Middle
Pasong Putik Proper,9,1,1,5772.96296296296,Active,High,40919,96.68813689675062,2.5641668337677963,3.690217258486278,79.58477508650519,1.0,Middle
Pasong Putik Proper,5,2,2,5593.33333333333,Active,High,40919,96.68813689675062,2.5641668337677963,3.690217258486278,79.58477508650519,1.0,High
San Bartolome,4,2,2,4287.5,Active,High,51472,38.59658570736173,0.6334558536013138,1.3988187752564503,83.91608391608392,1.0,High
San Bartolome,3,1,1,4816.66666666666,Delisted,High,51472,38.59658570736173,0.6334558536013138,1.3988187752564503,83.91608391608392,1.0,High
San Bartolome,4,2,2,3220.83333333333,Active,High,51472,38.59658570736173,0.6334558536013138,1.3988187752564503,83.91608391608392,1.0,High
Capri,3,2,2,2438.88888888888,Active,Middle,12940,10.466108929486087,0.2867550182128187,,84.23236514522821,1.0,High
North Fairview,4,1,1,1654.16666666666,Active,Low,47019,187.98309548600477,5.879571248423708,4.211063612582148,76.92307692307693,1.0,Low
North Fairview,4,1,1,3737.5,Delisted,High,47019,187.98309548600477,5.879571248423708,4.211063612582148,76.92307692307693,1.0,High
Capri,5,2,2,4663.33333333333,Active,High,12940,10.466108929486087,0.2867550182128187,,84.23236514522821,1.0,Low
San Bartolome,5,4,3,4897.73333333333,Active,High,51472,38.59658570736173,0.6334558536013138,1.3988187752564503,83.91608391608392,0.75,Low
San Bartolome,5,4,4,3136.66666666666,Active,Middle,51472,38.59658570736173,0.6334558536013138,1.3988187752564503,83.91608391608392,1.0,Low
San Bartolome,8,1,1,1531.25,Active,Low,51472,38.59658570736173,0.6334558536013138,1.3988187752564503,83.91608391608392,1.0,Low
San Bartolome,4,2,2,9820.83333333333,Inactive,High,51472,38.59658570736173,0.6334558536013138,1.3988187752564503,83.91608391608392,1.0,High
San Bartolome,6,3,3,2963.88888888888,Active,Middle,51472,38.59658570736173,0.6334558536013138,1.3988187752564503,83.91608391608392,1.0,Low
Capri,5,3,3,3176.66666666666,Active,High,12940,10.466108929486087,0.2867550182128187,,84.23236514522821,1.0,High
North Fairview,5,3,2,2210.0,Active,Middle,47019,187.98309548600477,5.879571248423708,4.211063612582148,76.92307692307693,0.6666666666666666,Low
North Fairview,6,4,3,1552.77777777777,Active,Low,47019,187.98309548600477,5.879571248423708,4.211063612582148,76.92307692307693,0.75,Low
Capri,7,2,2,3614.28571428571,Active,High,12940,10.466108929486087,0.2867550182128187,,84.23236514522821,1.0,Low
Capri,7,2,1,5383.33333333333,Active,High,12940,10.466108929486087,0.2867550182128187,,84.23236514522821,0.5,Middle
Pasong Putik Proper,6,3,3,3404.16666666666,Active,High,40919,96.68813689675062,2.5641668337677963,3.690217258486278,79.58477508650519,1.0,Middle
Bagbag,5,3,3,3576.66666666666,Active,High,66268,70.79821644887755,2.497950597806753,4.783605963662703,85.5813953488372,1.0,Middle
Pasong Putik Proper,5,3,2,821.666666666666,Active,Low,40919,96.68813689675062,2.5641668337677963,3.690217258486278,79.58477508650519,0.6666666666666666,High
Pasong Putik Proper,6,4,2,4419.16666666666,Active,High,40919,96.68813689675062,2.5641668337677963,3.690217258486278,79.58477508650519,0.5,Low
Pasong Putik Proper,5,3,2,5293.33333333333,Active,High,40919,96.68813689675062,2.5641668337677963,3.690217258486278,79.58477508650519,0.6666666666666666,High
Bagbag,3,1,1,6053.33333333333,Delisted,High,66268,70.79821644887755,2.497950597806753,4.783605963662703,85.5813953488372,1.0,High
Capri,6,1,1,10244.4444444444,Active,High,12940,10.466108929486087,0.2867550182128187,,84.23236514522821,1.0,Low
Bagbag,5,2,1,3098.0,Active,Middle,66268,70.79821644887755,2.497950597806753,4.783605963662703,85.5813953488372,0.5,Middle
Capri,3,1,1,5916.66666666666,Active,High,12940,10.466108929486087,0.2867550182128187,,84.23236514522821,1.0,High
Bagbag,2,1,1,4775.0,Active,High,66268,70.79821644887755,2.497950597806753,4.783605963662703,85.5813953488372,1.0,High
Pasong Putik Proper,4,3,2,7893.75,Active,High,40919,96.68813689675062,2.5641668337677963,3.690217258486278,79.58477508650519,0.6666666666666666,High
Bagbag,4,2,2,3504.16666666666,Active,High,66268,70.79821644887755,2.497950597806753,4.783605963662703,85.5813953488372,1.0,High
Bagbag,6,2,2,5396.11111111111,Active,High,66268,70.79821644887755,2.497950597806753,4.783605963662703,85.5813953488372,1.0,Low
Santa Monica,5,4,2,2830.0,Active,Middle,52203,90.8422899758719,0.7118879499942123,4.061069287205716,81.56424581005587,0.5,Middle
Santa Monica,7,4,3,1285.71428571428,Active,Low,52203,90.8422899758719,0.7118879499942123,4.061069287205716,81.56424581005587,0.75,Low
Santa Monica,7,1,1,2000.0,Active,Low,52203,90.8422899758719,0.7118879499942123,4.061069287205716,81.56424581005587,1.0,Low
Bagbag,7,2,2,6588.09523809523,Active,High,66268,70.79821644887755,2.497950597806753,4.783605963662703,85.5813953488372,1.0,Middle
Pasong Putik Proper,10,4,3,5738.0,Active,High,40919,96.68813689675062,2.5641668337677963,3.690217258486278,79.58477508650519,0.75,Middle
Gulod,4,1,1,9094.58333333333,Active,High,63651,36.28013531452062,1.773208403952544,4.917440417275455,85.99779492833517,1.0,High
Gulod,4,3,3,6195.83333333333,Active,High,63651,36.28013531452062,1.773208403952544,4.917440417275455,85.99779492833517,1.0,High
Pasong Putik Proper,5,2,2,4973.33333333333,Active,High,40919,96.68813689675062,2.5641668337677963,3.690217258486278,79.58477508650519,1.0,High
Bagbag,4,2,2,7520.83333333333,Active,High,66268,70.79821644887755,2.497950597806753,4.783605963662703,85.5813953488372,1.0,High
Pasong Putik Proper,4,1,1,6958.33333333333,Active,High,40919,96.68813689675062,2.5641668337677963,3.690217258486278,79.58477508650519,1.0,High
Gulod,6,5,5,1825.0,Active,Low,63651,36.28013531452062,1.773208403952544,4.917440417275455,85.99779492833517,1.0,Low
Gulod,4,1,1,4920.83333333333,Active,High,63651,36.28013531452062,1.773208403952544,4.917440417275455,85.99779492833517,1.0,High
Gulod,5,2,2,5850.0,Active,High,63651,36.28013531452062,1.773208403952544,4.917440417275455,85.99779492833517,1.0,High
Pasong Putik Proper,7,2,2,2228.57142857142,Active,Middle,40919,96.68813689675062,2.5641668337677963,3.690217258486278,79.58477508650519,1.0,Middle
Gulod,5,1,1,4093.33333333333,Active,High,63651,36.28013531452062,1.773208403952544,4.917440417275455,85.99779492833517,1.0,High
Gulod,4,1,1,4453.33333333333,Delisted,High,63651,36.28013531452062,1.773208403952544,4.917440417275455,85.99779492833517,1.0,High
Bagbag,5,3,3,4800.0,Active,High,66268,70.79821644887755,2.497950597806753,4.783605963662703,85.5813953488372,1.0,Middle
Greater Lagro,8,5,4,1768.75,Active,Low,24104,22.779136104319477,2.269930841359413,17.465980750082974,90.0,0.8,Low
San Bartolome,4,2,2,6304.16666666666,Active,High,51472,38.59658570736173,0.6334558536013138,1.3988187752564503,83.91608391608392,1.0,High
Greater Lagro,6,4,3,2002.77777777777,Active,Low,24104,22.779136104319477,2.269930841359413,17.465980750082974,90.0,0.75,Low
San Bartolome,4,2,1,4175.0,Active,High,51472,38.59658570736173,0.6334558536013138,1.3988187752564503,83.91608391608392,0.5,High
Kaligayahan,4,1,1,5337.5,Active,High,62132,109.99053670406921,2.762065429525983,3.2189531964205242,72.42524916943522,1.0,High
Capri,3,1,1,2227.77777777777,Active,Middle,12940,10.466108929486087,0.2867550182128187,,84.23236514522821,1.0,High
Capri,6,4,4,6191.66666666666,Active,High,12940,10.466108929486087,0.2867550182128187,,84.23236514522821,1.0,Low
Pasong Putik Proper,7,4,3,2714.28571428571,Active,Middle,40919,96.68813689675062,2.5641668337677963,3.690217258486278,79.58477508650519,0.75,Middle
Pasong Putik Proper,4,2,2,2854.16666666666,Active,Middle,40919,96.68813689675062,2.5641668337677963,3.690217258486278,79.58477508650519,1.0,High
Pasong Putik Proper,10,6,3,2286.96666666666,Active,Middle,40919,96.68813689675062,2.5641668337677963,3.690217258486278,79.58477508650519,0.5,Middle
Pasong Putik Proper,6,1,1,4350.0,Active,High,40919,96.68813689675062,2.5641668337677963,3.690217258486278,79.58477508650519,1.0,High
Kaligayahan,5,2,2,5770.0,Active,High,62132,109.99053670406921,2.762065429525983,3.2189531964205242,72.42524916943522,1.0,High
Santa Lucia,5,1,1,3370.0,Active,High,28974,54.742576372569964,2.690058479532164,7.24787740733071,82.38636363636364,1.0,High
Santa Lucia,5,3,3,4183.33333333333,Active,High,28974,54.742576372569964,2.690058479532164,7.24787740733071,82.38636363636364,1.0,High
Santa Lucia,5,3,2,4123.0,Active,High,28974,54.742576372569964,2.690058479532164,7.24787740733071,82.38636363636364,0.6666666666666666,High
Santa Lucia,2,4,1,4225.0,Active,High,28974,54.742576372569964,2.690058479532164,7.24787740733071,82.38636363636364,0.25,High
Santa Lucia,7,3,3,5107.14285714285,Active,High,28974,54.742576372569964,2.690058479532164,7.24787740733071,82.38636363636364,1.0,High
Santa Lucia,5,3,2,3510.0,Active,High,28974,54.742576372569964,2.690058479532164,7.24787740733071,82.38636363636364,0.6666666666666666,High
Fairview,7,4,4,2135.71428571428,Active,Low,63913,110.71145984438877,3.3973436008606606,5.851704661023579,82.78145695364239,1.0,Low
Fairview,4,2,2,5537.5,Active,High,63913,110.71145984438877,3.3973436008606606,5.851704661023579,82.78145695364239,1.0,Middle
San Agustin,3,2,1,1255.55555555555,Active,Low,26034,24.863309352517984,2.6779727864326563,8.873012214796036,86.71875,0.5,High
Fairview,4,2,1,5095.83333333333,Active,High,63913,110.71145984438877,3.3973436008606606,5.851704661023579,82.78145695364239,0.5,High
San Agustin,3,1,1,4683.33333333333,Active,High,26034,24.863309352517984,2.6779727864326563,8.873012214796036,86.71875,1.0,High
Fairview,3,3,1,1044.44444444444,Active,Low,63913,110.71145984438877,3.3973436008606606,5.851704661023579,82.78145695364239,0.3333333333333333,Low
Fairview,5,2,2,3543.33333333333,Active,High,63913,110.71145984438877,3.3973436008606606,5.851704661023579,82.78145695364239,1.0,High
Gulod,5,3,3,2910.0,Active,Middle,63651,36.28013531452062,1.773208403952544,4.917440417275455,85.99779492833517,1.0,Middle
Gulod,5,3,3,2570.0,Active,Middle,63651,36.28013531452062,1.773208403952544,4.917440417275455,85.99779492833517,1.0,Middle
Fairview,5,3,3,2436.66666666666,Active,Middle,63913,110.71145984438877,3.3973436008606606,5.851704661023579,82.78145695364239,1.0,High
Capri,6,1,1,5669.44444444444,Active,High,12940,10.466108929486087,0.2867550182128187,,84.23236514522821,1.0,Low
Fairview,6,2,2,3025.0,Active,Middle,63913,110.71145984438877,3.3973436008606606,5.851704661023579,82.78145695364239,1.0,Middle
Santa Lucia,8,3,2,2475.0,Active,Middle,28974,54.742576372569964,2.690058479532164,7.24787740733071,82.38636363636364,0.6666666666666666,Middle
Santa Monica,8,3,3,2450.0,Active,Middle,52203,90.8422899758719,0.7118879499942123,4.061069287205716,81.56424581005587,1.0,Low
San Agustin,4,2,2,1550.0,Active,Low,26034,24.863309352517984,2.6779727864326563,8.873012214796036,86.71875,1.0,High
Santa Monica,6,1,1,4133.33333333333,Inactive,High,52203,90.8422899758719,0.7118879499942123,4.061069287205716,81.56424581005587,1.0,High
Santa Lucia,4,1,1,5262.5,Active,High,28974,54.742576372569964,2.690058479532164,7.24787740733071,82.38636363636364,1.0,High
San Agustin,5,2,2,2400.0,Active,Middle,26034,24.863309352517984,2.6779727864326563,8.873012214796036,86.71875,1.0,High
Santa Lucia,5,2,2,2180.0,Active,Low,28974,54.742576372569964,2.690058479532164,7.24787740733071,82.38636363636364,1.0,High
San Agustin,4,2,2,3920.83333333333,Active,High,26034,24.863309352517984,2.6779727864326563,8.873012214796036,86.71875,1.0,High
Kaligayahan,9,3,3,2255.55555555555,Active,Middle,62132,109.99053670406921,2.762065429525983,3.2189531964205242,72.42524916943522,1.0,High
Santa Lucia,3,1,1,6172.22222222222,Active,High,28974,54.742576372569964,2.690058479532164,7.24787740733071,82.38636363636364,1.0,High
San Agustin,4,3,2,5087.5,Active,High,26034,24.863309352517984,2.6779727864326563,8.873012214796036,86.71875,0.6666666666666666,High
Santa Lucia,5,3,2,14370.0,Active,High,28974,54.742576372569964,2.690058479532164,7.24787740733071,82.38636363636364,0.6666666666666666,High
Santa Lucia,6,3,3,3308.33333333333,Active,High,28974,54.742576372569964,2.690058479532164,7.24787740733071,82.38636363636364,1.0,High
San Agustin,6,4,4,2705.55555555555,Active,Middle,26034,24.863309352517984,2.6779727864326563,8.873012214796036,86.71875,1.0,Middle
Santa Lucia,4,2,2,5887.5,Active,High,28974,54.742576372569964,2.690058479532164,7.24787740733071,82.38636363636364,1.0,Middle
Santa Lucia,4,2,2,5254.16666666666,Active,High,28974,54.742576372569964,2.690058479532164,7.24787740733071,82.38636363636364,1.0,Middle
San Agustin,5,2,2,2973.33333333333,Active,Middle,26034,24.863309352517984,2.6779727864326563,8.873012214796036,86.71875,1.0,High
Santa Lucia,4,2,2,5845.83333333333,Active,High,28974,54.742576372569964,2.690058479532164,7.24787740733071,82.38636363636364,1.0,Middle
San Agustin,4,2,2,10558.3333333333,Active,High,26034,24.863309352517984,2.6779727864326563,8.873012214796036,86.71875,1.0,High
San Agustin,5,3,3,6266.66666666666,Active,High,26034,24.863309352517984,2.6779727864326563,8.873012214796036,86.71875,1.0,Middle
San Agustin,4,3,2,2500.0,Active,Middle,26034,24.863309352517984,2.6779727864326563,8.873012214796036,86.71875,0.6666666666666666,High
Santa Lucia,7,2,1,4669.04761904761,Active,High,28974,54.742576372569964,2.690058479532164,7.24787740733071,82.38636363636364,0.5,High
Kaligayahan,5,3,3,2316.66666666666,Active,Middle,62132,109.99053670406921,2.762065429525983,3.2189531964205242,72.42524916943522,1.0,Middle
Gulod,4,3,2,6125.0,Active,High,63651,36.28013531452062,1.773208403952544,4.917440417275455,85.99779492833517,0.6666666666666666,High
Gulod,5,2,2,5600.0,Delisted,High,63651,36.28013531452062,1.773208403952544,4.917440417275455,85.99779492833517,1.0,Middle
Kaligayahan,5,2,2,4350.0,Active,High,62132,109.99053670406921,2.762065429525983,3.2189531964205242,72.42524916943522,1.0,High
Gulod,5,2,2,6630.0,Active,High,63651,36.28013531452062,1.773208403952544,4.917440417275455,85.99779492833517,1.0,High
Gulod,6,2,0,3816.66666666666,Active,High,63651,36.28013531452062,1.773208403952544,4.917440417275455,85.99779492833517,0.0,Middle
Gulod,5,3,3,2653.33333333333,Active,Middle,63651,36.28013531452062,1.773208403952544,4.917440417275455,85.99779492833517,1.0,Middle
Gulod,5,2,1,3870.0,Active,High,63651,36.28013531452062,1.773208403952544,4.917440417275455,85.99779492833517,0.5,Low
Gulod,4,2,2,7525.0,Active,High,63651,36.28013531452062,1.773208403952544,4.917440417275455,85.99779492833517,1.0,High
Kaligayahan,9,3,3,5533.33333333333,Active,High,62132,109.99053670406921,2.762065429525983,3.2189531964205242,72.42524916943522,1.0,High
Gulod,3,4,1,850.0,Active,Low,63651,36.28013531452062,1.773208403952544,4.917440417275455,85.99779492833517,0.25,Low
Pasong Putik Proper,7,3,3,2890.47619047619,Active,Middle,40919,96.68813689675062,2.5641668337677963,3.690217258486278,79.58477508650519,1.0,Middle
Pasong Putik Proper,4,2,2,18925.0,Active,High,40919,96.68813689675062,2.5641668337677963,3.690217258486278,79.58477508650519,1.0,High
Gulod,5,1,1,703.333333333333,Active,Low,63651,36.28013531452062,1.773208403952544,4.917440417275455,85.99779492833517,1.0,High
Pasong Putik Proper,6,3,3,2688.88888888888,Active,Middle,40919,96.68813689675062,2.5641668337677963,3.690217258486278,79.58477508650519,1.0,Middle
Gulod,5,2,1,6370.0,Active,High,63651,36.28013531452062,1.773208403952544,4.917440417275455,85.99779492833517,0.5,Low
San Agustin,7,1,1,4647.61904761904,Active,High,26034,24.863309352517984,2.6779727864326563,8.873012214796036,86.71875,1.0,High
Gulod,6,1,1,4300.0,Delisted,High,63651,36.28013531452062,1.773208403952544,4.917440417275455,85.99779492833517,1.0,High
Gulod,4,1,1,3000.0,Delisted,Middle,63651,36.28013531452062,1.773208403952544,4.917440417275455,85.99779492833517,1.0,High
Gulod,4,3,2,4037.5,Active,High,63651,36.28013531452062,1.773208403952544,4.917440417275455,85.99779492833517,0.6666666666666666,High
Gulod,4,2,2,5237.5,Active,High,63651,36.28013531452062,1.773208403952544,4.917440417275455,85.99779492833517,1.0,High
Pasong Putik Proper,4,1,1,3775.83333333333,Active,High,40919,96.68813689675062,2.5641668337677963,3.690217258486278,79.58477508650519,1.0,High
Pasong Putik Proper,3,2,2,3688.88888888888,Active,High,40919,96.68813689675062,2.5641668337677963,3.690217258486278,79.58477508650519,1.0,High
Pasong Putik Proper,4,2,2,6429.16666666666,Active,High,40919,96.68813689675062,2.5641668337677963,3.690217258486278,79.58477508650519,1.0,High
Santa Monica,8,2,1,1025.0,Active,Low,52203,90.8422899758719,0.7118879499942123,4.061069287205716,81.56424581005587,0.5,Low
Santa Monica,5,2,1,6400.0,Delisted,High,52203,90.8422899758719,0.7118879499942123,4.061069287205716,81.56424581005587,0.5,Low
Santa Monica,5,2,2,2970.0,Active,Middle,52203,90.8422899758719,0.7118879499942123,4.061069287205716,81.56424581005587,1.0,Low
Santa Monica,3,2,2,6038.88888888889,Active,High,52203,90.8422899758719,0.7118879499942123,4.061069287205716,81.56424581005587,1.0,Low
Santa Lucia,8,3,3,6657.29166666666,Active,High,28974,54.742576372569964,2.690058479532164,7.24787740733071,82.38636363636364,1.0,High
Santa Lucia,4,2,2,2445.83333333333,Active,Middle,28974,54.742576372569964,2.690058479532164,7.24787740733071,82.38636363636364,1.0,Middle
Santa Lucia,6,3,2,4341.66666666666,Active,High,28974,54.742576372569964,2.690058479532164,7.24787740733071,82.38636363636364,0.6666666666666666,High
San Agustin,4,2,2,2808.33333333333,Active,Middle,26034,24.863309352517984,2.6779727864326563,8.873012214796036,86.71875,1.0,High
San Agustin,7,2,2,2235.71428571428,Active,Middle,26034,24.863309352517984,2.6779727864326563,8.873012214796036,86.71875,1.0,Low
Santa Lucia,5,2,2,6697.66666666666,Active,High,28974,54.742576372569964,2.690058479532164,7.24787740733071,82.38636363636364,1.0,High
Santa Lucia,9,2,0,5697.96296296296,Active,High,28974,54.742576372569964,2.690058479532164,7.24787740733071,82.38636363636364,0.0,High
Santa Lucia,5,2,2,5970.0,Active,High,28974,54.742576372569964,2.690058479532164,7.24787740733071,82.38636363636364,1.0,High
Santa Lucia,8,1,1,7646.04166666666,Active,High,28974,54.742576372569964,2.690058479532164,7.24787740733071,82.38636363636364,1.0,High
Kaligayahan,9,3,3,3203.7037037037,Active,High,62132,109.99053670406921,2.762065429525983,3.2189531964205242,72.42524916943522,1.0,High
Kaligayahan,4,2,1,6362.5,Active,High,62132,109.99053670406921,2.762065429525983,3.2189531964205242,72.42524916943522,0.5,High
Kaligayahan,7,3,3,3221.42857142857,Active,High,62132,109.99053670406921,2.762065429525983,3.2189531964205242,72.42524916943522,1.0,Middle
Kaligayahan,6,4,3,2280.55555555555,Active,Middle,62132,109.99053670406921,2.762065429525983,3.2189531964205242,72.42524916943522,0.75,Middle
Pasong Putik Proper,5,3,3,4066.66666666666,Active,High,40919,96.68813689675062,2.5641668337677963,3.690217258486278,79.58477508650519,1.0,High
Pasong Putik Proper,5,2,2,3950.0,Active,High,40919,96.68813689675062,2.5641668337677963,3.690217258486278,79.58477508650519,1.0,High
Pasong Putik Proper,3,2,2,2744.44444444444,Active,Middle,40919,96.68813689675062,2.5641668337677963,3.690217258486278,79.58477508650519,1.0,High
Pasong Putik Proper,6,3,3,4566.66666666666,Active,High,40919,96.68813689675062,2.5641668337677963,3.690217258486278,79.58477508650519,1.0,Middle
Pasong Putik Proper,6,4,4,2963.88888888888,Active,Middle,40919,96.68813689675062,2.5641668337677963,3.690217258486278,79.58477508650519,1.0,Low
Pasong Putik Proper,6,3,3,4866.66666666666,Active,High,40919,96.68813689675062,2.5641668337677963,3.690217258486278,79.58477508650519,1.0,Middle
Pasong Putik Proper,4,1,1,10462.5,Active,High,40919,96.68813689675062,2.5641668337677963,3.690217258486278,79.58477508650519,1.0,High
Pasong Putik Proper,4,1,1,5954.16666666666,Active,High,40919,96.68813689675062,2.5641668337677963,3.690217258486278,79.58477508650519,1.0,High
Pasong Putik Proper,5,3,2,7062.66666666666,Active,High,40919,96.68813689675062,2.5641668337677963,3.690217258486278,79.58477508650519,0.6666666666666666,High
Capri,6,3,3,3272.22222222222,Active,High,12940,10.466108929486087,0.2867550182128187,,84.23236514522821,1.0,Low
Pasong Putik Proper,3,3,2,3900.0,Active,High,40919,96.68813689675062,2.5641668337677963,3.690217258486278,79.58477508650519,0.6666666666666666,High
Bagbag,5,2,2,3713.33333333333,Active,High,66268,70.79821644887755,2.497950597806753,4.783605963662703,85.5813953488372,1.0,High
Capri,4,1,1,3670.83333333333,Active,High,12940,10.466108929486087,0.2867550182128187,,84.23236514522821,1.0,Middle
Pasong Putik Proper,5,1,1,4052.66666666666,Active,High,40919,96.68813689675062,2.5641668337677963,3.690217258486278,79.58477508650519,1.0,High
Pasong Putik Proper,4,2,1,3750.0,Active,High,40919,96.68813689675062,2.5641668337677963,3.690217258486278,79.58477508650519,0.5,High
Pasong Putik Proper,4,2,2,4083.33333333333,Active,High,40919,96.68813689675062,2.5641668337677963,3.690217258486278,79.58477508650519,1.0,High
San Agustin,10,6,3,6938.0,Active,High,26034,24.863309352517984,2.6779727864326563,8.873012214796036,86.71875,0.5,High
Pasong Putik Proper,4,1,1,8625.0,Active,High,40919,96.68813689675062,2.5641668337677963,3.690217258486278,79.58477508650519,1.0,High
Pasong Putik Proper,3,2,2,6903.88888888889,Active,High,40919,96.68813689675062,2.5641668337677963,3.690217258486278,79.58477508650519,1.0,High
San Agustin,6,3,3,4816.66666666666,Active,High,26034,24.863309352517984,2.6779727864326563,8.873012214796036,86.71875,1.0,Middle
Pasong Putik Proper,5,3,3,6583.33333333333,Active,High,40919,96.68813689675062,2.5641668337677963,3.690217258486278,79.58477508650519,1.0,High
Pasong Putik Proper,4,4,3,3600.0,Active,High,40919,96.68813689675062,2.5641668337677963,3.690217258486278,79.58477508650519,0.75,Middle
Santa Lucia,5,2,2,3870.0,Active,High,28974,54.742576372569964,2.690058479532164,7.24787740733071,82.38636363636364,1.0,High
Santa Lucia,7,3,3,3764.28571428571,Active,High,28974,54.742576372569964,2.690058479532164,7.24787740733071,82.38636363636364,1.0,High
Santa Lucia,4,1,1,2325.0,Active,Middle,28974,54.742576372569964,2.690058479532164,7.24787740733071,82.38636363636364,1.0,High
San Agustin,4,2,2,4091.66666666666,Active,High,26034,24.863309352517984,2.6779727864326563,8.873012214796036,86.71875,1.0,High
San Agustin,3,2,2,3333.33333333333,Active,High,26034,24.863309352517984,2.6779727864326563,8.873012214796036,86.71875,1.0,High
Pasong Putik Proper,6,3,2,4072.22222222222,Active,High,40919,96.68813689675062,2.5641668337677963,3.690217258486278,79.58477508650519,0.6666666666666666,Low
San Agustin,6,2,2,3983.33333333333,Active,High,26034,24.863309352517984,2.6779727864326563,8.873012214796036,86.71875,1.0,Middle
Gulod,4,3,1,2262.5,Active,Middle,63651,36.28013531452062,1.773208403952544,4.917440417275455,85.99779492833517,0.3333333333333333,Low
Pasong Putik Proper,6,2,2,3733.33333333333,Active,High,40919,96.68813689675062,2.5641668337677963,3.690217258486278,79.58477508650519,1.0,High
Pasong Putik Proper,7,4,2,6314.28571428571,Active,High,40919,96.68813689675062,2.5641668337677963,3.690217258486278,79.58477508650519,0.5,Low
Bagbag,5,2,2,2410.0,Active,Middle,66268,70.79821644887755,2.497950597806753,4.783605963662703,85.5813953488372,1.0,High
Pasong Putik Proper,4,3,2,929.166666666666,Active,Low,40919,96.68813689675062,2.5641668337677963,3.690217258486278,79.58477508650519,0.6666666666666666,High
Bagbag,6,3,2,4041.66666666666,Active,High,66268,70.79821644887755,2.497950597806753,4.783605963662703,85.5813953488372,0.6666666666666666,Middle
Bagbag,5,3,3,3056.66666666666,Active,Middle,66268,70.79821644887755,2.497950597806753,4.783605963662703,85.5813953488372,1.0,Middle
Bagbag,6,5,4,3380.55555555555,Active,High,66268,70.79821644887755,2.497950597806753,4.783605963662703,85.5813953488372,0.8,Middle
Bagbag,4,2,1,3487.5,Active,High,66268,70.79821644887755,2.497950597806753,4.783605963662703,85.5813953488372,0.5,High
Bagbag,6,3,1,2613.88888888888,Active,Middle,66268,70.79821644887755,2.497950597806753,4.783605963662703,85.5813953488372,0.3333333333333333,Middle
Bagbag,5,4,3,5380.0,Active,High,66268,70.79821644887755,2.497950597806753,4.783605963662703,85.5813953488372,0.75,Middle
Bagbag,5,3,2,2316.66666666666,Active,Middle,66268,70.79821644887755,2.497950597806753,4.783605963662703,85.5813953488372,0.6666666666666666,Middle
Bagbag,4,2,1,4725.0,Active,High,66268,70.79821644887755,2.497950597806753,4.783605963662703,85.5813953488372,0.5,High
Santa Lucia,5,2,1,6870.0,Active,High,28974,54.742576372569964,2.690058479532164,7.24787740733071,82.38636363636364,0.5,High
Santa Lucia,7,3,3,4684.14285714285,Active,High,28974,54.742576372569964,2.690058479532164,7.24787740733071,82.38636363636364,1.0,High
Santa Lucia,5,1,1,3330.0,Active,High,28974,54.742576372569964,2.690058479532164,7.24787740733071,82.38636363636364,1.0,High
Santa Lucia,4,3,1,3100.0,Active,Middle,28974,54.742576372569964,2.690058479532164,7.24787740733071,82.38636363636364,0.3333333333333333,Middle
Santa Lucia,3,2,2,6033.33333333333,Active,High,28974,54.742576372569964,2.690058479532164,7.24787740733071,82.38636363636364,1.0,High
Santa Lucia,4,1,1,3262.5,Active,High,28974,54.742576372569964,2.690058479532164,7.24787740733071,82.38636363636364,1.0,High
Santa Lucia,5,2,2,3410.0,Active,High,28974,54.742576372569964,2.690058479532164,7.24787740733071,82.38636363636364,1.0,High
Gulod,5,3,3,943.333333333333,Active,Low,63651,36.28013531452062,1.773208403952544,4.917440417275455,85.99779492833517,1.0,Middle
Gulod,5,3,3,2830.0,Active,Middle,63651,36.28013531452062,1.773208403952544,4.917440417275455,85.99779492833517,1.0,Middle
Gulod,3,1,1,9383.33333333333,Active,High,63651,36.28013531452062,1.773208403952544,4.917440417275455,85.99779492833517,1.0,High
Gulod,6,2,2,3991.66666666666,Active,High,63651,36.28013531452062,1.773208403952544,4.917440417275455,85.99779492833517,1.0,Middle
Gulod,4,3,2,10312.5,Active,High,63651,36.28013531452062,1.773208403952544,4.917440417275455,85.99779492833517,0.6666666666666666,High
Gulod,2,2,1,1675.0,Active,Low,63651,36.28013531452062,1.773208403952544,4.917440417275455,85.99779492833517,0.5,Middle
Gulod,3,1,1,5500.0,Active,High,63651,36.28013531452062,1.773208403952544,4.917440417275455,85.99779492833517,1.0,High
Gulod,2,3,0,8175.0,Active,High,63651,36.28013531452062,1.773208403952544,4.917440417275455,85.99779492833517,0.0,High
Gulod,4,3,1,1540.0,Active,Low,63651,36.28013531452062,1.773208403952544,4.917440417275455,85.99779492833517,0.3333333333333333,Low
Gulod,5,3,3,5610.0,Active,High,63651,36.28013531452062,1.773208403952544,4.917440417275455,85.99779492833517,1.0,Middle
Gulod,3,2,2,4033.33333333333,Active,High,63651,36.28013531452062,1.773208403952544,4.917440417275455,85.99779492833517,1.0,High
Gulod,5,3,3,6190.0,Active,High,63651,36.28013531452062,1.773208403952544,4.917440417275455,85.99779492833517,1.0,Middle
Gulod,4,3,2,3387.5,Active,High,63651,36.28013531452062,1.773208403952544,4.917440417275455,85.99779492833517,0.6666666666666666,High
Gulod,3,3,1,8616.66666666666,Active,High,63651,36.28013531452062,1.773208403952544,4.917440417275455,85.99779492833517,0.3333333333333333,High
Gulod,4,2,2,6462.5,Active,High,63651,36.28013531452062,1.773208403952544,4.917440417275455,85.99779492833517,1.0,High
Gulod,4,3,2,4012.5,Active,High,63651,36.28013531452062,1.773208403952544,4.917440417275455,85.99779492833517,0.6666666666666666,High
Gulod,4,1,1,6475.0,Active,High,63651,36.28013531452062,1.773208403952544,4.917440417275455,85.99779492833517,1.0,High
Gulod,6,2,2,2658.33333333333,Active,Middle,63651,36.28013531452062,1.773208403952544,4.917440417275455,85.99779492833517,1.0,Middle
North Fairview,6,3,3,1513.88888888888,Active,Low,47019,187.98309548600477,5.879571248423708,4.211063612582148,76.92307692307693,1.0,Middle
San Bartolome,5,3,3,4500.0,Delisted,High,51472,38.59658570736173,0.6334558536013138,1.3988187752564503,83.91608391608392,1.0,Middle
Greater Lagro,5,3,2,1666.66666666666,Active,Low,24104,22.779136104319477,2.269930841359413,17.465980750082974,90.0,0.6666666666666666,Middle
Santa Lucia,7,4,2,3854.7619047619,Active,High,28974,54.742576372569964,2.690058479532164,7.24787740733071,82.38636363636364,0.5,Middle
Santa Lucia,4,3,1,7479.16666666666,Active,High,28974,54.742576372569964,2.690058479532164,7.24787740733071,82.38636363636364,0.3333333333333333,Middle
Santa Lucia,7,4,4,7264.28571428571,Active,High,28974,54.742576372569964,2.690058479532164,7.24787740733071,82.38636363636364,1.0,High
Santa Lucia,4,1,1,5229.16666666666,Active,High,28974,54.742576372569964,2.690058479532164,7.24787740733071,82.38636363636364,1.0,High
Gulod,5,1,1,3320.0,Graduated,High,63651,36.28013531452062,1.773208403952544,4.917440417275455,85.99779492833517,1.0,High
Nagkaisang Nayon,7,2,1,7256.66666666666,Active,High,54477,41.13943727654283,1.2941373347464717,1.156451346439782,74.24242424242425,0.5,Middle
Nagkaisang Nayon,3,2,2,2483.33333333333,Active,Middle,54477,41.13943727654283,1.2941373347464717,1.156451346439782,74.24242424242425,1.0,Middle
Nagkaisang Nayon,6,2,2,1058.33333333333,Active,Low,54477,41.13943727654283,1.2941373347464717,1.156451346439782,74.24242424242425,1.0,Low
Nagkaisang Nayon,6,1,1,4219.44444444444,Active,High,54477,41.13943727654283,1.2941373347464717,1.156451346439782,74.24242424242425,1.0,Middle
Nagkaisang Nayon,4,2,2,1775.0,Active,Low,54477,41.13943727654283,1.2941373347464717,1.156451346439782,74.24242424242425,1.0,Middle
Kaligayahan,7,3,3,4790.47619047619,Delisted,High,62132,109.99053670406921,2.762065429525983,3.2189531964205242,72.42524916943522,1.0,Low
Kaligayahan,5,3,3,3706.66666666666,Active,High,62132,109.99053670406921,2.762065429525983,3.2189531964205242,72.42524916943522,1.0,Middle
Capri,4,2,1,8437.5,Active,High,12940,10.466108929486087,0.2867550182128187,,84.23236514522821,0.5,High
Santa Lucia,5,1,1,2453.33333333333,Active,Middle,28974,54.742576372569964,2.690058479532164,7.24787740733071,82.38636363636364,1.0,High
Kaligayahan,6,1,1,3986.11111111111,Active,High,62132,109.99053670406921,2.762065429525983,3.2189531964205242,72.42524916943522,1.0,Middle
Nagkaisang Nayon,4,2,2,6104.16666666666,Active,High,54477,41.13943727654283,1.2941373347464717,1.156451346439782,74.24242424242425,1.0,Middle
Kaligayahan,9,4,4,3638.88888888888,Active,High,62132,109.99053670406921,2.762065429525983,3.2189531964205242,72.42524916943522,1.0,Middle
Nagkaisang Nayon,7,2,2,5444.7619047619,Active,High,54477,41.13943727654283,1.2941373347464717,1.156451346439782,74.24242424242425,1.0,Middle
Capri,6,1,1,1647.22222222222,Active,Low,12940,10.466108929486087,0.2867550182128187,,84.23236514522821,1.0,Low
Santa Lucia,5,2,2,2530.0,Active,Middle,28974,54.742576372569964,2.690058479532164,7.24787740733071,82.38636363636364,1.0,High
Kaligayahan,6,1,1,4084.72222222222,Active,High,62132,109.99053670406921,2.762065429525983,3.2189531964205242,72.42524916943522,1.0,Middle
Kaligayahan,5,3,3,2140.0,Active,Low,62132,109.99053670406921,2.762065429525983,3.2189531964205242,72.42524916943522,1.0,Middle
Santa Lucia,4,2,2,2200.0,Active,Middle,28974,54.742576372569964,2.690058479532164,7.24787740733071,82.38636363636364,1.0,Middle
Kaligayahan,5,1,1,2613.33333333333,Active,Middle,62132,109.99053670406921,2.762065429525983,3.2189531964205242,72.42524916943522,1.0,High
Santa Lucia,5,2,2,5036.0,Active,High,28974,54.742576372569964,2.690058479532164,7.24787740733071,82.38636363636364,1.0,High
Bagbag,5,2,1,6100.0,Active,High,66268,70.79821644887755,2.497950597806753,4.783605963662703,85.5813953488372,0.5,Middle
Kaligayahan,4,2,2,2383.33333333333,Active,Middle,62132,109.99053670406921,2.762065429525983,3.2189531964205242,72.42524916943522,1.0,High
Capri,3,2,2,7322.22222222222,Active,High,12940,10.466108929486087,0.2867550182128187,,84.23236514522821,1.0,High
Santa Lucia,9,3,2,2738.88888888888,Active,Middle,28974,54.742576372569964,2.690058479532164,7.24787740733071,82.38636363636364,0.6666666666666666,Middle
Gulod,5,3,3,2480.0,Active,Middle,63651,36.28013531452062,1.773208403952544,4.917440417275455,85.99779492833517,1.0,Middle
Kaligayahan,8,2,2,2325.0,Active,Middle,62132,109.99053670406921,2.762065429525983,3.2189531964205242,72.42524916943522,1.0,High
Gulod,4,2,2,8612.5,Active,High,63651,36.28013531452062,1.773208403952544,4.917440417275455,85.99779492833517,1.0,High
Kaligayahan,4,1,1,1654.16666666666,Active,Low,62132,109.99053670406921,2.762065429525983,3.2189531964205242,72.42524916943522,1.0,High
Santa Lucia,4,2,2,2412.5,Active,Middle,28974,54.742576372569964,2.690058479532164,7.24787740733071,82.38636363636364,1.0,Middle
Kaligayahan,4,2,2,2683.33333333333,Active,Middle,62132,109.99053670406921,2.762065429525983,3.2189531964205242,72.42524916943522,1.0,High
Santa Lucia,5,3,3,6500.0,Active,High,28974,54.742576372569964,2.690058479532164,7.24787740733071,82.38636363636364,1.0,High
Santa Lucia,4,2,2,3739.58333333333,Active,High,28974,54.742576372569964,2.690058479532164,7.24787740733071,82.38636363636364,1.0,Middle
Santa Lucia,5,3,3,3310.0,Active,High,28974,54.742576372569964,2.690058479532164,7.24787740733071,82.38636363636364,1.0,High
Bagbag,7,3,3,4366.90476190476,Active,High,66268,70.79821644887755,2.497950597806753,4.783605963662703,85.5813953488372,1.0,Middle
Bagbag,3,1,1,3227.77777777777,Active,High,66268,70.79821644887755,2.497950597806753,4.783605963662703,85.5813953488372,1.0,High
Bagbag,3,1,1,4050.0,Active,High,66268,70.79821644887755,2.497950597806753,4.783605963662703,85.5813953488372,1.0,High
Bagbag,3,1,1,2961.11111111111,Active,Middle,66268,70.79821644887755,2.497950597806753,4.783605963662703,85.5813953488372,1.0,High
Bagbag,5,3,2,7086.66666666666,Active,High,66268,70.79821644887755,2.497950597806753,4.783605963662703,85.5813953488372,0.6666666666666666,Middle
Gulod,4,2,2,2987.5,Active,Middle,63651,36.28013531452062,1.773208403952544,4.917440417275455,85.99779492833517,1.0,High
Gulod,2,2,2,7000.0,Active,High,63651,36.28013531452062,1.773208403952544,4.917440417275455,85.99779492833517,1.0,High
Gulod,5,3,1,3190.0,Active,High,63651,36.28013531452062,1.773208403952544,4.917440417275455,85.99779492833517,0.3333333333333333,Middle
Gulod,3,1,0,2000.0,Active,Low,63651,36.28013531452062,1.773208403952544,4.917440417275455,85.99779492833517,0.0,Low
Gulod,5,3,3,2780.0,Active,Middle,63651,36.28013531452062,1.773208403952544,4.917440417275455,85.99779492833517,1.0,Middle
Gulod,4,1,1,4212.5,Active,High,63651,36.28013531452062,1.773208403952544,4.917440417275455,85.99779492833517,1.0,High
Gulod,3,4,0,4783.3333333333,Active,High,63651,36.28013531452062,1.773208403952544,4.917440417275455,85.99779492833517,0.0,Middle
Gulod,5,1,1,3336.0,Active,High,63651,36.28013531452062,1.773208403952544,4.917440417275455,85.99779492833517,1.0,High
Gulod,5,3,0,3870.0,Inactive,High,63651,36.28013531452062,1.773208403952544,4.917440417275455,85.99779492833517,0.0,High
Gulod,3,2,1,3783.3333333333,Active,High,63651,36.28013531452062,1.773208403952544,4.917440417275455,85.99779492833517,0.5,High
Gulod,4,3,1,6250.0,Active,High,63651,36.28013531452062,1.773208403952544,4.917440417275455,85.99779492833517,0.3333333333333333,Low
Gulod,3,3,3,3950.0,Active,High,63651,36.28013531452062,1.773208403952544,4.917440417275455,85.99779492833517,1.0,High
Gulod,5,2,2,1610.0,Active,Low,63651,36.28013531452062,1.773208403952544,4.917440417275455,85.99779492833517,1.0,High
Gulod,4,3,3,3312.5,Active,High,63651,36.28013531452062,1.773208403952544,4.917440417275455,85.99779492833517,1.0,High
Santa Lucia,5,3,3,3343.3333333333,Active,High,28974,54.742576372569964,2.690058479532164,7.24787740733071,82.38636363636364,1.0,High
Gulod,6,4,3,4150.0,Active,High,63651,36.28013531452062,1.773208403952544,4.917440417275455,85.99779492833517,0.75,Middle
Capri,7,5,5,3078.5714285714,Active,Middle,12940,10.466108929486087,0.2867550182128187,,84.23236514522821,1.0,Middle
Gulod,5,3,3,6323.3333333333,Active,High,63651,36.28013531452062,1.773208403952544,4.917440417275455,85.99779492833517,1.0,Middle
Gulod,5,1,1,6803.3333333333,Active,High,63651,36.28013531452062,1.773208403952544,4.917440417275455,85.99779492833517,1.0,High
Nagkaisang Nayon,6,3,3,3355.5555555556,Active,High,54477,41.13943727654283,1.2941373347464717,1.156451346439782,74.24242424242425,1.0,Middle
Gulod,5,4,3,2246.6666666667,Active,Middle,63651,36.28013531452062,1.773208403952544,4.917440417275455,85.99779492833517,0.75,Low
Gulod,4,1,0,1662.5,Active,Low,63651,36.28013531452062,1.773208403952544,4.917440417275455,85.99779492833517,0.0,Low
Gulod,4,3,2,2337.5,Active,Middle,63651,36.28013531452062,1.773208403952544,4.917440417275455,85.99779492833517,0.6666666666666666,High
Gulod,6,1,1,3921.6666666667,Active,High,63651,36.28013531452062,1.773208403952544,4.917440417275455,85.99779492833517,1.0,High
Gulod,9,4,4,1111.1111111111,Active,Low,63651,36.28013531452062,1.773208403952544,4.917440417275455,85.99779492833517,1.0,Low
Santa Lucia,3,1,0,7116.6666666667,Active,High,28974,54.742576372569964,2.690058479532164,7.24787740733071,82.38636363636364,0.0,High
Santa Lucia,4,2,2,2912.5,Active,Middle,28974,54.742576372569964,2.690058479532164,7.24787740733071,82.38636363636364,1.0,Middle
Santa Lucia,5,2,2,2975.0,Active,Middle,28974,54.742576372569964,2.690058479532164,7.24787740733071,82.38636363636364,1.0,High
Santa Lucia,5,2,1,2695.0,Active,Middle,28974,54.742576372569964,2.690058479532164,7.24787740733071,82.38636363636364,0.5,High
Santa Lucia,4,2,2,4189.5833333333,Active,High,28974,54.742576372569964,2.690058479532164,7.24787740733071,82.38636363636364,1.0,Middle
Bagbag,3,1,1,11681.111111111,Active,High,66268,70.79821644887755,2.497950597806753,4.783605963662703,85.5813953488372,1.0,High
Bagbag,3,2,2,2661.1111111111,Active,Middle,66268,70.79821644887755,2.497950597806753,4.783605963662703,85.5813953488372,1.0,High
Bagbag,3,1,1,5888.8888888889,Active,High,66268,70.79821644887755,2.497950597806753,4.783605963662703,85.5813953488372,1.0,High
Bagbag,7,4,3,2233.3333333333,Active,Middle,66268,70.79821644887755,2.497950597806753,4.783605963662703,85.5813953488372,0.75,Middle
Bagbag,5,3,3,3986.3333333333,Active,High,66268,70.79821644887755,2.497950597806753,4.783605963662703,85.5813953488372,1.0,Middle
Bagbag,6,3,3,3135.0,Active,Middle,66268,70.79821644887755,2.497950597806753,4.783605963662703,85.5813953488372,1.0,Middle
Bagbag,3,1,0,2050.0,Active,Low,66268,70.79821644887755,2.497950597806753,4.783605963662703,85.5813953488372,0.0,High
Bagbag,5,3,3,3330.0,Active,High,66268,70.79821644887755,2.497950597806753,4.783605963662703,85.5813953488372,1.0,Middle
Fairview,5,2,2,2803.3333333333,Active,Middle,63913,110.71145984438877,3.3973436008606606,5.851704661023579,82.78145695364239,1.0,High
Nagkaisang Nayon,4,2,2,8161.6666666667,Active,High,54477,41.13943727654283,1.2941373347464717,1.156451346439782,74.24242424242425,1.0,Middle
Fairview,5,3,3,2910.0,Active,Middle,63913,110.71145984438877,3.3973436008606606,5.851704661023579,82.78145695364239,1.0,High
Fairview,5,3,3,5096.6666666667,Active,High,63913,110.71145984438877,3.3973436008606606,5.851704661023579,82.78145695364239,1.0,High
Fairview,4,3,2,2837.5,Active,Middle,63913,110.71145984438877,3.3973436008606606,5.851704661023579,82.78145695364239,0.6666666666666666,Middle
Fairview,4,2,2,4604.1666666667,Active,High,63913,110.71145984438877,3.3973436008606606,5.851704661023579,82.78145695364239,1.0,Middle
Gulod,3,3,3,3883.3333333333,Active,High,63651,36.28013531452062,1.773208403952544,4.917440417275455,85.99779492833517,1.0,High
Nagkaisang Nayon,3,1,1,2205.5555555556,Active,Middle,54477,41.13943727654283,1.2941373347464717,1.156451346439782,74.24242424242425,1.0,Middle
North Fairview,4,3,2,2275.0,Active,Middle,47019,187.98309548600477,5.879571248423708,4.211063612582148,76.92307692307693,0.6666666666666666,Middle
Nagkaisang Nayon,4,3,3,4757.5,Active,High,54477,41.13943727654283,1.2941373347464717,1.156451346439782,74.24242424242425,1.0,Low
North Fairview,2,1,1,4250.0,Active,High,47019,187.98309548600477,5.879571248423708,4.211063612582148,76.92307692307693,1.0,High
North Fairview,5,3,3,2110.0,Active,Low,47019,187.98309548600477,5.879571248423708,4.211063612582148,76.92307692307693,1.0,Middle
Nagkaisang Nayon,5,2,2,3036.6666666667,Active,Middle,54477,41.13943727654283,1.2941373347464717,1.156451346439782,74.24242424242425,1.0,Middle
Pasong Putik Proper,6,3,2,2694.4444444444,Active,Middle,40919,96.68813689675062,2.5641668337677963,3.690217258486278,79.58477508650519,0.6666666666666666,Low
Nagkaisang Nayon,5,3,3,4110.0,Active,High,54477,41.13943727654283,1.2941373347464717,1.156451346439782,74.24242424242425,1.0,Middle
North Fairview,2,1,1,7725.0,Active,High,47019,187.98309548600477,5.879571248423708,4.211063612582148,76.92307692307693,1.0,High
North Fairview,2,2,1,4725.0,Active,High,47019,187.98309548600477,5.879571248423708,4.211063612582148,76.92307692307693,0.5,High
Gulod,6,3,3,2675.0,Active,Middle,63651,36.28013531452062,1.773208403952544,4.917440417275455,85.99779492833517,1.0,Middle
North Fairview,5,2,2,5400.0,Active,High,47019,187.98309548600477,5.879571248423708,4.211063612582148,76.92307692307693,1.0,Middle
Pasong Putik Proper,4,1,0,12715.0,Active,High,40919,96.68813689675062,2.5641668337677963,3.690217258486278,79.58477508650519,0.0,High
Gulod,5,3,2,1096.6666666667,Active,Low,63651,36.28013531452062,1.773208403952544,4.917440417275455,85.99779492833517,0.6666666666666666,High
Pasong Putik Proper,6,2,2,2897.2222222222,Active,Middle,40919,96.68813689675062,2.5641668337677963,3.690217258486278,79.58477508650519,1.0,High
Pasong Putik Proper,6,5,3,2750.0,Active,Middle,40919,96.68813689675062,2.5641668337677963,3.690217258486278,79.58477508650519,0.6,Low
Pasong Putik Proper,6,4,2,2947.2222222222,Active,Middle,40919,96.68813689675062,2.5641668337677963,3.690217258486278,79.58477508650519,0.5,Low
Gulod,4,1,1,2420.8333333333,Active,Middle,63651,36.28013531452062,1.773208403952544,4.917440417275455,85.99779492833517,1.0,High
Gulod,5,2,2,4486.0,Active,High,63651,36.28013531452062,1.773208403952544,4.917440417275455,85.99779492833517,1.0,High
Santa Monica,2,1,1,2833.3333333333,Delisted,Middle,52203,90.8422899758719,0.7118879499942123,4.061069287205716,81.56424581005587,1.0,Middle
Pasong Putik Proper,6,2,1,3433.3333333333,Active,High,40919,96.68813689675062,2.5641668337677963,3.690217258486278,79.58477508650519,0.5,High
Pasong Putik Proper,4,2,2,4149.1666666667,Active,High,40919,96.68813689675062,2.5641668337677963,3.690217258486278,79.58477508650519,1.0,High
Pasong Putik Proper,6,1,1,5883.3333333333,Active,High,40919,96.68813689675062,2.5641668337677963,3.690217258486278,79.58477508650519,1.0,High
Gulod,2,2,1,3000.0,Active,Middle,63651,36.28013531452062,1.773208403952544,4.917440417275455,85.99779492833517,0.5,Middle
Gulod,4,2,2,3512.5,Active,High,63651,36.28013531452062,1.773208403952544,4.917440417275455,85.99779492833517,1.0,High
Gulod,3,1,1,4616.6666666667,Active,High,63651,36.28013531452062,1.773208403952544,4.917440417275455,85.99779492833517,1.0,High
Gulod,5,4,4,3310.0,Active,High,63651,36.28013531452062,1.773208403952544,4.917440417275455,85.99779492833517,1.0,Middle
Fairview,5,3,2,1070.0,Active,Low,63913,110.71145984438877,3.3973436008606606,5.851704661023579,82.78145695364239,0.6666666666666666,Middle
Pasong Putik Proper,4,2,1,5625.0,Active,High,40919,96.68813689675062,2.5641668337677963,3.690217258486278,79.58477508650519,0.5,High
Gulod,4,3,1,4812.5,Active,High,63651,36.28013531452062,1.773208403952544,4.917440417275455,85.99779492833517,0.3333333333333333,Low
Fairview,5,3,3,4356.6666666667,Active,High,63913,110.71145984438877,3.3973436008606606,5.851704661023579,82.78145695364239,1.0,High
Fairview,5,2,0,7470.0,Active,High,63913,110.71145984438877,3.3973436008606606,5.851704661023579,82.78145695364239,0.0,Middle
Gulod,4,3,2,10875.0,Active,High,63651,36.28013531452062,1.773208403952544,4.917440417275455,85.99779492833517,0.6666666666666666,High
Fairview,4,2,1,4383.3333333333,Active,High,63913,110.71145984438877,3.3973436008606606,5.851704661023579,82.78145695364239,0.5,High
Gulod,6,4,4,2708.3333333333,Active,Middle,63651,36.28013531452062,1.773208403952544,4.917440417275455,85.99779492833517,1.0,Middle
Gulod,3,3,3,5083.3333333333,Active,High,63651,36.28013531452062,1.773208403952544,4.917440417275455,85.99779492833517,1.0,High
Bagbag,4,3,3,2425.0,Active,Middle,66268,70.79821644887755,2.497950597806753,4.783605963662703,85.5813953488372,1.0,High
Bagbag,5,4,4,1570.0,Active,Low,66268,70.79821644887755,2.497950597806753,4.783605963662703,85.5813953488372,1.0,Middle
Bagbag,6,3,3,3433.3333333333,Active,High,66268,70.79821644887755,2.497950597806753,4.783605963662703,85.5813953488372,1.0,Middle
Bagbag,4,2,0,2437.5,Active,Middle,66268,70.79821644887755,2.497950597806753,4.783605963662703,85.5813953488372,0.0,Middle
Pasong Putik Proper,5,2,2,3820.0,Active,High,40919,96.68813689675062,2.5641668337677963,3.690217258486278,79.58477508650519,1.0,High
Pasong Putik Proper,11,3,2,3702.1212121212,Active,High,40919,96.68813689675062,2.5641668337677963,3.690217258486278,79.58477508650519,0.6666666666666666,High
Fairview,5,2,2,3710.0,Active,High,63913,110.71145984438877,3.3973436008606606,5.851704661023579,82.78145695364239,1.0,High
Pasong Putik Proper,5,3,3,3073.3333333333,Active,Middle,40919,96.68813689675062,2.5641668337677963,3.690217258486278,79.58477508650519,1.0,High
Fairview,5,3,2,1550.0,Active,Low,63913,110.71145984438877,3.3973436008606606,5.851704661023579,82.78145695364239,0.6666666666666666,Middle
Fairview,5,3,2,2416.6666666667,Active,Middle,63913,110.71145984438877,3.3973436008606606,5.851704661023579,82.78145695364239,0.6666666666666666,Middle
Santa Monica,5,3,3,3359.3333333333,Active,High,52203,90.8422899758719,0.7118879499942123,4.061069287205716,81.56424581005587,1.0,Low
Santa Monica,3,1,1,2227.7777777778,Active,Middle,52203,90.8422899758719,0.7118879499942123,4.061069287205716,81.56424581005587,1.0,Low
Pasong Putik Proper,5,1,1,2113.3333333333,Active,Low,40919,96.68813689675062,2.5641668337677963,3.690217258486278,79.58477508650519,1.0,High
Pasong Putik Proper,3,1,1,2244.4444444444,Active,Middle,40919,96.68813689675062,2.5641668337677963,3.690217258486278,79.58477508650519,1.0,Middle
Pasong Putik Proper,8,7,4,5341.6666666667,Active,High,40919,96.68813689675062,2.5641668337677963,3.690217258486278,79.58477508650519,0.5714285714285714,Low
Pasong Putik Proper,5,2,2,1716.6666666667,Active,Low,40919,96.68813689675062,2.5641668337677963,3.690217258486278,79.58477508650519,1.0,High
Pasong Putik Proper,6,4,4,1433.3333333333,Active,Low,40919,96.68813689675062,2.5641668337677963,3.690217258486278,79.58477508650519,1.0,Low
Pasong Putik Proper,10,2,1,5470.0,Active,High,40919,96.68813689675062,2.5641668337677963,3.690217258486278,79.58477508650519,0.5,Middle
North Fairview,5,3,3,3602.6666666667,Active,High,47019,187.98309548600477,5.879571248423708,4.211063612582148,76.92307692307693,1.0,Middle
North Fairview,5,3,3,4706.6666666667,Active,High,47019,187.98309548600477,5.879571248423708,4.211063612582148,76.92307692307693,1.0,Middle
North Fairview,9,6,6,1711.1111111111,Active,Low,47019,187.98309548600477,5.879571248423708,4.211063612582148,76.92307692307693,1.0,Low
North Fairview,4,3,3,6966.6666666667,Active,High,47019,187.98309548600477,5.879571248423708,4.211063612582148,76.92307692307693,1.0,Middle
North Fairview,5,2,2,2826.6666666667,Active,Middle,47019,187.98309548600477,5.879571248423708,4.211063612582148,76.92307692307693,1.0,Middle
North Fairview,5,3,3,6020.0,Active,High,47019,187.98309548600477,5.879571248423708,4.211063612582148,76.92307692307693,1.0,Middle
Pasong Putik Proper,5,3,2,3410.0,Active,High,40919,96.68813689675062,2.5641668337677963,3.690217258486278,79.58477508650519,0.6666666666666666,High
Pasong Putik Proper,5,2,2,5760.6666666667,Active,High,40919,96.68813689675062,2.5641668337677963,3.690217258486278,79.58477508650519,1.0,High
Pasong Putik Proper,6,3,2,4061.1111111111,Active,High,40919,96.68813689675062,2.5641668337677963,3.690217258486278,79.58477508650519,0.6666666666666666,Low
Pasong Putik Proper,7,5,4,3976.1904761905,Active,High,40919,96.68813689675062,2.5641668337677963,3.690217258486278,79.58477508650519,0.8,Low
Pasong Putik Proper,6,2,2,8432.2222222222,Active,High,40919,96.68813689675062,2.5641668337677963,3.690217258486278,79.58477508650519,1.0,High
Pasong Putik Proper,10,2,2,9136.6666666667,Active,High,40919,96.68813689675062,2.5641668337677963,3.690217258486278,79.58477508650519,1.0,Low
Fairview,6,3,3,3683.3333333333,Active,High,63913,110.71145984438877,3.3973436008606606,5.851704661023579,82.78145695364239,1.0,Middle
Fairview,7,1,1,5954.7619047619,Active,High,63913,110.71145984438877,3.3973436008606606,5.851704661023579,82.78145695364239,1.0,High
Fairview,6,3,3,5219.4444444444,Active,High,63913,110.71145984438877,3.3973436008606606,5.851704661023579,82.78145695364239,1.0,Middle
Fairview,5,2,2,5032.6666666667,Active,High,63913,110.71145984438877,3.3973436008606606,5.851704661023579,82.78145695364239,1.0,High
Fairview,4,2,2,2854.1666666667,Active,Middle,63913,110.71145984438877,3.3973436008606606,5.851704661023579,82.78145695364239,1.0,Middle
Fairview,8,2,1,3543.75,Active,High,63913,110.71145984438877,3.3973436008606606,5.851704661023579,82.78145695364239,0.5,High
Fairview,6,3,3,4391.6666666667,Active,High,63913,110.71145984438877,3.3973436008606606,5.851704661023579,82.78145695364239,1.0,Middle
Fairview,5,2,1,3216.6666666667,Active,High,63913,110.71145984438877,3.3973436008606606,5.851704661023579,82.78145695364239,0.5,High
Fairview,6,3,2,2891.6666666667,Active,Middle,63913,110.71145984438877,3.3973436008606606,5.851704661023579,82.78145695364239,0.6666666666666666,Middle
Gulod,4,2,0,2912.5,Active,Middle,63651,36.28013531452062,1.773208403952544,4.917440417275455,85.99779492833517,0.0,High
Gulod,7,3,3,3073.8095238095,Active,Middle,63651,36.28013531452062,1.773208403952544,4.917440417275455,85.99779492833517,1.0,Middle
Pasong Putik Proper,4,2,2,12683.333333333,Active,High,40919,96.68813689675062,2.5641668337677963,3.690217258486278,79.58477508650519,1.0,High
Pasong Putik Proper,5,2,1,3820.6666666667,Active,High,40919,96.68813689675062,2.5641668337677963,3.690217258486278,79.58477508650519,0.5,High
Pasong Putik Proper,6,4,3,2069.4444444444,Active,Low,40919,96.68813689675062,2.5641668337677963,3.690217258486278,79.58477508650519,0.75,Middle
Pasong Putik Proper,7,5,4,3042.8571428571,Active,Middle,40919,96.68813689675062,2.5641668337677963,3.690217258486278,79.58477508650519,0.8,Low
Pasong Putik Proper,6,2,2,2538.8888888889,Active,Middle,40919,96.68813689675062,2.5641668337677963,3.690217258486278,79.58477508650519,1.0,High
Pasong Putik Proper,6,3,3,3227.7777777778,Active,High,40919,96.68813689675062,2.5641668337677963,3.690217258486278,79.58477508650519,1.0,Middle
Pasong Putik Proper,5,2,0,2600.0,Active,Middle,40919,96.68813689675062,2.5641668337677963,3.690217258486278,79.58477508650519,0.0,Middle
Pasong Putik Proper,4,2,2,4275.0,Active,High,40919,96.68813689675062,2.5641668337677963,3.690217258486278,79.58477508650519,1.0,High
Pasong Putik Proper,8,3,3,2504.1666666667,Active,Middle,40919,96.68813689675062,2.5641668337677963,3.690217258486278,79.58477508650519,1.0,Middle
Pasong Putik Proper,5,3,2,3746.6666666667,Active,High,40919,96.68813689675062,2.5641668337677963,3.690217258486278,79.58477508650519,0.6666666666666666,High
Gulod,3,2,2,4850.0,Active,High,63651,36.28013531452062,1.773208403952544,4.917440417275455,85.99779492833517,1.0,High
Santa Monica,6,3,3,2613.8888888889,Active,Middle,52203,90.8422899758719,0.7118879499942123,4.061069287205716,81.56424581005587,1.0,Low
Santa Monica,7,4,4,1450.0,Active,Low,52203,90.8422899758719,0.7118879499942123,4.061069287205716,81.56424581005587,1.0,Low
Santa Monica,8,4,3,2397.9166666667,Active,Middle,52203,90.8422899758719,0.7118879499942123,4.061069287205716,81.56424581005587,0.75,Low
Santa Monica,4,2,2,7837.5,Active,High,52203,90.8422899758719,0.7118879499942123,4.061069287205716,81.56424581005587,1.0,Low
Santa Monica,8,1,1,1752.0833333333,Active,Low,52203,90.8422899758719,0.7118879499942123,4.061069287205716,81.56424581005587,1.0,Low
Santa Monica,5,1,1,6706.0,Active,High,52203,90.8422899758719,0.7118879499942123,4.061069287205716,81.56424581005587,1.0,Low
Gulod,5,3,3,3723.3333333333,Active,High,63651,36.28013531452062,1.773208403952544,4.917440417275455,85.99779492833517,1.0,Middle
San Bartolome,5,2,2,2243.3333333333,Active,Middle,51472,38.59658570736173,0.6334558536013138,1.3988187752564503,83.91608391608392,1.0,Middle
Gulod,4,1,1,3370.8333333333,Active,High,63651,36.28013531452062,1.773208403952544,4.917440417275455,85.99779492833517,1.0,High
Gulod,6,5,1,3858.3333333333,Active,High,63651,36.28013531452062,1.773208403952544,4.917440417275455,85.99779492833517,0.2,Middle
Gulod,5,2,1,3116.6666666667,Active,Middle,63651,36.28013531452062,1.773208403952544,4.917440417275455,85.99779492833517,0.5,Low
Fairview,6,1,1,3291.6666666667,Active,High,63913,110.71145984438877,3.3973436008606606,5.851704661023579,82.78145695364239,1.0,High
San Bartolome,4,1,0,3391.6666666667,Active,High,51472,38.59658570736173,0.6334558536013138,1.3988187752564503,83.91608391608392,0.0,High
Kaligayahan,5,2,2,7170.0,Active,High,62132,109.99053670406921,2.762065429525983,3.2189531964205242,72.42524916943522,1.0,High
Fairview,6,4,3,3480.5555555556,Active,High,63913,110.71145984438877,3.3973436008606606,5.851704661023579,82.78145695364239,0.75,Middle
Kaligayahan,3,1,1,4033.3333333333,Active,High,62132,109.99053670406921,2.762065429525983,3.2189531964205242,72.42524916943522,1.0,High
Kaligayahan,7,2,2,2704.7619047619,Active,Middle,62132,109.99053670406921,2.762065429525983,3.2189531964205242,72.42524916943522,1.0,Middle
Kaligayahan,4,2,2,4550.0,Active,High,62132,109.99053670406921,2.762065429525983,3.2189531964205242,72.42524916943522,1.0,High
San Bartolome,3,2,1,5272.2222222222,Active,High,51472,38.59658570736173,0.6334558536013138,1.3988187752564503,83.91608391608392,0.5,High
Gulod,5,3,3,3856.6666666667,Active,High,63651,36.28013531452062,1.773208403952544,4.917440417275455,85.99779492833517,1.0,Middle
San Bartolome,6,3,2,5519.4444444444,Active,High,51472,38.59658570736173,0.6334558536013138,1.3988187752564503,83.91608391608392,0.6666666666666666,Middle
Gulod,6,3,1,3569.4444444444,Active,High,63651,36.28013531452062,1.773208403952544,4.917440417275455,85.99779492833517,0.3333333333333333,Middle
San Bartolome,5,2,2,3543.3333333333,Active,High,51472,38.59658570736173,0.6334558536013138,1.3988187752564503,83.91608391608392,1.0,Middle
Fairview,3,1,1,5527.7777777778,Active,High,63913,110.71145984438877,3.3973436008606606,5.851704661023579,82.78145695364239,1.0,High
Gulod,4,1,1,6599.1666666667,Active,High,63651,36.28013531452062,1.773208403952544,4.917440417275455,85.99779492833517,1.0,High
Santa Lucia,6,3,3,19480.555555556,Active,High,28974,54.742576372569964,2.690058479532164,7.24787740733071,82.38636363636364,1.0,High
Fairview,5,3,3,2963.3333333333,Active,Middle,63913,110.71145984438877,3.3973436008606606,5.851704661023579,82.78145695364239,1.0,High
Kaligayahan,8,1,1,4618.75,Active,High,62132,109.99053670406921,2.762065429525983,3.2189531964205242,72.42524916943522,1.0,High
Gulod,5,3,2,2383.3333333333,Active,Middle,63651,36.28013531452062,1.773208403952544,4.917440417275455,85.99779492833517,0.6666666666666666,High
Kaligayahan,5,3,3,3834.4,Active,High,62132,109.99053670406921,2.762065429525983,3.2189531964205242,72.42524916943522,1.0,Middle
Santa Lucia,6,3,3,2561.1111111111,Active,Middle,28974,54.742576372569964,2.690058479532164,7.24787740733071,82.38636363636364,1.0,High
Fairview,7,5,2,3178.5714285714,Active,High,63913,110.71145984438877,3.3973436008606606,5.851704661023579,82.78145695364239,0.4,High
Gulod,6,2,2,558.33333333333,Active,Low,63651,36.28013531452062,1.773208403952544,4.917440417275455,85.99779492833517,1.0,Middle
San Bartolome,6,3,1,1322.2222222222,Active,Low,51472,38.59658570736173,0.6334558536013138,1.3988187752564503,83.91608391608392,0.3333333333333333,Low
Kaligayahan,6,2,2,2541.6666666667,Active,Middle,62132,109.99053670406921,2.762065429525983,3.2189531964205242,72.42524916943522,1.0,Middle
Santa Lucia,5,3,2,5623.3333333333,Active,High,28974,54.742576372569964,2.690058479532164,7.24787740733071,82.38636363636364,0.6666666666666666,High
Kaligayahan,5,2,2,3153.3333333333,Active,High,62132,109.99053670406921,2.762065429525983,3.2189531964205242,72.42524916943522,1.0,High
Gulod,3,2,1,3805.5555555556,Active,High,63651,36.28013531452062,1.773208403952544,4.917440417275455,85.99779492833517,0.5,High
Fairview,6,4,2,3525.0,Active,High,63913,110.71145984438877,3.3973436008606606,5.851704661023579,82.78145695364239,0.5,High
Kaligayahan,6,4,3,3355.5555555556,Active,High,62132,109.99053670406921,2.762065429525983,3.2189531964205242,72.42524916943522,0.75,Middle
San Bartolome,4,2,2,3920.8333333333,Active,High,51472,38.59658570736173,0.6334558536013138,1.3988187752564503,83.91608391608392,1.0,High
Fairview,6,2,2,3113.8888888889,Active,Middle,63913,110.71145984438877,3.3973436008606606,5.851704661023579,82.78145695364239,1.0,Middle
Gulod,5,3,3,3423.3333333333,Active,High,63651,36.28013531452062,1.773208403952544,4.917440417275455,85.99779492833517,1.0,Middle
Fairview,5,3,2,4053.3333333333,Active,High,63913,110.71145984438877,3.3973436008606606,5.851704661023579,82.78145695364239,0.6666666666666666,Middle
Gulod,4,2,2,5404.1666666667,Active,High,63651,36.28013531452062,1.773208403952544,4.917440417275455,85.99779492833517,1.0,High
Kaligayahan,7,3,3,5342.8571428571,Active,High,62132,109.99053670406921,2.762065429525983,3.2189531964205242,72.42524916943522,1.0,Middle
Fairview,5,3,2,4176.6666666667,Active,High,63913,110.71145984438877,3.3973436008606606,5.851704661023579,82.78145695364239,0.6666666666666666,Middle
Santa Lucia,7,3,3,7178.5714285714,Active,High,28974,54.742576372569964,2.690058479532164,7.24787740733071,82.38636363636364,1.0,High
Gulod,8,1,1,2506.25,Active,Middle,63651,36.28013531452062,1.773208403952544,4.917440417275455,85.99779492833517,1.0,Middle
Kaligayahan,8,3,3,4404.3333333333,Active,High,62132,109.99053670406921,2.762065429525983,3.2189531964205242,72.42524916943522,1.0,Low
Fairview,6,3,2,4047.2222222222,Active,High,63913,110.71145984438877,3.3973436008606606,5.851704661023579,82.78145695364239,0.6666666666666666,Middle
Fairview,5,3,3,4270.0,Active,High,63913,110.71145984438877,3.3973436008606606,5.851704661023579,82.78145695364239,1.0,High
Gulod,4,2,2,6324.1666666667,Active,High,63651,36.28013531452062,1.773208403952544,4.917440417275455,85.99779492833517,1.0,High
Fairview,4,3,2,2420.8333333333,Active,Middle,63913,110.71145984438877,3.3973436008606606,5.851704661023579,82.78145695364239,0.6666666666666666,Middle
Gulod,7,1,1,3630.9523809524,Active,High,63651,36.28013531452062,1.773208403952544,4.917440417275455,85.99779492833517,1.0,High
San Bartolome,7,2,1,3922.619047619,Active,High,51472,38.59658570736173,0.6334558536013138,1.3988187752564503,83.91608391608392,0.5,Middle
Greater Lagro,5,2,2,2323.3333333333,Active,Middle,24104,22.779136104319477,2.269930841359413,17.465980750082974,90.0,1.0,Middle
Gulod,7,3,3,4651.9047619048,Active,High,63651,36.28013531452062,1.773208403952544,4.917440417275455,85.99779492833517,1.0,Middle
Greater Lagro,6,2,2,3382.7777777778,Active,High,24104,22.779136104319477,2.269930841359413,17.465980750082974,90.0,1.0,Middle
Gulod,2,1,1,2758.3333333333,Active,Middle,63651,36.28013531452062,1.773208403952544,4.917440417275455,85.99779492833517,1.0,High
Greater Lagro,11,1,1,3954.5454545455,Active,High,24104,22.779136104319477,2.269930841359413,17.465980750082974,90.0,1.0,High
Gulod,4,2,1,4487.5,Active,High,63651,36.28013531452062,1.773208403952544,4.917440417275455,85.99779492833517,0.5,High
Santa Lucia,3,2,1,4083.3333333333,Active,High,28974,54.742576372569964,2.690058479532164,7.24787740733071,82.38636363636364,0.5,High
Santa Lucia,5,3,3,4822.1666666667,Active,High,28974,54.742576372569964,2.690058479532164,7.24787740733071,82.38636363636364,1.0,High
Santa Lucia,5,1,1,6352.6666666667,Active,High,28974,54.742576372569964,2.690058479532164,7.24787740733071,82.38636363636364,1.0,High
Santa Lucia,4,2,2,2470.8333333333,Active,Middle,28974,54.742576372569964,2.690058479532164,7.24787740733071,82.38636363636364,1.0,Middle
Pasong Putik Proper,7,3,2,5074.7619047619,Active,High,40919,96.68813689675062,2.5641668337677963,3.690217258486278,79.58477508650519,0.6666666666666666,Low
Pasong Putik Proper,6,3,3,4650.0,Active,High,40919,96.68813689675062,2.5641668337677963,3.690217258486278,79.58477508650519,1.0,Middle
Pasong Putik Proper,6,3,3,4811.1111111111,Active,High,40919,96.68813689675062,2.5641668337677963,3.690217258486278,79.58477508650519,1.0,Middle
Pasong Putik Proper,5,3,3,6033.3333333333,Active,High,40919,96.68813689675062,2.5641668337677963,3.690217258486278,79.58477508650519,1.0,High
Pasong Putik Proper,6,6,4,3550.0,Active,High,40919,96.68813689675062,2.5641668337677963,3.690217258486278,79.58477508650519,0.6666666666666666,Low
Pasong Putik Proper,6,2,2,5191.1111111111,Active,High,40919,96.68813689675062,2.5641668337677963,3.690217258486278,79.58477508650519,1.0,High
Pasong Putik Proper,7,2,2,6876.1904761905,Active,High,40919,96.68813689675062,2.5641668337677963,3.690217258486278,79.58477508650519,1.0,Middle
Pasong Putik Proper,5,1,1,3366.6666666667,Active,High,40919,96.68813689675062,2.5641668337677963,3.690217258486278,79.58477508650519,1.0,High
Pasong Putik Proper,5,4,4,3506.6666666667,Active,High,40919,96.68813689675062,2.5641668337677963,3.690217258486278,79.58477508650519,1.0,Low
Pasong Putik Proper,4,1,1,4616.6666666667,Active,High,40919,96.68813689675062,2.5641668337677963,3.690217258486278,79.58477508650519,1.0,High
North Fairview,4,1,1,4761.6666666667,Active,High,47019,187.98309548600477,5.879571248423708,4.211063612582148,76.92307692307693,1.0,Low
North Fairview,4,1,1,3525.0,Active,High,47019,187.98309548600477,5.879571248423708,4.211063612582148,76.92307692307693,1.0,Low
Santa Monica,4,2,2,2670.8333333333,Active,Middle,52203,90.8422899758719,0.7118879499942123,4.061069287205716,81.56424581005587,1.0,Low
Bagbag,4,1,1,4920.8333333333,Active,High,66268,70.79821644887755,2.497950597806753,4.783605963662703,85.5813953488372,1.0,High
Bagbag,6,3,1,3002.7777777778,Active,Middle,66268,70.79821644887755,2.497950597806753,4.783605963662703,85.5813953488372,0.3333333333333333,Middle
Bagbag,3,2,1,7227.7777777778,Active,High,66268,70.79821644887755,2.497950597806753,4.783605963662703,85.5813953488372,0.5,High
Bagbag,7,4,2,4835.7142857143,Active,High,66268,70.79821644887755,2.497950597806753,4.783605963662703,85.5813953488372,0.5,High
Bagbag,3,2,2,3938.8888888889,Active,High,66268,70.79821644887755,2.497950597806753,4.783605963662703,85.5813953488372,1.0,High
Bagbag,5,1,1,3870.0,Active,High,66268,70.79821644887755,2.497950597806753,4.783605963662703,85.5813953488372,1.0,High
Santa Lucia,6,5,4,8640.5555555556,Active,High,28974,54.742576372569964,2.690058479532164,7.24787740733071,82.38636363636364,0.8,High
Bagbag,6,1,1,3469.4444444444,Active,High,66268,70.79821644887755,2.497950597806753,4.783605963662703,85.5813953488372,1.0,High
Santa Lucia,3,2,2,4752.7777777778,Active,High,28974,54.742576372569964,2.690058479532164,7.24787740733071,82.38636363636364,1.0,High
Santa Lucia,4,2,2,3095.8333333333,Active,Middle,28974,54.742576372569964,2.690058479532164,7.24787740733071,82.38636363636364,1.0,Middle
Bagbag,6,3,3,2966.6666666667,Active,Middle,66268,70.79821644887755,2.497950597806753,4.783605963662703,85.5813953488372,1.0,Middle
Santa Monica,4,3,2,3045.8333333333,Active,Middle,52203,90.8422899758719,0.7118879499942123,4.061069287205716,81.56424581005587,0.6666666666666666,Low
North Fairview,6,3,2,3772.2222222222,Active,High,47019,187.98309548600477,5.879571248423708,4.211063612582148,76.92307692307693,0.6666666666666666,Middle
Santa Lucia,3,2,2,4652.7777777778,Active,High,28974,54.742576372569964,2.690058479532164,7.24787740733071,82.38636363636364,1.0,High
North Fairview,5,3,3,2700.0,Active,Middle,47019,187.98309548600477,5.879571248423708,4.211063612582148,76.92307692307693,1.0,Middle
Bagbag,7,1,1,3878.5714285714,Active,High,66268,70.79821644887755,2.497950597806753,4.783605963662703,85.5813953488372,1.0,High
Santa Lucia,4,3,3,4137.5,Active,High,28974,54.742576372569964,2.690058479532164,7.24787740733071,82.38636363636364,1.0,High
North Fairview,8,4,3,2879.1666666667,Active,Middle,47019,187.98309548600477,5.879571248423708,4.211063612582148,76.92307692307693,0.75,Middle
Santa Monica,6,2,2,702.77777777778,Active,Low,52203,90.8422899758719,0.7118879499942123,4.061069287205716,81.56424581005587,1.0,Low
North Fairview,2,2,0,5100.0,Active,High,47019,187.98309548600477,5.879571248423708,4.211063612582148,76.92307692307693,0.0,High
North Fairview,6,4,3,1500.0,Active,Low,47019,187.98309548600477,5.879571248423708,4.211063612582148,76.92307692307693,0.75,Low
Bagbag,6,2,2,2958.3333333333,Active,Middle,66268,70.79821644887755,2.497950597806753,4.783605963662703,85.5813953488372,1.0,Low
Santa Monica,11,2,2,3656.0606060606,Active,High,52203,90.8422899758719,0.7118879499942123,4.061069287205716,81.56424581005587,1.0,Low
North Fairview,4,3,2,2825.0,Active,Middle,47019,187.98309548600477,5.879571248423708,4.211063612582148,76.92307692307693,0.6666666666666666,Middle
North Fairview,8,4,4,3181.25,Active,High,47019,187.98309548600477,5.879571248423708,4.211063612582148,76.92307692307693,1.0,Low
Santa Monica,4,3,2,4179.1666666667,Active,High,52203,90.8422899758719,0.7118879499942123,4.061069287205716,81.56424581005587,0.6666666666666666,Low
North Fairview,5,1,1,1780.0,Active,Low,47019,187.98309548600477,5.879571248423708,4.211063612582148,76.92307692307693,1.0,Low
North Fairview,5,2,2,3300.0,Inactive,High,47019,187.98309548600477,5.879571248423708,4.211063612582148,76.92307692307693,1.0,High
Santa Monica,6,1,1,3216.6666666667,Active,High,52203,90.8422899758719,0.7118879499942123,4.061069287205716,81.56424581005587,1.0,Low
North Fairview,6,2,2,4217.7777777778,Active,High,47019,187.98309548600477,5.879571248423708,4.211063612582148,76.92307692307693,1.0,Middle
North Fairview,6,2,2,8355.5555555556,Active,High,47019,187.98309548600477,5.879571248423708,4.211063612582148,76.92307692307693,1.0,Middle
Santa Monica,6,2,1,1500.0,Active,Low,52203,90.8422899758719,0.7118879499942123,4.061069287205716,81.56424581005587,0.5,Low
Santa Monica,7,2,2,4857.1428571429,Delisted,High,52203,90.8422899758719,0.7118879499942123,4.061069287205716,81.56424581005587,1.0,Low
Santa Monica,4,3,2,3283.3333333333,Active,High,52203,90.8422899758719,0.7118879499942123,4.061069287205716,81.56424581005587,0.6666666666666666,Low
Bagbag,4,2,2,3500.0,Active,High,66268,70.79821644887755,2.497950597806753,4.783605963662703,85.5813953488372,1.0,High
Bagbag,3,2,1,5000.0,Active,High,66268,70.79821644887755,2.497950597806753,4.783605963662703,85.5813953488372,0.5,High
Bagbag,4,3,3,3000.0,Active,Middle,66268,70.79821644887755,2.497950597806753,4.783605963662703,85.5813953488372,1.0,High
Bagbag,8,4,3,6350.0,Active,High,66268,70.79821644887755,2.497950597806753,4.783605963662703,85.5813953488372,0.75,High
Bagbag,5,3,3,5670.0,Active,High,66268,70.79821644887755,2.497950597806753,4.783605963662703,85.5813953488372,1.0,Middle
Bagbag,7,3,3,1959.5238095238,Active,Low,66268,70.79821644887755,2.497950597806753,4.783605963662703,85.5813953488372,1.0,Middle
Bagbag,6,3,2,700.0,Active,Low,66268,70.79821644887755,2.497950597806753,4.783605963662703,85.5813953488372,0.6666666666666666,Middle
Bagbag,4,1,1,4170.8333333333,Active,High,66268,70.79821644887755,2.497950597806753,4.783605963662703,85.5813953488372,1.0,High
Bagbag,4,2,2,3000.0,Active,Middle,66268,70.79821644887755,2.497950597806753,4.783605963662703,85.5813953488372,1.0,High
Bagbag,4,2,2,1750.0,Active,Low,66268,70.79821644887755,2.497950597806753,4.783605963662703,85.5813953488372,1.0,High
Bagbag,4,3,3,4500.0,Active,High,66268,70.79821644887755,2.497950597806753,4.783605963662703,85.5813953488372,1.0,High
Bagbag,5,3,3,840.0,Active,Low,66268,70.79821644887755,2.497950597806753,4.783605963662703,85.5813953488372,1.0,Middle
Bagbag,6,2,2,2129.1666666667,Active,Low,66268,70.79821644887755,2.497950597806753,4.783605963662703,85.5813953488372,1.0,Low
Bagbag,6,2,1,1166.6666666667,Active,Low,66268,70.79821644887755,2.497950597806753,4.783605963662703,85.5813953488372,0.5,Low
Bagbag,6,4,4,4275.0,Active,High,66268,70.79821644887755,2.497950597806753,4.783605963662703,85.5813953488372,1.0,Middle
Bagbag,5,4,3,1525.0,Active,Low,66268,70.79821644887755,2.497950597806753,4.783605963662703,85.5813953488372,0.75,Middle
Bagbag,4,2,2,6547.0833333333,Active,High,66268,70.79821644887755,2.497950597806753,4.783605963662703,85.5813953488372,1.0,High
Bagbag,6,3,3,1002.7777777778,Active,Low,66268,70.79821644887755,2.497950597806753,4.783605963662703,85.5813953488372,1.0,Middle
Bagbag,3,1,1,5566.6666666667,Active,High,66268,70.79821644887755,2.497950597806753,4.783605963662703,85.5813953488372,1.0,High
Bagbag,5,3,3,4000.0,Active,High,66268,70.79821644887755,2.497950597806753,4.783605963662703,85.5813953488372,1.0,Middle
Bagbag,7,3,2,3878.5714285714,Inactive,High,66268,70.79821644887755,2.497950597806753,4.783605963662703,85.5813953488372,0.6666666666666666,High
Bagbag,4,2,2,5587.5,Active,High,66268,70.79821644887755,2.497950597806753,4.783605963662703,85.5813953488372,1.0,High
Bagbag,4,3,2,3375.0,Active,High,66268,70.79821644887755,2.497950597806753,4.783605963662703,85.5813953488372,0.6666666666666666,Middle
North Fairview,6,3,3,5103.8888888889,Active,High,47019,187.98309548600477,5.879571248423708,4.211063612582148,76.92307692307693,1.0,Middle
Bagbag,6,3,3,2669.4444444444,Active,Middle,66268,70.79821644887755,2.497950597806753,4.783605963662703,85.5813953488372,1.0,Middle
North Fairview,4,2,2,3808.3333333333,Active,High,47019,187.98309548600477,5.879571248423708,4.211063612582148,76.92307692307693,1.0,Middle
Bagbag,4,2,1,3154.1666666667,Active,High,66268,70.79821644887755,2.497950597806753,4.783605963662703,85.5813953488372,0.5,High
North Fairview,11,4,4,1218.1818181818,Active,Low,47019,187.98309548600477,5.879571248423708,4.211063612582148,76.92307692307693,1.0,Low
Bagbag,5,2,1,2945.0,Active,Middle,66268,70.79821644887755,2.497950597806753,4.783605963662703,85.5813953488372,0.5,Middle
North Fairview,8,3,1,4787.5,Active,High,47019,187.98309548600477,5.879571248423708,4.211063612582148,76.92307692307693,0.3333333333333333,High
North Fairview,5,2,2,1620.0,Active,Low,47019,187.98309548600477,5.879571248423708,4.211063612582148,76.92307692307693,1.0,Middle
Bagbag,6,2,2,3780.5555555556,Active,High,66268,70.79821644887755,2.497950597806753,4.783605963662703,85.5813953488372,1.0,Low
Kaligayahan,9,2,1,3935.1851851852,Active,High,62132,109.99053670406921,2.762065429525983,3.2189531964205242,72.42524916943522,0.5,High
North Fairview,6,4,4,2611.1111111111,Active,Middle,47019,187.98309548600477,5.879571248423708,4.211063612582148,76.92307692307693,1.0,Middle
Kaligayahan,4,2,2,6395.8333333333,Active,High,62132,109.99053670406921,2.762065429525983,3.2189531964205242,72.42524916943522,1.0,High
Kaligayahan,4,3,2,4379.1666666667,Active,High,62132,109.99053670406921,2.762065429525983,3.2189531964205242,72.42524916943522,0.6666666666666666,High
North Fairview,9,4,4,4316.2962962963,Active,High,47019,187.98309548600477,5.879571248423708,4.211063612582148,76.92307692307693,1.0,Low
Bagbag,5,1,1,5350.0,Active,High,66268,70.79821644887755,2.497950597806753,4.783605963662703,85.5813953488372,1.0,High
North Fairview,4,4,2,8808.3333333333,Active,High,47019,187.98309548600477,5.879571248423708,4.211063612582148,76.92307692307693,0.5,Middle
Kaligayahan,3,2,2,5405.5555555556,Active,High,62132,109.99053670406921,2.762065429525983,3.2189531964205242,72.42524916943522,1.0,High
North Fairview,5,4,2,3453.3333333333,Active,High,47019,187.98309548600477,5.879571248423708,4.211063612582148,76.92307692307693,0.5,Middle
Bagbag,5,3,2,3896.6666666667,Active,High,66268,70.79821644887755,2.497950597806753,4.783605963662703,85.5813953488372,0.6666666666666666,Middle
Kaligayahan,4,3,2,6166.6666666667,Active,High,62132,109.99053670406921,2.762065429525983,3.2189531964205242,72.42524916943522,0.6666666666666666,High
Kaligayahan,5,3,3,4653.3333333333,Active,High,62132,109.99053670406921,2.762065429525983,3.2189531964205242,72.42524916943522,1.0,Middle
North Fairview,7,4,3,1928.5714285714,Active,Low,47019,187.98309548600477,5.879571248423708,4.211063612582148,76.92307692307693,0.75,Low
North Fairview,5,3,3,1640.0,Active,Low,47019,187.98309548600477,5.879571248423708,4.211063612582148,76.92307692307693,1.0,Middle
Kaligayahan,4,3,2,3891.6666666667,Active,High,62132,109.99053670406921,2.762065429525983,3.2189531964205242,72.42524916943522,0.6666666666666666,High
North Fairview,3,2,2,2100.0,Active,Low,47019,187.98309548600477,5.879571248423708,4.211063612582148,76.92307692307693,1.0,Low
Kaligayahan,5,3,3,5016.6666666667,Active,High,62132,109.99053670406921,2.762065429525983,3.2189531964205242,72.42524916943522,1.0,Middle
North Fairview,6,3,1,2352.7777777778,Active,Middle,47019,187.98309548600477,5.879571248423708,4.211063612582148,76.92307692307693,0.3333333333333333,Middle
Bagbag,7,4,3,2110.7142857143,Active,Low,66268,70.79821644887755,2.497950597806753,4.783605963662703,85.5813953488372,0.75,Middle
Kaligayahan,4,1,1,8766.6666666667,Active,High,62132,109.99053670406921,2.762065429525983,3.2189531964205242,72.42524916943522,1.0,High
Pasong Putik Proper,7,3,3,3795.2380952381,Active,High,40919,96.68813689675062,2.5641668337677963,3.690217258486278,79.58477508650519,1.0,Middle
North Fairview,5,5,4,3849.3333333333,Active,High,47019,187.98309548600477,5.879571248423708,4.211063612582148,76.92307692307693,0.8,High
Kaligayahan,4,1,1,14570.833333333,Active,High,62132,109.99053670406921,2.762065429525983,3.2189531964205242,72.42524916943522,1.0,High
North Fairview,7,3,3,2461.9047619048,Active,Middle,47019,187.98309548600477,5.879571248423708,4.211063612582148,76.92307692307693,1.0,Middle
Pasong Putik Proper,8,3,3,1870.8333333333,Active,Low,40919,96.68813689675062,2.5641668337677963,3.690217258486278,79.58477508650519,1.0,Middle
Pasong Putik Proper,4,2,2,2977.0833333333,Active,Middle,40919,96.68813689675062,2.5641668337677963,3.690217258486278,79.58477508650519,1.0,High
Santa Lucia,8,1,1,6086.25,Active,High,28974,54.742576372569964,2.690058479532164,7.24787740733071,82.38636363636364,1.0,High
Pasong Putik Proper,8,1,1,2625.0,Active,Middle,40919,96.68813689675062,2.5641668337677963,3.690217258486278,79.58477508650519,1.0,Middle
Santa Lucia,6,4,3,3805.5555555556,Active,High,28974,54.742576372569964,2.690058479532164,7.24787740733071,82.38636363636364,0.75,High
Santa Lucia,5,4,4,6886.0,Active,High,28974,54.742576372569964,2.690058479532164,7.24787740733071,82.38636363636364,1.0,High
Bagbag,4,1,0,6420.8333333333,Active,High,66268,70.79821644887755,2.497950597806753,4.783605963662703,85.5813953488372,0.0,Middle
Bagbag,4,2,2,4529.1666666667,Active,High,66268,70.79821644887755,2.497950597806753,4.783605963662703,85.5813953488372,1.0,High
Santa Lucia,4,2,1,3683.3333333333,Active,High,28974,54.742576372569964,2.690058479532164,7.24787740733071,82.38636363636364,0.5,High
Santa Lucia,7,3,3,4180.4761904762,Active,High,28974,54.742576372569964,2.690058479532164,7.24787740733071,82.38636363636364,1.0,High
Bagbag,5,2,1,6443.3333333333,Active,High,66268,70.79821644887755,2.497950597806753,4.783605963662703,85.5813953488372,0.5,Middle
Bagbag,8,4,4,2002.0833333333,Active,Low,66268,70.79821644887755,2.497950597806753,4.783605963662703,85.5813953488372,1.0,Low
Bagbag,4,1,1,4391.6666666667,Active,High,66268,70.79821644887755,2.497950597806753,4.783605963662703,85.5813953488372,1.0,High
Bagbag,6,2,2,2569.4444444444,Active,Middle,66268,70.79821644887755,2.497950597806753,4.783605963662703,85.5813953488372,1.0,Low
Kaligayahan,4,1,0,7525.0,Active,High,62132,109.99053670406921,2.762065429525983,3.2189531964205242,72.42524916943522,0.0,High
Santa Lucia,4,1,1,5220.8333333333,Active,High,28974,54.742576372569964,2.690058479532164,7.24787740733071,82.38636363636364,1.0,High
Santa Lucia,4,3,3,4929.1666666667,Active,High,28974,54.742576372569964,2.690058479532164,7.24787740733071,82.38636363636364,1.0,High
Santa Lucia,6,3,3,5358.3333333333,Active,High,28974,54.742576372569964,2.690058479532164,7.24787740733071,82.38636363636364,1.0,High
Kaligayahan,11,2,2,6731.2121212121,Graduated,High,62132,109.99053670406921,2.762065429525983,3.2189531964205242,72.42524916943522,1.0,High
Santa Lucia,3,2,2,3388.8888888889,Active,High,28974,54.742576372569964,2.690058479532164,7.24787740733071,82.38636363636364,1.0,High
Santa Lucia,5,3,2,4120.0,Active,High,28974,54.742576372569964,2.690058479532164,7.24787740733071,82.38636363636364,0.6666666666666666,High
Santa Lucia,9,5,1,7163.3333333333,Active,High,28974,54.742576372569964,2.690058479532164,7.24787740733071,82.38636363636364,0.2,High
Kaligayahan,5,1,1,5410.0,Graduated,High,62132,109.99053670406921,2.762065429525983,3.2189531964205242,72.42524916943522,1.0,High
Kaligayahan,9,1,1,5687.037037037,Active,High,62132,109.99053670406921,2.762065429525983,3.2189531964205242,72.42524916943522,1.0,High
Santa Lucia,7,4,4,5811.9047619048,Active,High,28974,54.742576372569964,2.690058479532164,7.24787740733071,82.38636363636364,1.0,High
Santa Lucia,9,4,3,6719.6296296296,Active,High,28974,54.742576372569964,2.690058479532164,7.24787740733071,82.38636363636364,0.75,Middle
Santa Lucia,4,2,2,4222.9166666667,Active,High,28974,54.742576372569964,2.690058479532164,7.24787740733071,82.38636363636364,1.0,Middle
Santa Lucia,4,2,2,4954.1666666667,Active,High,28974,54.742576372569964,2.690058479532164,7.24787740733071,82.38636363636364,1.0,Middle
Santa Lucia,9,4,2,1866.6666666667,Active,Low,28974,54.742576372569964,2.690058479532164,7.24787740733071,82.38636363636364,0.5,Low
Santa Lucia,7,2,1,4996.4285714286,Active,High,28974,54.742576372569964,2.690058479532164,7.24787740733071,82.38636363636364,0.5,High
Santa Lucia,3,1,1,6954.4444444444,Active,High,28974,54.742576372569964,2.690058479532164,7.24787740733071,82.38636363636364,1.0,High
Santa Lucia,10,5,4,2151.6666666667,Active,Low,28974,54.742576372569964,2.690058479532164,7.24787740733071,82.38636363636364,0.8,Low
Santa Lucia,5,2,2,6310.0,Active,High,28974,54.742576372569964,2.690058479532164,7.24787740733071,82.38636363636364,1.0,High
Santa Lucia,5,3,3,5236.6666666667,Active,High,28974,54.742576372569964,2.690058479532164,7.24787740733071,82.38636363636364,1.0,High
Santa Lucia,10,2,2,5138.3333333333,Active,High,28974,54.742576372569964,2.690058479532164,7.24787740733071,82.38636363636364,1.0,Middle
Santa Lucia,8,1,1,3581.25,Active,High,28974,54.742576372569964,2.690058479532164,7.24787740733071,82.38636363636364,1.0,High
Santa Lucia,6,5,3,3746.1111111111,Active,High,28974,54.742576372569964,2.690058479532164,7.24787740733071,82.38636363636364,0.6,Middle
Santa Lucia,7,2,2,5489.2857142857,Active,High,28974,54.742576372569964,2.690058479532164,7.24787740733071,82.38636363636364,1.0,High
Kaligayahan,6,3,3,2775.0,Active,Middle,62132,109.99053670406921,2.762065429525983,3.2189531964205242,72.42524916943522,1.0,Middle
Gulod,6,2,1,4000.0,Active,High,63651,36.28013531452062,1.773208403952544,4.917440417275455,85.99779492833517,0.5,Low
Gulod,5,1,0,1500.0,Active,Low,63651,36.28013531452062,1.773208403952544,4.917440417275455,85.99779492833517,0.0,Low
Santa Lucia,3,2,2,4021.6666666667,Active,High,28974,54.742576372569964,2.690058479532164,7.24787740733071,82.38636363636364,1.0,High
Gulod,5,3,1,3200.0,Active,High,63651,36.28013531452062,1.773208403952544,4.917440417275455,85.99779492833517,0.3333333333333333,Middle
Kaligayahan,6,1,1,2530.5555555556,Active,Middle,62132,109.99053670406921,2.762065429525983,3.2189531964205242,72.42524916943522,1.0,Middle
Gulod,5,3,3,4000.0,Active,High,63651,36.28013531452062,1.773208403952544,4.917440417275455,85.99779492833517,1.0,Middle
Gulod,4,2,2,3762.5,Active,High,63651,36.28013531452062,1.773208403952544,4.917440417275455,85.99779492833517,1.0,High
Gulod,5,2,2,2870.0,Active,Middle,63651,36.28013531452062,1.773208403952544,4.917440417275455,85.99779492833517,1.0,High
Gulod,3,2,2,4716.6666666667,Active,High,63651,36.28013531452062,1.773208403952544,4.917440417275455,85.99779492833517,1.0,High
Gulod,2,3,2,6925.0,Active,High,63651,36.28013531452062,1.773208403952544,4.917440417275455,85.99779492833517,0.6666666666666666,High
Gulod,4,1,1,5900.0,Active,High,63651,36.28013531452062,1.773208403952544,4.917440417275455,85.99779492833517,1.0,High
Gulod,3,2,2,4616.6666666667,Active,High,63651,36.28013531452062,1.773208403952544,4.917440417275455,85.99779492833517,1.0,High
Kaligayahan,8,3,3,5414.5833333333,Active,High,62132,109.99053670406921,2.762065429525983,3.2189531964205242,72.42524916943522,1.0,Low
Gulod,6,2,2,4166.6666666667,Active,High,63651,36.28013531452062,1.773208403952544,4.917440417275455,85.99779492833517,1.0,Middle
Gulod,6,4,1,1666.6666666667,Active,Low,63651,36.28013531452062,1.773208403952544,4.917440417275455,85.99779492833517,0.25,Low
Bagbag,6,3,3,6141.6666666667,Active,High,66268,70.79821644887755,2.497950597806753,4.783605963662703,85.5813953488372,1.0,Middle
Bagbag,5,3,2,2806.6666666667,Active,Middle,66268,70.79821644887755,2.497950597806753,4.783605963662703,85.5813953488372,0.6666666666666666,Middle
Bagbag,6,2,2,6688.8888888889,Active,High,66268,70.79821644887755,2.497950597806753,4.783605963662703,85.5813953488372,1.0,Low
Novaliches Proper,5,3,2,2590.0,Active,Middle,16096,33.267097201523434,4.059994828032066,30.318091451292243,80.2919708029197,0.6666666666666666,Low
San Bartolome,6,2,2,4683.3333333333,Active,High,51472,38.59658570736173,0.6334558536013138,1.3988187752564503,83.91608391608392,1.0,Middle
Novaliches Proper,7,4,2,2476.1904761905,Active,Middle,16096,33.267097201523434,4.059994828032066,30.318091451292243,80.2919708029197,0.5,Middle
San Bartolome,3,1,1,7638.8888888889,Active,High,51472,38.59658570736173,0.6334558536013138,1.3988187752564503,83.91608391608392,1.0,High
San Bartolome,7,3,2,1450.0,Active,Low,51472,38.59658570736173,0.6334558536013138,1.3988187752564503,83.91608391608392,0.6666666666666666,Middle
San Bartolome,5,1,0,2423.3333333333,Active,Middle,51472,38.59658570736173,0.6334558536013138,1.3988187752564503,83.91608391608392,0.0,Middle
San Bartolome,5,2,2,5956.6666666667,Active,High,51472,38.59658570736173,0.6334558536013138,1.3988187752564503,83.91608391608392,1.0,Middle
San Bartolome,6,3,3,1641.6666666667,Active,Low,51472,38.59658570736173,0.6334558536013138,1.3988187752564503,83.91608391608392,1.0,Low
San Bartolome,7,5,4,3216.6666666667,Active,High,51472,38.59658570736173,0.6334558536013138,1.3988187752564503,83.91608391608392,0.8,Middle
Gulod,3,1,1,2616.6666666667,Active,Middle,63651,36.28013531452062,1.773208403952544,4.917440417275455,85.99779492833517,1.0,High
San Bartolome,6,3,3,1347.2222222222,Active,Low,51472,38.59658570736173,0.6334558536013138,1.3988187752564503,83.91608391608392,1.0,Low
Kaligayahan,5,3,3,3536.6666666667,Active,High,62132,109.99053670406921,2.762065429525983,3.2189531964205242,72.42524916943522,1.0,Middle
Kaligayahan,7,2,1,6619.0476190476,Active,High,62132,109.99053670406921,2.762065429525983,3.2189531964205242,72.42524916943522,0.5,Middle
Kaligayahan,8,1,1,4102.0833333333,Active,High,62132,109.99053670406921,2.762065429525983,3.2189531964205242,72.42524916943522,1.0,High
Gulod,6,3,3,3686.1111111111,Active,High,63651,36.28013531452062,1.773208403952544,4.917440417275455,85.99779492833517,1.0,Middle
Gulod,3,1,1,10150.0,Active,High,63651,36.28013531452062,1.773208403952544,4.917440417275455,85.99779492833517,1.0,High
Kaligayahan,6,2,1,5725.0,Active,High,62132,109.99053670406921,2.762065429525983,3.2189531964205242,72.42524916943522,0.5,Middle
Gulod,5,3,2,5799.3333333333,Active,High,63651,36.28013531452062,1.773208403952544,4.917440417275455,85.99779492833517,0.6666666666666666,High
Gulod,2,3,2,6025.0,Active,High,63651,36.28013531452062,1.773208403952544,4.917440417275455,85.99779492833517,0.6666666666666666,High
Gulod,5,3,3,3096.0,Active,Middle,63651,36.28013531452062,1.773208403952544,4.917440417275455,85.99779492833517,1.0,Middle
Gulod,4,2,2,6207.5,Active,High,63651,36.28013531452062,1.773208403952544,4.917440417275455,85.99779492833517,1.0,High
Gulod,4,2,2,4042.5,Active,High,63651,36.28013531452062,1.773208403952544,4.917440417275455,85.99779492833517,1.0,High
Gulod,3,1,1,5843.3333333333,Active,High,63651,36.28013531452062,1.773208403952544,4.917440417275455,85.99779492833517,1.0,High
San Bartolome,7,3,2,3633.3333333333,Active,High,51472,38.59658570736173,0.6334558536013138,1.3988187752564503,83.91608391608392,0.6666666666666666,Middle
San Bartolome,6,2,2,4030.5555555556,Active,High,51472,38.59658570736173,0.6334558536013138,1.3988187752564503,83.91608391608392,1.0,Middle
Bagbag,5,2,2,7950.0,Active,High,66268,70.79821644887755,2.497950597806753,4.783605963662703,85.5813953488372,1.0,High
Bagbag,6,3,2,2427.7777777778,Active,Middle,66268,70.79821644887755,2.497950597806753,4.783605963662703,85.5813953488372,0.6666666666666666,Middle
Bagbag,5,2,1,3063.3333333333,Active,Middle,66268,70.79821644887755,2.497950597806753,4.783605963662703,85.5813953488372,0.5,Middle
Bagbag,5,1,1,3256.6666666667,Active,High,66268,70.79821644887755,2.497950597806753,4.783605963662703,85.5813953488372,1.0,High
Bagbag,7,3,1,2080.9523809524,Active,Low,66268,70.79821644887755,2.497950597806753,4.783605963662703,85.5813953488372,0.3333333333333333,Middle
Bagbag,7,2,2,3511.9047619048,Active,High,66268,70.79821644887755,2.497950597806753,4.783605963662703,85.5813953488372,1.0,Middle
Bagbag,4,1,1,11095.833333333,Active,High,66268,70.79821644887755,2.497950597806753,4.783605963662703,85.5813953488372,1.0,High
Bagbag,5,1,1,6750.0,Active,High,66268,70.79821644887755,2.497950597806753,4.783605963662703,85.5813953488372,1.0,High
Bagbag,3,1,0,7230.5555555556,Active,High,66268,70.79821644887755,2.497950597806753,4.783605963662703,85.5813953488372,0.0,High
Bagbag,3,2,1,5116.6666666667,Active,High,66268,70.79821644887755,2.497950597806753,4.783605963662703,85.5813953488372,0.5,High
Santa Monica,6,4,4,2627.7777777778,Active,Middle,52203,90.8422899758719,0.7118879499942123,4.061069287205716,81.56424581005587,1.0,Middle
Santa Monica,3,1,0,2872.2222222222,Active,Middle,52203,90.8422899758719,0.7118879499942123,4.061069287205716,81.56424581005587,0.0,Low
Santa Monica,7,2,2,2791.0476190476,Active,Middle,52203,90.8422899758719,0.7118879499942123,4.061069287205716,81.56424581005587,1.0,Low
Santa Monica,8,2,1,3279.1666666667,Active,High,52203,90.8422899758719,0.7118879499942123,4.061069287205716,81.56424581005587,0.5,Low
Santa Monica,4,3,3,1708.3333333333,Active,Low,52203,90.8422899758719,0.7118879499942123,4.061069287205716,81.56424581005587,1.0,Low
Santa Monica,5,1,1,7780.0,Active,High,52203,90.8422899758719,0.7118879499942123,4.061069287205716,81.56424581005587,1.0,Low
Santa Monica,8,5,4,4700.0,Active,High,52203,90.8422899758719,0.7118879499942123,4.061069287205716,81.56424581005587,0.8,Low
Santa Lucia,3,1,1,3630.5555555556,Active,High,28974,54.742576372569964,2.690058479532164,7.24787740733071,82.38636363636364,1.0,High
Gulod,3,2,1,9160.0,Active,High,63651,36.28013531452062,1.773208403952544,4.917440417275455,85.99779492833517,0.5,High
Gulod,5,2,2,3096.0,Active,Middle,63651,36.28013531452062,1.773208403952544,4.917440417275455,85.99779492833517,1.0,High
Gulod,4,1,1,7740.0,Active,High,63651,36.28013531452062,1.773208403952544,4.917440417275455,85.99779492833517,1.0,High
Gulod,2,3,3,7740.0,Active,High,63651,36.28013531452062,1.773208403952544,4.917440417275455,85.99779492833517,1.0,High
Gulod,3,1,0,4183.3333333333,Active,High,63651,36.28013531452062,1.773208403952544,4.917440417275455,85.99779492833517,0.0,Low
Gulod,4,3,1,2512.5,Active,Middle,63651,36.28013531452062,1.773208403952544,4.917440417275455,85.99779492833517,0.3333333333333333,Low
Gulod,5,3,2,4832.6666666667,Active,High,63651,36.28013531452062,1.773208403952544,4.917440417275455,85.99779492833517,0.6666666666666666,High
Gulod,4,2,2,4282.5,Active,High,63651,36.28013531452062,1.773208403952544,4.917440417275455,85.99779492833517,1.0,High
Gulod,4,2,2,2462.5,Active,Middle,63651,36.28013531452062,1.773208403952544,4.917440417275455,85.99779492833517,1.0,High
Gulod,4,2,2,2912.5,Active,Middle,63651,36.28013531452062,1.773208403952544,4.917440417275455,85.99779492833517,1.0,High
Gulod,5,2,1,1950.0,Active,Low,63651,36.28013531452062,1.773208403952544,4.917440417275455,85.99779492833517,0.5,Low
Gulod,4,2,0,3337.5,Active,High,63651,36.28013531452062,1.773208403952544,4.917440417275455,85.99779492833517,0.0,High
Gulod,3,4,3,2850.0,Active,Middle,63651,36.28013531452062,1.773208403952544,4.917440417275455,85.99779492833517,0.75,Low
Gulod,4,3,1,8437.5,Active,High,63651,36.28013531452062,1.773208403952544,4.917440417275455,85.99779492833517,0.3333333333333333,Low
Gulod,2,2,1,2641.6666666667,Active,Middle,63651,36.28013531452062,1.773208403952544,4.917440417275455,85.99779492833517,0.5,Middle
Bagbag,4,3,3,4232.5,Active,High,66268,70.79821644887755,2.497950597806753,4.783605963662703,85.5813953488372,1.0,High
Gulod,5,1,1,4536.0,Active,High,63651,36.28013531452062,1.773208403952544,4.917440417275455,85.99779492833517,1.0,High
Bagbag,4,2,2,3925.0,Active,High,66268,70.79821644887755,2.497950597806753,4.783605963662703,85.5813953488372,1.0,High
Gulod,4,2,2,1800.0,Active,Low,63651,36.28013531452062,1.773208403952544,4.917440417275455,85.99779492833517,1.0,High
Gulod,2,2,2,3600.0,Active,High,63651,36.28013531452062,1.773208403952544,4.917440417275455,85.99779492833517,1.0,High
Gulod,5,2,1,5760.0,Active,High,63651,36.28013531452062,1.773208403952544,4.917440417275455,85.99779492833517,0.5,Low
Bagbag,4,1,0,2337.5,Active,Middle,66268,70.79821644887755,2.497950597806753,4.783605963662703,85.5813953488372,0.0,Middle
Gulod,6,1,1,5160.0,Active,High,63651,36.28013531452062,1.773208403952544,4.917440417275455,85.99779492833517,1.0,High
Gulod,4,3,3,4725.0,Active,High,63651,36.28013531452062,1.773208403952544,4.917440417275455,85.99779492833517,1.0,High
Gulod,4,3,3,4137.5,Active,High,63651,36.28013531452062,1.773208403952544,4.917440417275455,85.99779492833517,1.0,High
Kaligayahan,5,2,2,8863.3333333333,Active,High,62132,109.99053670406921,2.762065429525983,3.2189531964205242,72.42524916943522,1.0,High
Kaligayahan,3,3,2,3300.0,Active,High,62132,109.99053670406921,2.762065429525983,3.2189531964205242,72.42524916943522,0.6666666666666666,High
Kaligayahan,8,1,1,7154.1666666667,Active,High,62132,109.99053670406921,2.762065429525983,3.2189531964205242,72.42524916943522,1.0,High
Novaliches Proper,3,1,1,1466.6666666667,Active,Low,16096,33.267097201523434,4.059994828032066,30.318091451292243,80.2919708029197,1.0,Low
Novaliches Proper,7,3,3,1619.0476190476,Active,Low,16096,33.267097201523434,4.059994828032066,30.318091451292243,80.2919708029197,1.0,Low
Novaliches Proper,4,2,2,2316.6666666667,Active,Middle,16096,33.267097201523434,4.059994828032066,30.318091451292243,80.2919708029197,1.0,Low
Novaliches Proper,5,1,1,3100.0,Active,Middle,16096,33.267097201523434,4.059994828032066,30.318091451292243,80.2919708029197,1.0,Middle
Novaliches Proper,4,1,1,3158.3333333333,Active,High,16096,33.267097201523434,4.059994828032066,30.318091451292243,80.2919708029197,1.0,Middle
Novaliches Proper,7,4,4,966.66666666667,Active,Low,16096,33.267097201523434,4.059994828032066,30.318091451292243,80.2919708029197,1.0,Low
Novaliches Proper,7,5,4,1609.5238095238,Active,Low,16096,33.267097201523434,4.059994828032066,30.318091451292243,80.2919708029197,0.8,Low
Novaliches Proper,6,4,3,1605.5555555556,Active,Low,16096,33.267097201523434,4.059994828032066,30.318091451292243,80.2919708029197,0.75,Low
Kaligayahan,4,2,2,2337.5,Active,Middle,62132,109.99053670406921,2.762065429525983,3.2189531964205242,72.42524916943522,1.0,High
Novaliches Proper,5,2,1,5380.0,Inactive,High,16096,33.267097201523434,4.059994828032066,30.318091451292243,80.2919708029197,0.5,High
Novaliches Proper,6,4,4,1261.1111111111,Active,Low,16096,33.267097201523434,4.059994828032066,30.318091451292243,80.2919708029197,1.0,Low
Kaligayahan,4,1,1,4691.6666666667,Active,High,62132,109.99053670406921,2.762065429525983,3.2189531964205242,72.42524916943522,1.0,High
Kaligayahan,5,2,2,10303.333333333,Active,High,62132,109.99053670406921,2.762065429525983,3.2189531964205242,72.42524916943522,1.0,High
Kaligayahan,8,2,1,3164.5833333333,Active,High,62132,109.99053670406921,2.762065429525983,3.2189531964205242,72.42524916943522,0.5,High
Kaligayahan,5,3,2,9236.6666666667,Active,High,62132,109.99053670406921,2.762065429525983,3.2189531964205242,72.42524916943522,0.6666666666666666,Low
Kaligayahan,6,3,3,4902.7777777778,Active,High,62132,109.99053670406921,2.762065429525983,3.2189531964205242,72.42524916943522,1.0,Middle
Kaligayahan,5,2,2,7836.6666666667,Active,High,62132,109.99053670406921,2.762065429525983,3.2189531964205242,72.42524916943522,1.0,High
Kaligayahan,5,4,4,6203.3333333333,Active,High,62132,109.99053670406921,2.762065429525983,3.2189531964205242,72.42524916943522,1.0,Middle
Kaligayahan,4,1,1,7920.8333333333,Active,High,62132,109.99053670406921,2.762065429525983,3.2189531964205242,72.42524916943522,1.0,High
Kaligayahan,7,3,3,2585.7142857143,Active,Middle,62132,109.99053670406921,2.762065429525983,3.2189531964205242,72.42524916943522,1.0,Middle
Kaligayahan,4,2,2,3212.5,Active,High,62132,109.99053670406921,2.762065429525983,3.2189531964205242,72.42524916943522,1.0,High
Gulod,5,3,3,2810.0,Active,Middle,63651,36.28013531452062,1.773208403952544,4.917440417275455,85.99779492833517,1.0,Middle
Gulod,3,1,1,5483.3333333333,Active,High,63651,36.28013531452062,1.773208403952544,4.917440417275455,85.99779492833517,1.0,High
Gulod,4,2,2,4137.5,Active,High,63651,36.28013531452062,1.773208403952544,4.917440417275455,85.99779492833517,1.0,High
Gulod,3,1,1,6283.3333333333,Active,High,63651,36.28013531452062,1.773208403952544,4.917440417275455,85.99779492833517,1.0,High
Gulod,5,2,2,3096.0,Active,Middle,63651,36.28013531452062,1.773208403952544,4.917440417275455,85.99779492833517,1.0,High
Gulod,2,1,1,8000.0,Active,High,63651,36.28013531452062,1.773208403952544,4.917440417275455,85.99779492833517,1.0,High
Gulod,4,3,2,4207.5,Active,High,63651,36.28013531452062,1.773208403952544,4.917440417275455,85.99779492833517,0.6666666666666666,High
Gulod,5,3,3,2530.0,Active,Middle,63651,36.28013531452062,1.773208403952544,4.917440417275455,85.99779492833517,1.0,Middle
Gulod,4,3,3,4482.5,Active,High,63651,36.28013531452062,1.773208403952544,4.917440417275455,85.99779492833517,1.0,High
Gulod,5,3,2,6066.0,Active,High,63651,36.28013531452062,1.773208403952544,4.917440417275455,85.99779492833517,0.6666666666666666,High
Novaliches Proper,4,3,3,833.33333333333,Active,Low,16096,33.267097201523434,4.059994828032066,30.318091451292243,80.2919708029197,1.0,Low
Novaliches Proper,5,1,1,886.66666666667,Active,Low,16096,33.267097201523434,4.059994828032066,30.318091451292243,80.2919708029197,1.0,Middle
Novaliches Proper,10,7,4,556.66666666667,Active,Low,16096,33.267097201523434,4.059994828032066,30.318091451292243,80.2919708029197,0.5714285714285714,Low
Bagbag,6,3,3,891.11111111111,Active,Low,66268,70.79821644887755,2.497950597806753,4.783605963662703,85.5813953488372,1.0,Middle
Novaliches Proper,4,3,3,1550.0,Active,Low,16096,33.267097201523434,4.059994828032066,30.318091451292243,80.2919708029197,1.0,Low
Bagbag,3,2,2,1766.6666666667,Active,Low,66268,70.79821644887755,2.497950597806753,4.783605963662703,85.5813953488372,1.0,High
Novaliches Proper,7,4,4,2552.380952381,Active,Middle,16096,33.267097201523434,4.059994828032066,30.318091451292243,80.2919708029197,1.0,Low
Bagbag,4,4,2,2387.5,Active,Middle,66268,70.79821644887755,2.497950597806753,4.783605963662703,85.5813953488372,0.5,High
Bagbag,2,4,3,3291.6666666667,Active,High,66268,70.79821644887755,2.497950597806753,4.783605963662703,85.5813953488372,0.75,High
Bagbag,4,1,1,4525.0,Active,High,66268,70.79821644887755,2.497950597806753,4.783605963662703,85.5813953488372,1.0,High
Bagbag,5,2,2,5073.3333333333,Active,High,66268,70.79821644887755,2.497950597806753,4.783605963662703,85.5813953488372,1.0,High
Bagbag,5,1,1,4640.0,Active,High,66268,70.79821644887755,2.497950597806753,4.783605963662703,85.5813953488372,1.0,High
Bagbag,5,2,2,2166.6666666667,Active,Low,66268,70.79821644887755,2.497950597806753,4.783605963662703,85.5813953488372,1.0,High
Bagbag,7,2,1,1366.6666666667,Active,Low,66268,70.79821644887755,2.497950597806753,4.783605963662703,85.5813953488372,0.5,Low
Gulod,4,2,1,7054.1666666667,Active,High,63651,36.28013531452062,1.773208403952544,4.917440417275455,85.99779492833517,0.5,High
Bagbag,6,3,1,2727.7777777778,Active,Middle,66268,70.79821644887755,2.497950597806753,4.783605963662703,85.5813953488372,0.3333333333333333,Middle
Gulod,5,2,2,2730.0,Active,Middle,63651,36.28013531452062,1.773208403952544,4.917440417275455,85.99779492833517,1.0,High
Bagbag,8,6,6,2254.1666666667,Active,Middle,66268,70.79821644887755,2.497950597806753,4.783605963662703,85.5813953488372,1.0,Middle
Gulod,6,2,2,7119.4444444444,Active,High,63651,36.28013531452062,1.773208403952544,4.917440417275455,85.99779492833517,1.0,Middle
Gulod,6,4,4,3075.0,Active,Middle,63651,36.28013531452062,1.773208403952544,4.917440417275455,85.99779492833517,1.0,Middle
Bagbag,6,4,4,2283.3333333333,Active,Middle,66268,70.79821644887755,2.497950597806753,4.783605963662703,85.5813953488372,1.0,Middle
Gulod,8,5,5,2860.4166666667,Active,Middle,63651,36.28013531452062,1.773208403952544,4.917440417275455,85.99779492833517,1.0,Middle
Gulod,9,3,2,5798.1481481481,Active,High,63651,36.28013531452062,1.773208403952544,4.917440417275455,85.99779492833517,0.6666666666666666,Middle
Gulod,5,3,3,2036.6666666667,Active,Low,63651,36.28013531452062,1.773208403952544,4.917440417275455,85.99779492833517,1.0,Middle
Gulod,7,3,3,2316.6666666667,Active,Middle,63651,36.28013531452062,1.773208403952544,4.917440417275455,85.99779492833517,1.0,Middle
Bagbag,7,3,0,2892.380952381,Active,Middle,66268,70.79821644887755,2.497950597806753,4.783605963662703,85.5813953488372,0.0,Middle
Bagbag,5,4,4,3888.0,Active,High,66268,70.79821644887755,2.497950597806753,4.783605963662703,85.5813953488372,1.0,Middle
Capri,9,3,2,3251.8518518519,Active,High,12940,10.466108929486087,0.2867550182128187,,84.23236514522821,0.6666666666666666,High
Kaligayahan,6,1,1,2333.3333333333,Active,Middle,62132,109.99053670406921,2.762065429525983,3.2189531964205242,72.42524916943522,1.0,Middle
Capri,4,3,3,4404.1666666667,Active,High,12940,10.466108929486087,0.2867550182128187,,84.23236514522821,1.0,High
Capri,5,2,2,4096.6666666667,Active,High,12940,10.466108929486087,0.2867550182128187,,84.23236514522821,1.0,Low
Novaliches Proper,6,4,3,2067.2222222222,Active,Low,16096,33.267097201523434,4.059994828032066,30.318091451292243,80.2919708029197,0.75,Low
Novaliches Proper,7,3,2,580.97619047619,Active,Low,16096,33.267097201523434,4.059994828032066,30.318091451292243,80.2919708029197,0.6666666666666666,Low
Gulod,5,3,3,3200.0,Active,High,63651,36.28013531452062,1.773208403952544,4.917440417275455,85.99779492833517,1.0,Middle
Capri,4,2,2,4045.8333333333,Active,High,12940,10.466108929486087,0.2867550182128187,,84.23236514522821,1.0,High
Santa Lucia,5,2,2,2915.0,Active,Middle,28974,54.742576372569964,2.690058479532164,7.24787740733071,82.38636363636364,1.0,High
Novaliches Proper,9,5,4,1668.5185185185,Active,Low,16096,33.267097201523434,4.059994828032066,30.318091451292243,80.2919708029197,0.8,Low
Santa Lucia,4,2,1,3868.75,Active,High,28974,54.742576372569964,2.690058479532164,7.24787740733071,82.38636363636364,0.5,High
Santa Monica,6,2,2,4145.5555555556,Active,High,52203,90.8422899758719,0.7118879499942123,4.061069287205716,81.56424581005587,1.0,Low
Gulod,5,3,3,3790.0,Active,High,63651,36.28013531452062,1.773208403952544,4.917440417275455,85.99779492833517,1.0,Middle
Kaligayahan,4,1,1,5295.8333333333,Active,High,62132,109.99053670406921,2.762065429525983,3.2189531964205242,72.42524916943522,1.0,High
San Bartolome,4,2,2,2766.6666666667,Active,Middle,51472,38.59658570736173,0.6334558536013138,1.3988187752564503,83.91608391608392,1.0,High
Gulod,5,3,2,3183.3333333333,Active,High,63651,36.28013531452062,1.773208403952544,4.917440417275455,85.99779492833517,0.6666666666666666,High
San Bartolome,2,1,1,4241.6666666667,Active,High,51472,38.59658570736173,0.6334558536013138,1.3988187752564503,83.91608391608392,1.0,High
San Agustin,5,4,3,2753.3333333333,Active,Middle,26034,24.863309352517984,2.6779727864326563,8.873012214796036,86.71875,0.75,Low
Santa Monica,7,3,3,3435.7142857143,Active,High,52203,90.8422899758719,0.7118879499942123,4.061069287205716,81.56424581005587,1.0,Low
Gulod,5,3,3,6123.3333333333,Active,High,63651,36.28013531452062,1.773208403952544,4.917440417275455,85.99779492833517,1.0,Middle
Santa Monica,4,1,1,7468.3333333333,Active,High,52203,90.8422899758719,0.7118879499942123,4.061069287205716,81.56424581005587,1.0,Low
San Agustin,7,3,3,5176.1904761905,Active,High,26034,24.863309352517984,2.6779727864326563,8.873012214796036,86.71875,1.0,Middle
San Bartolome,6,2,1,5080.5555555556,Active,High,51472,38.59658570736173,0.6334558536013138,1.3988187752564503,83.91608391608392,0.5,Low
Gulod,5,2,2,2653.3333333333,Active,Middle,63651,36.28013531452062,1.773208403952544,4.917440417275455,85.99779492833517,1.0,High
Gulod,5,3,3,4790.0,Active,High,63651,36.28013531452062,1.773208403952544,4.917440417275455,85.99779492833517,1.0,Middle
San Agustin,4,2,2,4250.0,Active,High,26034,24.863309352517984,2.6779727864326563,8.873012214796036,86.71875,1.0,High
San Agustin,4,2,1,2275.0,Active,Middle,26034,24.863309352517984,2.6779727864326563,8.873012214796036,86.71875,0.5,High
Santa Monica,3,1,1,4935.5555555556,Active,High,52203,90.8422899758719,0.7118879499942123,4.061069287205716,81.56424581005587,1.0,Low
San Agustin,5,3,3,3740.0,Active,High,26034,24.863309352517984,2.6779727864326563,8.873012214796036,86.71875,1.0,Middle
Gulod,6,4,4,4297.2222222222,Active,High,63651,36.28013531452062,1.773208403952544,4.917440417275455,85.99779492833517,1.0,Middle
Santa Monica,5,3,3,3650.0,Active,High,52203,90.8422899758719,0.7118879499942123,4.061069287205716,81.56424581005587,1.0,Low
San Bartolome,3,2,2,4172.2222222222,Active,High,51472,38.59658570736173,0.6334558536013138,1.3988187752564503,83.91608391608392,1.0,Middle
Gulod,5,2,2,6063.3333333333,Active,High,63651,36.28013531452062,1.773208403952544,4.917440417275455,85.99779492833517,1.0,High
Santa Monica,4,1,1,2329.1666666667,Active,Middle,52203,90.8422899758719,0.7118879499942123,4.061069287205716,81.56424581005587,1.0,Low
San Agustin,7,3,1,2909.5238095238,Active,Middle,26034,24.863309352517984,2.6779727864326563,8.873012214796036,86.71875,0.3333333333333333,Middle
Gulod,7,4,4,4264.2857142857,Active,High,63651,36.28013531452062,1.773208403952544,4.917440417275455,85.99779492833517,1.0,Low
San Bartolome,3,1,1,4516.6666666667,Active,High,51472,38.59658570736173,0.6334558536013138,1.3988187752564503,83.91608391608392,1.0,High
Santa Lucia,5,1,1,2170.0,Active,Low,28974,54.742576372569964,2.690058479532164,7.24787740733071,82.38636363636364,1.0,High
San Agustin,5,2,1,5246.6666666667,Active,High,26034,24.863309352517984,2.6779727864326563,8.873012214796036,86.71875,0.5,Low
Novaliches Proper,5,1,1,3006.6666666667,Active,Middle,16096,33.267097201523434,4.059994828032066,30.318091451292243,80.2919708029197,1.0,Middle
Gulod,4,2,2,6712.5,Active,High,63651,36.28013531452062,1.773208403952544,4.917440417275455,85.99779492833517,1.0,High
San Agustin,6,2,2,6038.8888888889,Active,High,26034,24.863309352517984,2.6779727864326563,8.873012214796036,86.71875,1.0,Middle
Novaliches Proper,9,6,5,1685.1851851852,Active,Low,16096,33.267097201523434,4.059994828032066,30.318091451292243,80.2919708029197,0.8333333333333334,Low
Novaliches Proper,5,3,3,1541.3333333333,Active,Low,16096,33.267097201523434,4.059994828032066,30.318091451292243,80.2919708029197,1.0,Middle
Novaliches Proper,10,10,3,830.0,Active,Low,16096,33.267097201523434,4.059994828032066,30.318091451292243,80.2919708029197,0.3,Low
Gulod,9,2,2,2401.8518518519,Active,Middle,63651,36.28013531452062,1.773208403952544,4.917440417275455,85.99779492833517,1.0,Middle
San Agustin,5,3,2,3326.6666666667,Active,High,26034,24.863309352517984,2.6779727864326563,8.873012214796036,86.71875,0.6666666666666666,High
Gulod,4,3,3,5645.8333333333,Active,High,63651,36.28013531452062,1.773208403952544,4.917440417275455,85.99779492833517,1.0,High
Gulod,5,3,3,3356.6666666667,Active,High,63651,36.28013531452062,1.773208403952544,4.917440417275455,85.99779492833517,1.0,Middle
San Bartolome,3,1,1,2422.2222222222,Active,Middle,51472,38.59658570736173,0.6334558536013138,1.3988187752564503,83.91608391608392,1.0,High
San Bartolome,5,4,4,2036.6666666667,Active,Low,51472,38.59658570736173,0.6334558536013138,1.3988187752564503,83.91608391608392,1.0,Low
Gulod,6,3,3,6769.4444444444,Active,High,63651,36.28013531452062,1.773208403952544,4.917440417275455,85.99779492833517,1.0,Middle
Kaligayahan,6,3,2,2425.0,Active,Middle,62132,109.99053670406921,2.762065429525983,3.2189531964205242,72.42524916943522,0.6666666666666666,Low
Gulod,9,6,5,3524.0740740741,Active,High,63651,36.28013531452062,1.773208403952544,4.917440417275455,85.99779492833517,0.8333333333333334,Middle
Gulod,6,3,2,3536.1111111111,Active,High,63651,36.28013531452062,1.773208403952544,4.917440417275455,85.99779492833517,0.6666666666666666,Middle
Gulod,5,2,2,6123.3333333333,Active,High,63651,36.28013531452062,1.773208403952544,4.917440417275455,85.99779492833517,1.0,High
Gulod,5,3,2,1276.6666666667,Active,Low,63651,36.28013531452062,1.773208403952544,4.917440417275455,85.99779492833517,0.6666666666666666,High
Gulod,5,2,2,3203.3333333333,Active,High,63651,36.28013531452062,1.773208403952544,4.917440417275455,85.99779492833517,1.0,High
Santa Monica,5,1,0,3756.6666666667,Inactive,High,52203,90.8422899758719,0.7118879499942123,4.061069287205716,81.56424581005587,0.0,High
Gulod,6,3,3,4230.5555555556,Active,High,63651,36.28013531452062,1.773208403952544,4.917440417275455,85.99779492833517,1.0,Middle
San Agustin,4,1,1,1550.0,Active,Low,26034,24.863309352517984,2.6779727864326563,8.873012214796036,86.71875,1.0,High
Santa Monica,6,1,1,1375.0,Active,Low,52203,90.8422899758719,0.7118879499942123,4.061069287205716,81.56424581005587,1.0,Low
Gulod,11,7,5,2795.4545454545,Active,Middle,63651,36.28013531452062,1.773208403952544,4.917440417275455,85.99779492833517,0.7142857142857143,Middle
Santa Monica,4,1,1,887.5,Active,Low,52203,90.8422899758719,0.7118879499942123,4.061069287205716,81.56424581005587,1.0,Low
Gulod,8,2,2,3202.0833333333,Active,High,63651,36.28013531452062,1.773208403952544,4.917440417275455,85.99779492833517,1.0,Low
Novaliches Proper,6,3,3,2250.0,Active,Middle,16096,33.267097201523434,4.059994828032066,30.318091451292243,80.2919708029197,1.0,Low
Novaliches Proper,4,1,1,2533.3333333333,Active,Middle,16096,33.267097201523434,4.059994828032066,30.318091451292243,80.2919708029197,1.0,Middle
Gulod,8,3,2,5647.9166666667,Active,High,63651,36.28013531452062,1.773208403952544,4.917440417275455,85.99779492833517,0.6666666666666666,Low
Bagbag,4,1,1,4295.8333333333,Active,High,66268,70.79821644887755,2.497950597806753,4.783605963662703,85.5813953488372,1.0,High
San Agustin,8,6,4,1875.0,Active,Low,26034,24.863309352517984,2.6779727864326563,8.873012214796036,86.71875,0.6666666666666666,Low
San Bartolome,8,5,3,1683.75,Active,Low,51472,38.59658570736173,0.6334558536013138,1.3988187752564503,83.91608391608392,0.6,Low
Novaliches Proper,6,4,3,1808.3333333333,Active,Low,16096,33.267097201523434,4.059994828032066,30.318091451292243,80.2919708029197,0.75,Low
Gulod,3,3,2,3138.8888888889,Active,Middle,63651,36.28013531452062,1.773208403952544,4.917440417275455,85.99779492833517,0.6666666666666666,High
Novaliches Proper,6,4,4,2522.2222222222,Active,Middle,16096,33.267097201523434,4.059994828032066,30.318091451292243,80.2919708029197,1.0,Low
Novaliches Proper,6,4,4,1463.8888888889,Active,Low,16096,33.267097201523434,4.059994828032066,30.318091451292243,80.2919708029197,1.0,Low
Gulod,6,2,1,1802.7777777778,Active,Low,63651,36.28013531452062,1.773208403952544,4.917440417275455,85.99779492833517,0.5,Low
Novaliches Proper,5,3,3,2686.6666666667,Active,Middle,16096,33.267097201523434,4.059994828032066,30.318091451292243,80.2919708029197,1.0,Middle
Gulod,6,3,2,2269.4444444444,Active,Middle,63651,36.28013531452062,1.773208403952544,4.917440417275455,85.99779492833517,0.6666666666666666,Middle
Gulod,7,4,4,4816.6666666667,Active,High,63651,36.28013531452062,1.773208403952544,4.917440417275455,85.99779492833517,1.0,Low
Santa Lucia,4,1,1,3362.5,Active,High,28974,54.742576372569964,2.690058479532164,7.24787740733071,82.38636363636364,1.0,High
Santa Lucia,6,2,2,1566.6666666667,Active,Low,28974,54.742576372569964,2.690058479532164,7.24787740733071,82.38636363636364,1.0,High
Gulod,5,3,3,3216.6666666667,Active,High,63651,36.28013531452062,1.773208403952544,4.917440417275455,85.99779492833517,1.0,Middle
Santa Lucia,4,1,1,5462.5,Active,High,28974,54.742576372569964,2.690058479532164,7.24787740733071,82.38636363636364,1.0,High
Santa Lucia,5,3,3,3230.0,Active,High,28974,54.742576372569964,2.690058479532164,7.24787740733071,82.38636363636364,1.0,High
Santa Lucia,11,3,3,4204.5454545455,Active,High,28974,54.742576372569964,2.690058479532164,7.24787740733071,82.38636363636364,1.0,High
Santa Lucia,3,1,1,5416.6666666667,Active,High,28974,54.742576372569964,2.690058479532164,7.24787740733071,82.38636363636364,1.0,High
Santa Lucia,5,3,3,3670.0,Active,High,28974,54.742576372569964,2.690058479532164,7.24787740733071,82.38636363636364,1.0,High
Santa Lucia,4,2,2,3306.25,Active,High,28974,54.742576372569964,2.690058479532164,7.24787740733071,82.38636363636364,1.0,Middle
Santa Lucia,6,4,3,3658.3333333333,Active,High,28974,54.742576372569964,2.690058479532164,7.24787740733071,82.38636363636364,0.75,High
Santa Lucia,7,2,2,2978.5714285714,Active,Middle,28974,54.742576372569964,2.690058479532164,7.24787740733071,82.38636363636364,1.0,High
Santa Lucia,4,3,3,4050.0,Active,High,28974,54.742576372569964,2.690058479532164,7.24787740733071,82.38636363636364,1.0,High
Santa Lucia,4,1,1,5982.5,Active,High,28974,54.742576372569964,2.690058479532164,7.24787740733071,82.38636363636364,1.0,High
Santa Lucia,10,1,1,1885.0,Active,Low,28974,54.742576372569964,2.690058479532164,7.24787740733071,82.38636363636364,1.0,Middle
San Agustin,5,2,2,2273.3333333333,Active,Middle,26034,24.863309352517984,2.6779727864326563,8.873012214796036,86.71875,1.0,High
San Bartolome,4,2,2,2904.1666666667,Active,Middle,51472,38.59658570736173,0.6334558536013138,1.3988187752564503,83.91608391608392,1.0,High
San Bartolome,6,4,3,4572.2222222222,Active,High,51472,38.59658570736173,0.6334558536013138,1.3988187752564503,83.91608391608392,0.75,Low
San Agustin,5,3,3,4246.6666666667,Active,High,26034,24.863309352517984,2.6779727864326563,8.873012214796036,86.71875,1.0,Middle
Santa Lucia,5,2,2,3666.0,Active,High,28974,54.742576372569964,2.690058479532164,7.24787740733071,82.38636363636364,1.0,High
Santa Monica,6,2,2,963.88888888889,Active,Low,52203,90.8422899758719,0.7118879499942123,4.061069287205716,81.56424581005587,1.0,Low
Gulod,4,2,2,3466.6666666667,Active,High,63651,36.28013531452062,1.773208403952544,4.917440417275455,85.99779492833517,1.0,High
Gulod,6,3,2,2730.5555555556,Active,Middle,63651,36.28013531452062,1.773208403952544,4.917440417275455,85.99779492833517,0.6666666666666666,Middle
Gulod,6,2,1,2102.7777777778,Active,Low,63651,36.28013531452062,1.773208403952544,4.917440417275455,85.99779492833517,0.5,Low
Gulod,5,2,2,7156.6666666667,Active,High,63651,36.28013531452062,1.773208403952544,4.917440417275455,85.99779492833517,1.0,High
Santa Lucia,5,2,2,1970.0,Active,Low,28974,54.742576372569964,2.690058479532164,7.24787740733071,82.38636363636364,1.0,High
Santa Lucia,3,2,2,3783.3333333333,Active,High,28974,54.742576372569964,2.690058479532164,7.24787740733071,82.38636363636364,1.0,High
Santa Lucia,5,3,3,3210.0,Active,High,28974,54.742576372569964,2.690058479532164,7.24787740733071,82.38636363636364,1.0,High
Santa Lucia,8,2,2,6840.0,Active,High,28974,54.742576372569964,2.690058479532164,7.24787740733071,82.38636363636364,1.0,Middle
Santa Lucia,4,2,2,2537.5,Active,Middle,28974,54.742576372569964,2.690058479532164,7.24787740733071,82.38636363636364,1.0,Middle
Santa Lucia,5,3,2,4420.0,Active,High,28974,54.742576372569964,2.690058479532164,7.24787740733071,82.38636363636364,0.6666666666666666,High
Santa Lucia,3,3,3,5283.3333333333,Active,High,28974,54.742576372569964,2.690058479532164,7.24787740733071,82.38636363636364,1.0,High
Santa Lucia,9,1,1,3538.8888888889,Active,High,28974,54.742576372569964,2.690058479532164,7.24787740733071,82.38636363636364,1.0,Middle
Santa Lucia,6,3,3,2311.1111111111,Active,Middle,28974,54.742576372569964,2.690058479532164,7.24787740733071,82.38636363636364,1.0,High
Santa Lucia,5,3,2,4535.0,Active,High,28974,54.742576372569964,2.690058479532164,7.24787740733071,82.38636363636364,0.6666666666666666,High
San Agustin,5,1,1,3246.6666666667,Active,High,26034,24.863309352517984,2.6779727864326563,8.873012214796036,86.71875,1.0,High
San Bartolome,6,3,2,2488.8888888889,Active,Middle,51472,38.59658570736173,0.6334558536013138,1.3988187752564503,83.91608391608392,0.6666666666666666,Middle
Capri,6,2,2,2033.3333333333,Active,Low,12940,10.466108929486087,0.2867550182128187,,84.23236514522821,1.0,Low
San Agustin,7,2,2,1714.2857142857,Active,Low,26034,24.863309352517984,2.6779727864326563,8.873012214796036,86.71875,1.0,Low
San Agustin,5,1,0,10980.0,Active,High,26034,24.863309352517984,2.6779727864326563,8.873012214796036,86.71875,0.0,High
San Bartolome,9,6,3,1187.037037037,Active,Low,51472,38.59658570736173,0.6334558536013138,1.3988187752564503,83.91608391608392,0.5,Low
San Agustin,3,1,1,1605.5555555556,Active,Low,26034,24.863309352517984,2.6779727864326563,8.873012214796036,86.71875,1.0,High
Capri,9,4,2,7712.962962963,Active,High,12940,10.466108929486087,0.2867550182128187,,84.23236514522821,0.5,High
San Agustin,6,4,3,2244.4444444444,Active,Middle,26034,24.863309352517984,2.6779727864326563,8.873012214796036,86.71875,0.75,Low
San Agustin,6,2,1,2183.3333333333,Active,Low,26034,24.863309352517984,2.6779727864326563,8.873012214796036,86.71875,0.5,Low
San Bartolome,8,2,2,3137.5,Active,Middle,51472,38.59658570736173,0.6334558536013138,1.3988187752564503,83.91608391608392,1.0,Low
Capri,3,1,1,4216.6666666667,Active,High,12940,10.466108929486087,0.2867550182128187,,84.23236514522821,1.0,High
San Agustin,6,3,3,786.11111111111,Active,Low,26034,24.863309352517984,2.6779727864326563,8.873012214796036,86.71875,1.0,Middle
San Agustin,6,3,3,2283.3333333333,Active,Middle,26034,24.863309352517984,2.6779727864326563,8.873012214796036,86.71875,1.0,Middle
Capri,4,2,2,5177.5,Active,High,12940,10.466108929486087,0.2867550182128187,,84.23236514522821,1.0,High
San Bartolome,8,3,3,6185.4166666667,Active,High,51472,38.59658570736173,0.6334558536013138,1.3988187752564503,83.91608391608392,1.0,Low
Gulod,6,3,3,5130.5555555556,Active,High,63651,36.28013531452062,1.773208403952544,4.917440417275455,85.99779492833517,1.0,Middle
Santa Monica,7,2,2,2314.2857142857,Active,Middle,52203,90.8422899758719,0.7118879499942123,4.061069287205716,81.56424581005587,1.0,Low
Gulod,2,1,1,9075.0,Active,High,63651,36.28013531452062,1.773208403952544,4.917440417275455,85.99779492833517,1.0,High
San Agustin,6,3,2,3236.1111111111,Active,High,26034,24.863309352517984,2.6779727864326563,8.873012214796036,86.71875,0.6666666666666666,High
Santa Lucia,3,5,1,3291.6666666667,Active,High,28974,54.742576372569964,2.690058479532164,7.24787740733071,82.38636363636364,0.2,High
Capri,6,2,2,1925.0,Active,Low,12940,10.466108929486087,0.2867550182128187,,84.23236514522821,1.0,Low
Santa Lucia,3,2,2,2883.3333333333,Active,Middle,28974,54.742576372569964,2.690058479532164,7.24787740733071,82.38636363636364,1.0,High
Gulod,2,2,1,7740.0,Delisted,High,63651,36.28013531452062,1.773208403952544,4.917440417275455,85.99779492833517,0.5,High
Pasong Putik Proper,9,6,4,2648.1481481481,Active,Middle,40919,96.68813689675062,2.5641668337677963,3.690217258486278,79.58477508650519,0.6666666666666666,Middle
Gulod,6,3,3,4191.6666666667,Active,High,63651,36.28013531452062,1.773208403952544,4.917440417275455,85.99779492833517,1.0,Middle
Gulod,5,2,1,4000.0,Active,High,63651,36.28013531452062,1.773208403952544,4.917440417275455,85.99779492833517,0.5,Low
San Bartolome,4,4,3,2675.0,Delisted,Middle,51472,38.59658570736173,0.6334558536013138,1.3988187752564503,83.91608391608392,0.75,Middle
San Agustin,4,2,2,2270.8333333333,Active,Middle,26034,24.863309352517984,2.6779727864326563,8.873012214796036,86.71875,1.0,High
Gulod,5,5,3,4416.6666666667,Active,High,63651,36.28013531452062,1.773208403952544,4.917440417275455,85.99779492833517,0.6,Low
Santa Lucia,4,3,2,5099.0,Active,High,28974,54.742576372569964,2.690058479532164,7.24787740733071,82.38636363636364,0.6666666666666666,High
San Agustin,3,2,1,3700.0,Active,High,26034,24.863309352517984,2.6779727864326563,8.873012214796036,86.71875,0.5,High
Gulod,7,1,1,5257.1428571429,Active,High,63651,36.28013531452062,1.773208403952544,4.917440417275455,85.99779492833517,1.0,High
Kaligayahan,8,3,3,3647.9166666667,Active,High,62132,109.99053670406921,2.762065429525983,3.2189531964205242,72.42524916943522,1.0,Low
Gulod,6,2,1,372.22222222222,Active,Low,63651,36.28013531452062,1.773208403952544,4.917440417275455,85.99779492833517,0.5,Low
San Agustin,4,3,2,4091.6666666667,Active,High,26034,24.863309352517984,2.6779727864326563,8.873012214796036,86.71875,0.6666666666666666,High
Gulod,5,2,2,4680.0,Active,High,63651,36.28013531452062,1.773208403952544,4.917440417275455,85.99779492833517,1.0,High
Capri,4,2,1,4584.5833333333,Active,High,12940,10.466108929486087,0.2867550182128187,,84.23236514522821,0.5,High
Gulod,5,3,3,2390.0,Active,Middle,63651,36.28013531452062,1.773208403952544,4.917440417275455,85.99779492833517,1.0,Middle
Gulod,6,3,3,2558.5555555556,Active,Middle,63651,36.28013531452062,1.773208403952544,4.917440417275455,85.99779492833517,1.0,Middle
Gulod,4,1,1,5962.5,Active,High,63651,36.28013531452062,1.773208403952544,4.917440417275455,85.99779492833517,1.0,High
Gulod,6,3,3,6702.7777777778,Active,High,63651,36.28013531452062,1.773208403952544,4.917440417275455,85.99779492833517,1.0,Middle
Santa Monica,5,2,2,3496.6666666667,Active,High,52203,90.8422899758719,0.7118879499942123,4.061069287205716,81.56424581005587,1.0,Low
Gulod,4,3,1,7800.0,Active,High,63651,36.28013531452062,1.773208403952544,4.917440417275455,85.99779492833517,0.3333333333333333,Low
Gulod,6,3,1,3058.3333333333,Active,Middle,63651,36.28013531452062,1.773208403952544,4.917440417275455,85.99779492833517,0.3333333333333333,Middle
Gulod,4,2,2,5087.5,Active,High,63651,36.28013531452062,1.773208403952544,4.917440417275455,85.99779492833517,1.0,High
Santa Monica,5,1,1,7013.3333333333,Active,High,52203,90.8422899758719,0.7118879499942123,4.061069287205716,81.56424581005587,1.0,Low
Gulod,3,3,2,6000.0,Active,High,63651,36.28013531452062,1.773208403952544,4.917440417275455,85.99779492833517,0.6666666666666666,High
Gulod,5,1,1,5906.0,Active,High,63651,36.28013531452062,1.773208403952544,4.917440417275455,85.99779492833517,1.0,High
Gulod,4,3,3,3870.0,Active,High,63651,36.28013531452062,1.773208403952544,4.917440417275455,85.99779492833517,1.0,High
Santa Monica,5,2,2,2613.3333333333,Active,Middle,52203,90.8422899758719,0.7118879499942123,4.061069287205716,81.56424581005587,1.0,Low
Gulod,7,5,4,2297.619047619,Active,Middle,63651,36.28013531452062,1.773208403952544,4.917440417275455,85.99779492833517,0.8,Middle
Pasong Putik Proper,6,3,3,4291.6666666667,Active,High,40919,96.68813689675062,2.5641668337677963,3.690217258486278,79.58477508650519,1.0,Middle
San Agustin,6,4,3,2227.7777777778,Active,Middle,26034,24.863309352517984,2.6779727864326563,8.873012214796036,86.71875,0.75,Low
Pasong Putik Proper,7,5,1,3292.8571428571,Active,High,40919,96.68813689675062,2.5641668337677963,3.690217258486278,79.58477508650519,0.2,Low
Gulod,8,6,3,2081.25,Active,Low,63651,36.28013531452062,1.773208403952544,4.917440417275455,85.99779492833517,0.5,Low
Gulod,6,4,3,2844.4444444444,Active,Middle,63651,36.28013531452062,1.773208403952544,4.917440417275455,85.99779492833517,0.75,Middle
San Agustin,4,3,2,3308.3333333333,Active,High,26034,24.863309352517984,2.6779727864326563,8.873012214796036,86.71875,0.6666666666666666,High
Santa Monica,6,3,3,3088.8888888889,Active,Middle,52203,90.8422899758719,0.7118879499942123,4.061069287205716,81.56424581005587,1.0,Low
Capri,8,4,2,4943.75,Active,High,12940,10.466108929486087,0.2867550182128187,,84.23236514522821,0.5,Middle
Pasong Putik Proper,7,3,2,1130.9523809524,Active,Low,40919,96.68813689675062,2.5641668337677963,3.690217258486278,79.58477508650519,0.6666666666666666,Low
San Agustin,6,4,4,5438.8888888889,Active,High,26034,24.863309352517984,2.6779727864326563,8.873012214796036,86.71875,1.0,Middle
Gulod,10,6,3,2165.0,Active,Low,63651,36.28013531452062,1.773208403952544,4.917440417275455,85.99779492833517,0.5,Low
Capri,5,2,1,3994.0,Active,High,12940,10.466108929486087,0.2867550182128187,,84.23236514522821,0.5,Low
Gulod,4,1,1,3962.5,Active,High,63651,36.28013531452062,1.773208403952544,4.917440417275455,85.99779492833517,1.0,High
Nagkaisang Nayon,4,3,1,4029.1666666667,Active,High,54477,41.13943727654283,1.2941373347464717,1.156451346439782,74.24242424242425,0.3333333333333333,High
San Agustin,3,1,0,6766.6666666667,Active,High,26034,24.863309352517984,2.6779727864326563,8.873012214796036,86.71875,0.0,High
Capri,4,2,2,2762.5,Active,Middle,12940,10.466108929486087,0.2867550182128187,,84.23236514522821,1.0,High
Gulod,3,1,1,922.22222222222,Active,Low,63651,36.28013531452062,1.773208403952544,4.917440417275455,85.99779492833517,1.0,High
Gulod,3,1,0,2277.7777777778,Active,Middle,63651,36.28013531452062,1.773208403952544,4.917440417275455,85.99779492833517,0.0,Low
Gulod,6,2,2,5766.6666666667,Active,High,63651,36.28013531452062,1.773208403952544,4.917440417275455,85.99779492833517,1.0,Middle
Gulod,5,3,2,3073.3333333333,Active,Middle,63651,36.28013531452062,1.773208403952544,4.917440417275455,85.99779492833517,0.6666666666666666,High
Bagbag,6,3,1,5925.0,Active,High,66268,70.79821644887755,2.497950597806753,4.783605963662703,85.5813953488372,0.3333333333333333,Middle
Santa Lucia,4,1,1,2562.5,Active,Middle,28974,54.742576372569964,2.690058479532164,7.24787740733071,82.38636363636364,1.0,High
Santa Lucia,6,3,3,3449.4444444444,Active,High,28974,54.742576372569964,2.690058479532164,7.24787740733071,82.38636363636364,1.0,High
Bagbag,6,3,3,1883.3333333333,Active,Low,66268,70.79821644887755,2.497950597806753,4.783605963662703,85.5813953488372,1.0,Middle
Santa Lucia,6,2,1,4009.7222222222,Inactive,High,28974,54.742576372569964,2.690058479532164,7.24787740733071,82.38636363636364,0.5,High
Santa Lucia,5,3,3,4770.0,Active,High,28974,54.742576372569964,2.690058479532164,7.24787740733071,82.38636363636364,1.0,High
Pasong Putik Proper,6,4,4,4430.5555555556,Active,High,40919,96.68813689675062,2.5641668337677963,3.690217258486278,79.58477508650519,1.0,Low
San Agustin,6,2,2,2713.8888888889,Active,Middle,26034,24.863309352517984,2.6779727864326563,8.873012214796036,86.71875,1.0,Middle
Fairview,3,1,1,4450.0,Active,High,63913,110.71145984438877,3.3973436008606606,5.851704661023579,82.78145695364239,1.0,High
Kaligayahan,6,3,3,2455.5555555556,Active,Middle,62132,109.99053670406921,2.762065429525983,3.2189531964205242,72.42524916943522,1.0,Middle
Kaligayahan,11,3,3,5510.6060606061,Active,High,62132,109.99053670406921,2.762065429525983,3.2189531964205242,72.42524916943522,1.0,High
San Agustin,6,2,2,1783.3333333333,Active,Low,26034,24.863309352517984,2.6779727864326563,8.873012214796036,86.71875,1.0,Middle
Novaliches Proper,3,3,2,1877.7777777778,Active,Low,16096,33.267097201523434,4.059994828032066,30.318091451292243,80.2919708029197,0.6666666666666666,Low
San Agustin,7,3,2,6007.619047619,Active,High,26034,24.863309352517984,2.6779727864326563,8.873012214796036,86.71875,0.6666666666666666,Middle
Pasong Putik Proper,4,3,2,3250.0,Active,High,40919,96.68813689675062,2.5641668337677963,3.690217258486278,79.58477508650519,0.6666666666666666,High
Gulod,4,2,2,562.5,Active,Low,63651,36.28013531452062,1.773208403952544,4.917440417275455,85.99779492833517,1.0,High
Gulod,6,2,2,2375.5555555556,Active,Middle,63651,36.28013531452062,1.773208403952544,4.917440417275455,85.99779492833517,1.0,Middle
Gulod,5,2,2,4143.3333333333,Active,High,63651,36.28013531452062,1.773208403952544,4.917440417275455,85.99779492833517,1.0,High
Gulod,7,2,2,2192.8571428571,Active,Low,63651,36.28013531452062,1.773208403952544,4.917440417275455,85.99779492833517,1.0,Middle
Gulod,4,2,0,2491.6666666667,Active,Middle,63651,36.28013531452062,1.773208403952544,4.917440417275455,85.99779492833517,0.0,High
Gulod,4,2,2,3808.3333333333,Active,High,63651,36.28013531452062,1.773208403952544,4.917440417275455,85.99779492833517,1.0,High
Gulod,3,4,2,6755.5555555556,Active,High,63651,36.28013531452062,1.773208403952544,4.917440417275455,85.99779492833517,0.5,Middle
Gulod,3,2,2,1316.6666666667,Active,Low,63651,36.28013531452062,1.773208403952544,4.917440417275455,85.99779492833517,1.0,High
Gulod,5,3,2,2820.0,Active,Middle,63651,36.28013531452062,1.773208403952544,4.917440417275455,85.99779492833517,0.6666666666666666,High
Gulod,3,2,2,3233.3333333333,Active,High,63651,36.28013531452062,1.773208403952544,4.917440417275455,85.99779492833517,1.0,High
Gulod,8,5,2,5101.25,Active,High,63651,36.28013531452062,1.773208403952544,4.917440417275455,85.99779492833517,0.4,Low
Gulod,5,4,2,4083.3333333333,Active,High,63651,36.28013531452062,1.773208403952544,4.917440417275455,85.99779492833517,0.5,Low
Gulod,7,3,3,3152.380952381,Active,High,63651,36.28013531452062,1.773208403952544,4.917440417275455,85.99779492833517,1.0,Middle
Gulod,6,3,2,1620.8333333333,Active,Low,63651,36.28013531452062,1.773208403952544,4.917440417275455,85.99779492833517,0.6666666666666666,Middle
Gulod,5,2,2,4396.6666666667,Active,High,63651,36.28013531452062,1.773208403952544,4.917440417275455,85.99779492833517,1.0,High
Gulod,3,2,1,1966.6666666667,Active,Low,63651,36.28013531452062,1.773208403952544,4.917440417275455,85.99779492833517,0.5,High
Gulod,5,1,1,6850.0,Active,High,63651,36.28013531452062,1.773208403952544,4.917440417275455,85.99779492833517,1.0,High
Gulod,3,2,2,2100.0,Active,Low,63651,36.28013531452062,1.773208403952544,4.917440417275455,85.99779492833517,1.0,High
Capri,5,3,3,3759.1666666667,Active,High,12940,10.466108929486087,0.2867550182128187,,84.23236514522821,1.0,High
Gulod,5,1,1,3176.6666666667,Active,High,63651,36.28013531452062,1.773208403952544,4.917440417275455,85.99779492833517,1.0,High
Gulod,5,1,1,4110.0,Active,High,63651,36.28013531452062,1.773208403952544,4.917440417275455,85.99779492833517,1.0,High
Gulod,4,3,2,7712.5,Active,High,63651,36.28013531452062,1.773208403952544,4.917440417275455,85.99779492833517,0.6666666666666666,High
Capri,7,3,3,1835.7142857143,Active,Low,12940,10.466108929486087,0.2867550182128187,,84.23236514522821,1.0,Low
Capri,5,4,2,6170.0,Active,High,12940,10.466108929486087,0.2867550182128187,,84.23236514522821,0.5,Middle
Capri,5,1,1,3210.0,Active,High,12940,10.466108929486087,0.2867550182128187,,84.23236514522821,1.0,Middle
Capri,5,2,2,1803.3333333333,Active,Low,12940,10.466108929486087,0.2867550182128187,,84.23236514522821,1.0,Low
Capri,2,1,1,4816.6666666667,Active,High,12940,10.466108929486087,0.2867550182128187,,84.23236514522821,1.0,High
Capri,4,2,2,1887.5,Active,Low,12940,10.466108929486087,0.2867550182128187,,84.23236514522821,1.0,High
Capri,4,2,2,5380.4166666667,Active,High,12940,10.466108929486087,0.2867550182128187,,84.23236514522821,1.0,High
Novaliches Proper,7,2,1,1466.6666666667,Active,Low,16096,33.267097201523434,4.059994828032066,30.318091451292243,80.2919708029197,0.5,Low
San Bartolome,5,3,3,4190.0,Active,High,51472,38.59658570736173,0.6334558536013138,1.3988187752564503,83.91608391608392,1.0,Low
Gulod,4,3,3,3420.8333333333,Active,High,63651,36.28013531452062,1.773208403952544,4.917440417275455,85.99779492833517,1.0,High
Nagkaisang Nayon,6,5,2,1819.4444444444,Active,Low,54477,41.13943727654283,1.2941373347464717,1.156451346439782,74.24242424242425,0.4,Low
Gulod,3,1,1,2627.7777777778,Active,Middle,63651,36.28013531452062,1.773208403952544,4.917440417275455,85.99779492833517,1.0,High
Gulod,4,1,1,3933.3333333333,Active,High,63651,36.28013531452062,1.773208403952544,4.917440417275455,85.99779492833517,1.0,High
Gulod,3,4,3,1666.6666666667,Active,Low,63651,36.28013531452062,1.773208403952544,4.917440417275455,85.99779492833517,0.75,Low
Gulod,3,2,0,5900.0,Active,High,63651,36.28013531452062,1.773208403952544,4.917440417275455,85.99779492833517,0.0,Middle
Santa Lucia,4,1,1,2962.5,Active,Middle,28974,54.742576372569964,2.690058479532164,7.24787740733071,82.38636363636364,1.0,High
Santa Lucia,3,2,2,2650.0,Active,Middle,28974,54.742576372569964,2.690058479532164,7.24787740733071,82.38636363636364,1.0,High
Santa Lucia,4,2,2,2862.5,Active,Middle,28974,54.742576372569964,2.690058479532164,7.24787740733071,82.38636363636364,1.0,Middle
Gulod,9,4,1,2519.4444444444,Active,Middle,63651,36.28013531452062,1.773208403952544,4.917440417275455,85.99779492833517,0.25,Middle
Santa Lucia,4,2,1,2681.25,Active,Middle,28974,54.742576372569964,2.690058479532164,7.24787740733071,82.38636363636364,0.5,High
Santa Lucia,5,2,2,2190.0,Active,Low,28974,54.742576372569964,2.690058479532164,7.24787740733071,82.38636363636364,1.0,High
North Fairview,4,2,2,5825.0,Active,High,47019,187.98309548600477,5.879571248423708,4.211063612582148,76.92307692307693,1.0,Middle
Gulod,9,3,0,2016.2962962963,Inactive,Low,63651,36.28013531452062,1.773208403952544,4.917440417275455,85.99779492833517,0.0,Low
Gulod,7,1,1,2402.380952381,Active,Middle,63651,36.28013531452062,1.773208403952544,4.917440417275455,85.99779492833517,1.0,High
Gulod,6,3,3,1050.8333333333,Active,Low,63651,36.28013531452062,1.773208403952544,4.917440417275455,85.99779492833517,1.0,Middle
Gulod,4,2,2,8016.6666666667,Active,High,63651,36.28013531452062,1.773208403952544,4.917440417275455,85.99779492833517,1.0,High
Gulod,4,2,1,4579.1666666667,Active,High,63651,36.28013531452062,1.773208403952544,4.917440417275455,85.99779492833517,0.5,High
Gulod,8,3,1,3089.1666666667,Active,Middle,63651,36.28013531452062,1.773208403952544,4.917440417275455,85.99779492833517,0.3333333333333333,Middle
Gulod,4,1,1,1500.0,Active,Low,63651,36.28013531452062,1.773208403952544,4.917440417275455,85.99779492833517,1.0,High
Kaligayahan,4,2,2,6612.5,Inactive,High,62132,109.99053670406921,2.762065429525983,3.2189531964205242,72.42524916943522,1.0,Middle
Gulod,3,1,1,4500.0,Active,High,63651,36.28013531452062,1.773208403952544,4.917440417275455,85.99779492833517,1.0,High
Kaligayahan,5,3,1,2490.0,Active,Middle,62132,109.99053670406921,2.762065429525983,3.2189531964205242,72.42524916943522,0.3333333333333333,Middle
Gulod,6,3,3,3955.5555555556,Active,High,63651,36.28013531452062,1.773208403952544,4.917440417275455,85.99779492833517,1.0,Middle
Gulod,5,1,1,5426.6666666667,Active,High,63651,36.28013531452062,1.773208403952544,4.917440417275455,85.99779492833517,1.0,High
Santa Lucia,8,3,2,3547.9166666667,Active,High,28974,54.742576372569964,2.690058479532164,7.24787740733071,82.38636363636364,0.6666666666666666,Middle
Capri,2,1,1,4841.6666666667,Active,High,12940,10.466108929486087,0.2867550182128187,,84.23236514522821,1.0,High
Capri,2,2,2,3525.0,Active,High,12940,10.466108929486087,0.2867550182128187,,84.23236514522821,1.0,High
Nagkaisang Nayon,4,2,2,3712.5,Active,High,54477,41.13943727654283,1.2941373347464717,1.156451346439782,74.24242424242425,1.0,Middle
Capri,5,3,1,2170.0,Active,Low,12940,10.466108929486087,0.2867550182128187,,84.23236514522821,0.3333333333333333,Low
Capri,4,1,1,3454.1666666667,Active,High,12940,10.466108929486087,0.2867550182128187,,84.23236514522821,1.0,Middle
Capri,4,3,2,2862.5,Active,Middle,12940,10.466108929486087,0.2867550182128187,,84.23236514522821,0.6666666666666666,Middle
Capri,6,3,2,3022.2222222222,Active,Middle,12940,10.466108929486087,0.2867550182128187,,84.23236514522821,0.6666666666666666,Middle
Capri,5,2,2,2083.3333333333,Active,Low,12940,10.466108929486087,0.2867550182128187,,84.23236514522821,1.0,Low
Capri,5,2,2,2223.3333333333,Active,Middle,12940,10.466108929486087,0.2867550182128187,,84.23236514522821,1.0,Low
Capri,5,2,1,1853.3333333333,Active,Low,12940,10.466108929486087,0.2867550182128187,,84.23236514522821,0.5,Low
Capri,5,2,2,3893.3333333333,Active,High,12940,10.466108929486087,0.2867550182128187,,84.23236514522821,1.0,Low
Kaligayahan,7,3,2,4469.0476190476,Active,High,62132,109.99053670406921,2.762065429525983,3.2189531964205242,72.42524916943522,0.6666666666666666,Low
San Agustin,6,4,3,2316.6666666667,Active,Middle,26034,24.863309352517984,2.6779727864326563,8.873012214796036,86.71875,0.75,Low
San Agustin,4,2,2,2766.6666666667,Active,Middle,26034,24.863309352517984,2.6779727864326563,8.873012214796036,86.71875,1.0,High
Santa Lucia,6,3,3,5412.5,Active,High,28974,54.742576372569964,2.690058479532164,7.24787740733071,82.38636363636364,1.0,High
San Agustin,4,2,2,4475.0,Active,High,26034,24.863309352517984,2.6779727864326563,8.873012214796036,86.71875,1.0,High
San Agustin,4,2,2,2775.0,Active,Middle,26034,24.863309352517984,2.6779727864326563,8.873012214796036,86.71875,1.0,High
Bagbag,3,2,2,5338.8888888889,Active,High,66268,70.79821644887755,2.497950597806753,4.783605963662703,85.5813953488372,1.0,High
Novaliches Proper,4,3,3,4137.5,Active,High,16096,33.267097201523434,4.059994828032066,30.318091451292243,80.2919708029197,1.0,Low
San Agustin,5,3,2,3313.3333333333,Active,High,26034,24.863309352517984,2.6779727864326563,8.873012214796036,86.71875,0.6666666666666666,High
San Agustin,3,1,1,4111.1111111111,Active,High,26034,24.863309352517984,2.6779727864326563,8.873012214796036,86.71875,1.0,High
San Agustin,7,3,3,3414.2857142857,Active,High,26034,24.863309352517984,2.6779727864326563,8.873012214796036,86.71875,1.0,Middle
Santa Monica,3,2,2,4450.0,Active,High,52203,90.8422899758719,0.7118879499942123,4.061069287205716,81.56424581005587,1.0,Low
Bagbag,6,2,2,500.0,Active,Low,66268,70.79821644887755,2.497950597806753,4.783605963662703,85.5813953488372,1.0,Low
Santa Monica,5,2,2,823.33333333333,Active,Low,52203,90.8422899758719,0.7118879499942123,4.061069287205716,81.56424581005587,1.0,Low
San Agustin,10,4,2,3143.3333333333,Active,High,26034,24.863309352517984,2.6779727864326563,8.873012214796036,86.71875,0.5,High
Bagbag,3,2,0,6666.6666666667,Active,High,66268,70.79821644887755,2.497950597806753,4.783605963662703,85.5813953488372,0.0,High
Bagbag,2,1,1,3000.0,Active,Middle,66268,70.79821644887755,2.497950597806753,4.783605963662703,85.5813953488372,1.0,High
Pasong Putik Proper,6,1,1,4163.8888888889,Active,High,40919,96.68813689675062,2.5641668337677963,3.690217258486278,79.58477508650519,1.0,High
San Agustin,7,3,2,4909.5238095238,Active,High,26034,24.863309352517984,2.6779727864326563,8.873012214796036,86.71875,0.6666666666666666,Middle
Bagbag,3,3,3,3005.5555555556,Active,Middle,66268,70.79821644887755,2.497950597806753,4.783605963662703,85.5813953488372,1.0,Middle
Pasong Putik Proper,5,3,3,4753.3333333333,Active,High,40919,96.68813689675062,2.5641668337677963,3.690217258486278,79.58477508650519,1.0,High
Bagbag,6,4,4,7399.4444444444,Active,High,66268,70.79821644887755,2.497950597806753,4.783605963662703,85.5813953488372,1.0,Middle
San Agustin,5,1,1,3620.0,Active,High,26034,24.863309352517984,2.6779727864326563,8.873012214796036,86.71875,1.0,High
Bagbag,6,2,2,3519.4444444444,Active,High,66268,70.79821644887755,2.497950597806753,4.783605963662703,85.5813953488372,1.0,Low
Gulod,3,3,0,7866.6666666667,Inactive,High,63651,36.28013531452062,1.773208403952544,4.917440417275455,85.99779492833517,0.0,High
Nagkaisang Nayon,6,3,2,2275.0,Active,Middle,54477,41.13943727654283,1.2941373347464717,1.156451346439782,74.24242424242425,0.6666666666666666,Middle
Bagbag,7,5,3,4595.2380952381,Active,High,66268,70.79821644887755,2.497950597806753,4.783605963662703,85.5813953488372,0.6,Low
Gulod,6,3,3,2741.6666666667,Active,Middle,63651,36.28013531452062,1.773208403952544,4.917440417275455,85.99779492833517,1.0,Middle
Pasong Putik Proper,4,1,1,7350.0,Active,High,40919,96.68813689675062,2.5641668337677963,3.690217258486278,79.58477508650519,1.0,High
Gulod,7,5,3,2716.6666666667,Active,Middle,63651,36.28013531452062,1.773208403952544,4.917440417275455,85.99779492833517,0.6,Middle
Gulod,6,2,2,2475.0,Active,Middle,63651,36.28013531452062,1.773208403952544,4.917440417275455,85.99779492833517,1.0,Middle
Bagbag,6,2,2,6154.1666666667,Inactive,High,66268,70.79821644887755,2.497950597806753,4.783605963662703,85.5813953488372,1.0,High
Pasong Putik Proper,5,1,1,4806.6666666667,Active,High,40919,96.68813689675062,2.5641668337677963,3.690217258486278,79.58477508650519,1.0,High
Gulod,5,2,0,4400.0,Active,High,63651,36.28013531452062,1.773208403952544,4.917440417275455,85.99779492833517,0.0,Middle
Gulod,7,2,2,3050.0,Active,Middle,63651,36.28013531452062,1.773208403952544,4.917440417275455,85.99779492833517,1.0,Middle
Pasong Putik Proper,3,1,1,3027.7777777778,Active,Middle,40919,96.68813689675062,2.5641668337677963,3.690217258486278,79.58477508650519,1.0,Middle
Gulod,4,2,1,5037.5,Active,High,63651,36.28013531452062,1.773208403952544,4.917440417275455,85.99779492833517,0.5,High
Gulod,5,5,2,4810.0,Active,High,63651,36.28013531452062,1.773208403952544,4.917440417275455,85.99779492833517,0.4,High
Pasong Putik Proper,5,4,1,4023.3333333333,Active,High,40919,96.68813689675062,2.5641668337677963,3.690217258486278,79.58477508650519,0.25,High
Pasong Putik Proper,12,4,2,2521.5277777778,Active,Middle,40919,96.68813689675062,2.5641668337677963,3.690217258486278,79.58477508650519,0.5,Middle
Gulod,9,3,2,1362.962962963,Active,Low,63651,36.28013531452062,1.773208403952544,4.917440417275455,85.99779492833517,0.6666666666666666,Middle
Gulod,7,6,3,2671.4285714286,Active,Middle,63651,36.28013531452062,1.773208403952544,4.917440417275455,85.99779492833517,0.5,Middle
Pasong Putik Proper,4,3,3,2408.3333333333,Active,Middle,40919,96.68813689675062,2.5641668337677963,3.690217258486278,79.58477508650519,1.0,High
Gulod,6,3,3,2469.4444444444,Active,Middle,63651,36.28013531452062,1.773208403952544,4.917440417275455,85.99779492833517,1.0,Middle
Bagbag,4,2,2,2100.0,Active,Low,66268,70.79821644887755,2.497950597806753,4.783605963662703,85.5813953488372,1.0,High
Gulod,6,2,1,1875.0,Active,Low,63651,36.28013531452062,1.773208403952544,4.917440417275455,85.99779492833517,0.5,Low
Pasong Putik Proper,5,2,2,1955.0,Active,Low,40919,96.68813689675062,2.5641668337677963,3.690217258486278,79.58477508650519,1.0,High
Pasong Putik Proper,7,5,2,5744.7619047619,Active,High,40919,96.68813689675062,2.5641668337677963,3.690217258486278,79.58477508650519,0.4,Middle
Santa Monica,6,2,2,8101.3888888889,Active,High,52203,90.8422899758719,0.7118879499942123,4.061069287205716,81.56424581005587,1.0,Low
Santa Monica,5,3,1,2911.3333333333,Active,Middle,52203,90.8422899758719,0.7118879499942123,4.061069287205716,81.56424581005587,0.3333333333333333,Low
Santa Monica,5,2,2,9990.0,Active,High,52203,90.8422899758719,0.7118879499942123,4.061069287205716,81.56424581005587,1.0,Low
Gulod,3,3,2,4216.6666666667,Active,High,63651,36.28013531452062,1.773208403952544,4.917440417275455,85.99779492833517,0.6666666666666666,High
Santa Monica,5,3,1,5248.0,Active,High,52203,90.8422899758719,0.7118879499942123,4.061069287205716,81.56424581005587,0.3333333333333333,Low
San Agustin,4,2,1,5841.6666666667,Active,High,26034,24.863309352517984,2.6779727864326563,8.873012214796036,86.71875,0.5,High
Santa Monica,6,3,3,4816.6666666667,Active,High,52203,90.8422899758719,0.7118879499942123,4.061069287205716,81.56424581005587,1.0,Low
Gulod,4,1,1,4987.5,Active,High,63651,36.28013531452062,1.773208403952544,4.917440417275455,85.99779492833517,1.0,High
Gulod,6,2,2,2769.4444444444,Active,Middle,63651,36.28013531452062,1.773208403952544,4.917440417275455,85.99779492833517,1.0,Middle
San Agustin,7,3,3,3385.7142857143,Active,High,26034,24.863309352517984,2.6779727864326563,8.873012214796036,86.71875,1.0,Middle
Santa Monica,6,4,4,3733.3333333333,Active,High,52203,90.8422899758719,0.7118879499942123,4.061069287205716,81.56424581005587,1.0,Middle
Gulod,4,2,2,7104.1666666667,Active,High,63651,36.28013531452062,1.773208403952544,4.917440417275455,85.99779492833517,1.0,High
Gulod,3,2,1,6483.3333333333,Active,High,63651,36.28013531452062,1.773208403952544,4.917440417275455,85.99779492833517,0.5,High
San Agustin,4,3,1,4191.6666666667,Active,High,26034,24.863309352517984,2.6779727864326563,8.873012214796036,86.71875,0.3333333333333333,Low
Gulod,4,3,2,4504.1666666667,Active,High,63651,36.28013531452062,1.773208403952544,4.917440417275455,85.99779492833517,0.6666666666666666,High
Santa Monica,10,3,1,1300.0,Active,Low,52203,90.8422899758719,0.7118879499942123,4.061069287205716,81.56424581005587,0.3333333333333333,Low
Santa Monica,6,4,4,2512.7777777778,Active,Middle,52203,90.8422899758719,0.7118879499942123,4.061069287205716,81.56424581005587,1.0,Middle
Santa Monica,5,3,2,4923.3333333333,Active,High,52203,90.8422899758719,0.7118879499942123,4.061069287205716,81.56424581005587,0.6666666666666666,Low
Santa Monica,8,3,3,1639.5833333333,Active,Low,52203,90.8422899758719,0.7118879499942123,4.061069287205716,81.56424581005587,1.0,Low
Santa Lucia,4,2,2,2712.5,Active,Middle,28974,54.742576372569964,2.690058479532164,7.24787740733071,82.38636363636364,1.0,Middle
Santa Lucia,5,4,3,5800.0,Inactive,High,28974,54.742576372569964,2.690058479532164,7.24787740733071,82.38636363636364,0.75,High
Santa Lucia,3,1,1,2425.0,Active,Middle,28974,54.742576372569964,2.690058479532164,7.24787740733071,82.38636363636364,1.0,High
Gulod,5,1,1,4680.0,Active,High,63651,36.28013531452062,1.773208403952544,4.917440417275455,85.99779492833517,1.0,High
Santa Lucia,6,2,1,2613.8888888889,Delisted,Middle,28974,54.742576372569964,2.690058479532164,7.24787740733071,82.38636363636364,0.5,High
Capri,3,1,1,4922.2222222222,Active,High,12940,10.466108929486087,0.2867550182128187,,84.23236514522821,1.0,High
Santa Monica,5,3,3,32190.0,Active,High,52203,90.8422899758719,0.7118879499942123,4.061069287205716,81.56424581005587,1.0,Low
Capri,3,2,2,4080.5555555556,Active,High,12940,10.466108929486087,0.2867550182128187,,84.23236514522821,1.0,High
Capri,4,2,2,6377.5,Active,High,12940,10.466108929486087,0.2867550182128187,,84.23236514522821,1.0,High
Gulod,5,4,3,2856.6666666667,Active,Middle,63651,36.28013531452062,1.773208403952544,4.917440417275455,85.99779492833517,0.75,Low
Santa Monica,4,2,2,3718.3333333333,Active,High,52203,90.8422899758719,0.7118879499942123,4.061069287205716,81.56424581005587,1.0,Low
Santa Monica,5,1,1,2941.3333333333,Active,Middle,52203,90.8422899758719,0.7118879499942123,4.061069287205716,81.56424581005587,1.0,Low
Capri,5,2,1,2093.3333333333,Active,Low,12940,10.466108929486087,0.2867550182128187,,84.23236514522821,0.5,Low
Santa Monica,6,4,4,2913.8888888889,Active,Middle,52203,90.8422899758719,0.7118879499942123,4.061069287205716,81.56424581005587,1.0,Middle
Capri,4,2,1,6387.5,Active,High,12940,10.466108929486087,0.2867550182128187,,84.23236514522821,0.5,High
Capri,5,3,3,5857.3333333333,Active,High,12940,10.466108929486087,0.2867550182128187,,84.23236514522821,1.0,High
Capri,5,3,3,3610.0,Active,High,12940,10.466108929486087,0.2867550182128187,,84.23236514522821,1.0,High
Capri,5,2,2,1770.0,Active,Low,12940,10.466108929486087,0.2867550182128187,,84.23236514522821,1.0,Low
Capri,5,4,4,4290.0,Active,High,12940,10.466108929486087,0.2867550182128187,,84.23236514522821,1.0,Low
Capri,5,3,3,4620.0,Active,High,12940,10.466108929486087,0.2867550182128187,,84.23236514522821,1.0,High
Capri,6,2,2,3200.0,Active,High,12940,10.466108929486087,0.2867550182128187,,84.23236514522821,1.0,Low
Capri,6,4,4,1855.5555555556,Active,Low,12940,10.466108929486087,0.2867550182128187,,84.23236514522821,1.0,Low
Capri,6,3,3,1516.6666666667,Active,Low,12940,10.466108929486087,0.2867550182128187,,84.23236514522821,1.0,Low
Bagbag,5,2,2,2503.3333333333,Active,Middle,66268,70.79821644887755,2.497950597806753,4.783605963662703,85.5813953488372,1.0,High
Bagbag,6,3,3,3866.6666666667,Active,High,66268,70.79821644887755,2.497950597806753,4.783605963662703,85.5813953488372,1.0,Middle
Bagbag,5,1,1,5526.0,Active,High,66268,70.79821644887755,2.497950597806753,4.783605963662703,85.5813953488372,1.0,High
Santa Monica,6,3,2,3347.2222222222,Active,High,52203,90.8422899758719,0.7118879499942123,4.061069287205716,81.56424581005587,0.6666666666666666,Low
Santa Monica,4,2,2,6670.8333333333,Active,High,52203,90.8422899758719,0.7118879499942123,4.061069287205716,81.56424581005587,1.0,Low
Santa Monica,6,2,1,1352.7777777778,Active,Low,52203,90.8422899758719,0.7118879499942123,4.061069287205716,81.56424581005587,0.5,Low
San Agustin,9,4,2,3422.2222222222,Active,High,26034,24.863309352517984,2.6779727864326563,8.873012214796036,86.71875,0.5,High
Gulod,8,3,2,1733.3333333333,Active,Low,63651,36.28013531452062,1.773208403952544,4.917440417275455,85.99779492833517,0.6666666666666666,Low
San Agustin,3,2,1,8355.5555555556,Active,High,26034,24.863309352517984,2.6779727864326563,8.873012214796036,86.71875,0.5,High
Bagbag,6,4,3,2552.7777777778,Active,Middle,66268,70.79821644887755,2.497950597806753,4.783605963662703,85.5813953488372,0.75,Middle
Gulod,5,3,3,5070.0,Active,High,63651,36.28013531452062,1.773208403952544,4.917440417275455,85.99779492833517,1.0,Middle
Gulod,5,3,3,4713.3333333333,Active,High,63651,36.28013531452062,1.773208403952544,4.917440417275455,85.99779492833517,1.0,Middle
Capri,6,1,1,3275.0,Active,High,12940,10.466108929486087,0.2867550182128187,,84.23236514522821,1.0,Low
Santa Monica,4,2,2,3642.5,Active,High,52203,90.8422899758719,0.7118879499942123,4.061069287205716,81.56424581005587,1.0,Low
Bagbag,10,3,2,2781.6666666667,Active,Middle,66268,70.79821644887755,2.497950597806753,4.783605963662703,85.5813953488372,0.6666666666666666,Middle
Capri,5,3,3,2880.0,Active,Middle,12940,10.466108929486087,0.2867550182128187,,84.23236514522821,1.0,High
San Agustin,6,3,2,2611.1111111111,Active,Middle,26034,24.863309352517984,2.6779727864326563,8.873012214796036,86.71875,0.6666666666666666,High
Gulod,4,3,2,2250.0,Active,Middle,63651,36.28013531452062,1.773208403952544,4.917440417275455,85.99779492833517,0.6666666666666666,High
Pasong Putik Proper,8,5,3,2239.5833333333,Active,Middle,40919,96.68813689675062,2.5641668337677963,3.690217258486278,79.58477508650519,0.6,Middle
San Agustin,5,2,1,1673.3333333333,Active,Low,26034,24.863309352517984,2.6779727864326563,8.873012214796036,86.71875,0.5,Low
Capri,6,3,3,3341.6666666667,Active,High,12940,10.466108929486087,0.2867550182128187,,84.23236514522821,1.0,Low
Gulod,4,3,2,3370.8333333333,Active,High,63651,36.28013531452062,1.773208403952544,4.917440417275455,85.99779492833517,0.6666666666666666,High
San Agustin,4,3,3,3358.3333333333,Active,High,26034,24.863309352517984,2.6779727864326563,8.873012214796036,86.71875,1.0,High
Gulod,6,4,2,4569.4444444444,Active,High,63651,36.28013531452062,1.773208403952544,4.917440417275455,85.99779492833517,0.5,Low
Gulod,5,4,2,766.66666666667,Active,Low,63651,36.28013531452062,1.773208403952544,4.917440417275455,85.99779492833517,0.5,Low
Capri,6,4,3,3721.6666666667,Active,High,12940,10.466108929486087,0.2867550182128187,,84.23236514522821,0.75,Middle
San Agustin,5,4,3,3486.6666666667,Active,High,26034,24.863309352517984,2.6779727864326563,8.873012214796036,86.71875,0.75,Low
Pasong Putik Proper,9,3,3,2725.0,Active,Middle,40919,96.68813689675062,2.5641668337677963,3.690217258486278,79.58477508650519,1.0,Middle
Gulod,5,3,2,4136.6666666667,Active,High,63651,36.28013531452062,1.773208403952544,4.917440417275455,85.99779492833517,0.6666666666666666,High
Bagbag,5,4,3,3286.6666666667,Active,High,66268,70.79821644887755,2.497950597806753,4.783605963662703,85.5813953488372,0.75,Middle
Gulod,5,3,3,1716.6666666667,Active,Low,63651,36.28013531452062,1.773208403952544,4.917440417275455,85.99779492833517,1.0,Middle
Gulod,6,3,3,1144.4444444444,Active,Low,63651,36.28013531452062,1.773208403952544,4.917440417275455,85.99779492833517,1.0,Middle
Gulod,5,3,3,5023.3333333333,Active,High,63651,36.28013531452062,1.773208403952544,4.917440417275455,85.99779492833517,1.0,Middle
Gulod,5,2,2,5393.3333333333,Active,High,63651,36.28013531452062,1.773208403952544,4.917440417275455,85.99779492833517,1.0,High
San Agustin,6,2,1,4872.2222222222,Active,High,26034,24.863309352517984,2.6779727864326563,8.873012214796036,86.71875,0.5,Low
Gulod,4,4,3,3875.0,Active,High,63651,36.28013531452062,1.773208403952544,4.917440417275455,85.99779492833517,0.75,Low
Capri,6,3,3,4386.1111111111,Active,High,12940,10.466108929486087,0.2867550182128187,,84.23236514522821,1.0,Low
San Agustin,7,4,4,2923.8095238095,Active,Middle,26034,24.863309352517984,2.6779727864326563,8.873012214796036,86.71875,1.0,Middle
Gulod,11,5,4,1636.3636363636,Active,Low,63651,36.28013531452062,1.773208403952544,4.917440417275455,85.99779492833517,0.8,Low
Santa Monica,6,4,3,3546.6666666667,Active,High,52203,90.8422899758719,0.7118879499942123,4.061069287205716,81.56424581005587,0.75,Low
Pasong Putik Proper,7,3,2,773.80952380952,Active,Low,40919,96.68813689675062,2.5641668337677963,3.690217258486278,79.58477508650519,0.6666666666666666,Low
Gulod,5,3,2,5000.0,Active,High,63651,36.28013531452062,1.773208403952544,4.917440417275455,85.99779492833517,0.6666666666666666,High
San Agustin,6,3,3,3077.7777777778,Active,Middle,26034,24.863309352517984,2.6779727864326563,8.873012214796036,86.71875,1.0,Middle
Gulod,6,4,3,3491.6666666667,Active,High,63651,36.28013531452062,1.773208403952544,4.917440417275455,85.99779492833517,0.75,Middle
Gulod,6,3,3,2288.8888888889,Active,Middle,63651,36.28013531452062,1.773208403952544,4.917440417275455,85.99779492833517,1.0,Middle
Gulod,5,2,1,2023.3333333333,Active,Low,63651,36.28013531452062,1.773208403952544,4.917440417275455,85.99779492833517,0.5,Low
San Agustin,3,1,1,5566.6666666667,Active,High,26034,24.863309352517984,2.6779727864326563,8.873012214796036,86.71875,1.0,High
Gulod,5,4,2,1236.6666666667,Active,Low,63651,36.28013531452062,1.773208403952544,4.917440417275455,85.99779492833517,0.5,Low
Santa Monica,6,4,3,2675.0,Active,Middle,52203,90.8422899758719,0.7118879499942123,4.061069287205716,81.56424581005587,0.75,Low
San Agustin,6,3,3,4705.5555555556,Active,High,26034,24.863309352517984,2.6779727864326563,8.873012214796036,86.71875,1.0,Middle
San Agustin,3,1,1,7766.6666666667,Active,High,26034,24.863309352517984,2.6779727864326563,8.873012214796036,86.71875,1.0,High
North Fairview,10,5,5,1260.0,Active,Low,47019,187.98309548600477,5.879571248423708,4.211063612582148,76.92307692307693,1.0,Low
San Agustin,4,1,1,4091.6666666667,Active,High,26034,24.863309352517984,2.6779727864326563,8.873012214796036,86.71875,1.0,High
Gulod,7,4,3,383.33333333333,Active,Low,63651,36.28013531452062,1.773208403952544,4.917440417275455,85.99779492833517,0.75,Middle
Gulod,7,3,3,4882.8571428571,Active,High,63651,36.28013531452062,1.773208403952544,4.917440417275455,85.99779492833517,1.0,Middle
Gulod,4,2,2,4258.3333333333,Active,High,63651,36.28013531452062,1.773208403952544,4.917440417275455,85.99779492833517,1.0,High
Gulod,5,3,3,6970.0,Active,High,63651,36.28013531452062,1.773208403952544,4.917440417275455,85.99779492833517,1.0,Middle
San Agustin,9,4,3,2100.0,Active,Low,26034,24.863309352517984,2.6779727864326563,8.873012214796036,86.71875,0.75,Low
Gulod,5,3,3,4526.6666666667,Active,High,63651,36.28013531452062,1.773208403952544,4.917440417275455,85.99779492833517,1.0,Middle
San Agustin,6,3,2,3963.3333333333,Active,High,26034,24.863309352517984,2.6779727864326563,8.873012214796036,86.71875,0.6666666666666666,High
Gulod,8,3,3,1839.5833333333,Active,Low,63651,36.28013531452062,1.773208403952544,4.917440417275455,85.99779492833517,1.0,Low
Gulod,6,3,3,1169.4444444444,Active,Low,63651,36.28013531452062,1.773208403952544,4.917440417275455,85.99779492833517,1.0,Middle
Capri,6,3,2,1316.6666666667,Active,Low,12940,10.466108929486087,0.2867550182128187,,84.23236514522821,0.6666666666666666,Middle
Capri,6,3,3,3026.3888888889,Active,Middle,12940,10.466108929486087,0.2867550182128187,,84.23236514522821,1.0,Low
Gulod,9,6,5,2783.3333333333,Active,Middle,63651,36.28013531452062,1.773208403952544,4.917440417275455,85.99779492833517,0.8333333333333334,Middle
Gulod,5,2,2,3110.0,Active,Middle,63651,36.28013531452062,1.773208403952544,4.917440417275455,85.99779492833517,1.0,High
Gulod,4,2,2,9000.0,Active,High,63651,36.28013531452062,1.773208403952544,4.917440417275455,85.99779492833517,1.0,High
Capri,7,3,3,2141.6666666667,Active,Low,12940,10.466108929486087,0.2867550182128187,,84.23236514522821,1.0,Low
San Agustin,4,4,3,3750.0,Active,High,26034,24.863309352517984,2.6779727864326563,8.873012214796036,86.71875,0.75,Middle
Pasong Putik Proper,5,2,2,4260.0,Active,High,40919,96.68813689675062,2.5641668337677963,3.690217258486278,79.58477508650519,1.0,High
Capri,6,3,3,4016.6666666667,Active,High,12940,10.466108929486087,0.2867550182128187,,84.23236514522821,1.0,Low
Gulod,8,4,4,989.58333333333,Active,Low,63651,36.28013531452062,1.773208403952544,4.917440417275455,85.99779492833517,1.0,Low
Capri,6,1,1,5700.0,Active,High,12940,10.466108929486087,0.2867550182128187,,84.23236514522821,1.0,Low
Capri,7,4,3,3031.6666666667,Active,Middle,12940,10.466108929486087,0.2867550182128187,,84.23236514522821,0.75,Middle
Capri,7,4,3,4280.9523809524,Active,High,12940,10.466108929486087,0.2867550182128187,,84.23236514522821,0.75,Middle
Capri,8,4,4,2337.5,Active,Middle,12940,10.466108929486087,0.2867550182128187,,84.23236514522821,1.0,Middle
Capri,9,5,2,1650.0,Active,Low,12940,10.466108929486087,0.2867550182128187,,84.23236514522821,0.4,Low
Capri,10,1,1,2306.6666666667,Active,Middle,12940,10.466108929486087,0.2867550182128187,,84.23236514522821,1.0,Middle
Capri,4,2,2,3925.0,Delisted,High,12940,10.466108929486087,0.2867550182128187,,84.23236514522821,1.0,Middle
Capri,8,3,1,1690.625,Active,Low,12940,10.466108929486087,0.2867550182128187,,84.23236514522821,0.3333333333333333,Low
Capri,8,2,2,4006.6666666667,Active,High,12940,10.466108929486087,0.2867550182128187,,84.23236514522821,1.0,Middle
Capri,9,5,5,3851.8518518519,Active,High,12940,10.466108929486087,0.2867550182128187,,84.23236514522821,1.0,High
Capri,8,2,2,2606.25,Active,Middle,12940,10.466108929486087,0.2867550182128187,,84.23236514522821,1.0,Middle
Capri,5,3,3,3560.0,Active,High,12940,10.466108929486087,0.2867550182128187,,84.23236514522821,1.0,High
Capri,4,2,2,4375.0,Active,High,12940,10.466108929486087,0.2867550182128187,,84.23236514522821,1.0,High
Capri,13,1,0,4543.3333333333,Active,High,12940,10.466108929486087,0.2867550182128187,,84.23236514522821,0.0,High
Capri,3,3,2,5255.5555555556,Active,High,12940,10.466108929486087,0.2867550182128187,,84.23236514522821,0.6666666666666666,High
Gulod,4,4,1,3737.5,Active,High,63651,36.28013531452062,1.773208403952544,4.917440417275455,85.99779492833517,0.25,Low
Gulod,4,3,3,3670.8333333333,Active,High,63651,36.28013531452062,1.773208403952544,4.917440417275455,85.99779492833517,1.0,High
San Bartolome,9,3,3,3205.5555555556,Active,High,51472,38.59658570736173,0.6334558536013138,1.3988187752564503,83.91608391608392,1.0,High
San Agustin,5,2,1,3030.0,Active,Middle,26034,24.863309352517984,2.6779727864326563,8.873012214796036,86.71875,0.5,Low
Gulod,6,2,2,227.77777777778,Active,Low,63651,36.28013531452062,1.773208403952544,4.917440417275455,85.99779492833517,1.0,Middle
Bagbag,4,2,2,5833.3333333333,Delisted,High,66268,70.79821644887755,2.497950597806753,4.783605963662703,85.5813953488372,1.0,High
Capri,6,6,4,2000.0,Active,Low,12940,10.466108929486087,0.2867550182128187,,84.23236514522821,0.6666666666666666,Low
Santa Monica,3,2,0,1733.3333333333,Active,Low,52203,90.8422899758719,0.7118879499942123,4.061069287205716,81.56424581005587,0.0,Low
